Workbook

Sheet 0-MetaPro_2026
A1: Código Dpto | B1: Departamento | C1: Municipio | D1: Divipola | E1: Meta Programatica2026 (20251228) RN | F1: Meta Mensual RN | G1: Población meta programatica 2026 (20251228) menores 1 año | H1: Meta Mensual Menores de 1 año | I1: Población meta programatica2026 (20251228) niños de 1 año | J1: Meta mensual 100% | K1: POB. Susceptibles FIEBRE AMARILLA 01/01/2025 9m_23m | L1: Población meta programatica2026 (20251228) niños de 5 años | M1: Meta Mensual de 5 años | N1: Población VPH NIÑAS DE 9 AÑOS Est_Deno_20260317 | O1: Poblacion VPH Niños de 9 años Est_Deno_20260317 | P1: Poblacion DANE De 60 años y mas 30% | Q1: Columna1 | R1: DEPARTAMENTO | S1: CODEP | T1: Meta Programatica2026 (20251228) RN | U1: Poblaciòn Menor de 1 año (Meta Programática 2026) | V1: Poblaciòn de 1 año (Meta Programática 2026) | W1: Pob. 5 años (Meta Programática 2026) | X1: Poblacion de 9 años DANE NIÑAS | Y1: Poblacion de 9 años DANE NIÑOS | Z1: Poblacion de 10 años | AA1: Poblacion de 11 años | AB1: Poblacion de 12 años | AC1: Poblacion de 13 años | AD1: Poblacion de 14 años | AE1: Poblacion de 15 años | AF1: Poblacion de 16 años | AG1: Poblacion de 17 años | AI1: Codepmure | AK1: Total_60 AÑOS | AL1: Total_61 | AM1: Total_62 | AN1: Total_63 | AO1: Total_64 | AP1: Total_65 | AQ1: Total_66 | AR1: Total_67 | AS1: Total_68 | AT1: Total_69 | AU1: Total_70 | AV1: Total_71 | AW1: Total_72 | AX1: Total_73 | AY1: Total_74 | AZ1: Total_75 | BA1: Total_76 | BB1: Total_77 | BC1: Total_78 | BD1: Total_79 | BE1: Total_80 | BF1: Total_81 | BG1: Total_82 | BH1: Total_83 | BI1: Total_84 | BJ1: Total_85 y más | BK1: TOTAL 60 AÑOS Y MAS | BL1: POBLACION 60 AÑOS Y MAS (30%) DANE | BM1: 0.3 | BP1: POBLACION DE FLU 2025 MENORES 1 AÑO PARA 9 MESES | BQ1: POBLACION DE FLU 2025 GESTANTES PARA 9 MESES | BR1: POBLACION DE FLU 2025 ADULTOS 60 AÑOS Y MAS PARA 9 MESES | BS1: POBLACION DE FLU 2025 NIÑOS DE 12 A 23 MESES PARA 9 MESES | BT1: DOSIS APLICADAS INFLUENZA DE 6 MESES A 11 MESES 2a 2024 | BU1: DENOMINADOR ESPERADO PARA NIÑOS 12 A 23 MESES DOSIS UNICA | BX1: Población VPH NIÑAS DE 9 AÑOS Est_Deno_20260317 | BY1: Poblacion VPH Niños de 9 años Est_Deno_20260317
A2: 05 | B2: ANTIOQUIA | C2: MEDELLIN | D2: 05001 | E2: 25883 | F2: =Tabla1[[#This Row],[Meta Programatica2026 (20251228) RN]]/12 | G2: 17132 | H2: =Tabla1[[#This Row],[Población meta programatica 2026 (20251228) menores 1 año]]/12 | I2: 17429 | J2: =Tabla1[[#This Row],[Población meta programatica2026 (20251228) niños de 1 año]]/12 | K2: 23411 | L2: 22448 | M2: =Tabla1[[#This Row],[Población meta programatica2026 (20251228) niños de 5 años]]/12 | N2: =BX2 | O2: =BY2 | P2: =BL2 | R2: ANTIOQUIA | S2: 05 | T2: =SUMIF($A$2:$A$1123,S2,$E$2:$E$1123) | U2: =SUMIF($A$2:$A$1123,S2,$G$2:$G$1123) | V2: =SUMIF($A$2:$A$1123,S2,$I$2:$I$1123) | W2: =SUMIF($A$2:$A$1123,$S2,$L$2:$L$1123) | X2: =SUMIF($A$2:$A$1123,$S2,$N$2:$N$1123) | Y2: =SUMIF($A$2:$A$1123,$S2,$O$2:$O$1123) | AI2: 05001 | AJ2: =AI2=Tabla1[[#This Row],[Divipola]] | AK2: 31197 | AL2: 30703 | AM2: 29961 | AN2: 29092 | AO2: 28095 | AP2: 27005 | AQ2: 25899 | AR2: 24727 | AS2: 23488 | AT2: 22195 | AU2: 20892 | AV2: 19603 | AW2: 18303 | AX2: 17043 | AY2: 15768 | AZ2: 14550 | BA2: 13392 | BB2: 12252 | BC2: 11175 | BD2: 10115 | BE2: 9082 | BF2: 8094 | BG2: 7136 | BH2: 6252 | BI2: 5420 | BJ2: 26845 | BK2: =SUM(AK2:BJ2) | BL2: =INT(BK2*$BM$1) | BP2: =(Tabla1[[#This Row],[Población meta programatica 2026 (20251228) menores 1 año]]/12)*9 | BQ2: =BP2 | BS2: =(Tabla1[[#This Row],[Población meta programatica2026 (20251228) niños de 1 año]]/12)*9 | BT2: 10684 | BU2: =BS2-BT2 | BX2: 14750 | BY2: 15450 | BZ2: 05001 | CA2: =BZ2=Tabla1[[#This Row],[Divipola]]
A3: 05 | B3: ANTIOQUIA | C3: ABEJORRAL | D3: 05002 | E3: 51 | F3: =Tabla1[[#This Row],[Meta Programatica2026 (20251228) RN]]/12 | G3: 115 | H3: =Tabla1[[#This Row],[Población meta programatica 2026 (20251228) menores 1 año]]/12 | I3: 137 | J3: =Tabla1[[#This Row],[Población meta programatica2026 (20251228) niños de 1 año]]/12 | K3: 183 | L3: 163 | M3: =Tabla1[[#This Row],[Población meta programatica2026 (20251228) niños de 5 años]]/12 | N3: =BX3 | O3: =BY3 | P3: =BL3 | R3: ATLANTICO | S3: 08 | T3: =SUMIF($A$2:$A$1123,S3,$E$2:$E$1123) | U3: =SUMIF($A$3:$A$1122,S3,$G$3:$G$1122) | V3: =SUMIF($A$3:$A$1122,S3,$I$3:$I$1122) | W3: =SUMIF($A$2:$A$1123,$S3,$L$2:$L$1123) | X3: =SUMIF($A$2:$A$1123,$S3,$N$2:$N$1123) | Y3: =SUMIF($A$2:$A$1123,$S3,$O$2:$O$1123) | AI3: 05002 | AJ3: =AI3=Tabla1[[#This Row],[Divipola]] | AK3: 298 | AL3: 307 | AM3: 301 | AN3: 295 | AO3: 287 | AP3: 277 | AQ3: 264 | AR3: 248 | AS3: 234 | AT3: 224 | AU3: 207 | AV3: 192 | AW3: 183 | AX3: 175 | AY3: 165 | AZ3: 151 | BA3: 138 | BB3: 133 | BC3: 122 | BD3: 108 | BE3: 98 | BF3: 91 | BG3: 80 | BH3: 68 | BI3: 59 | BJ3: 253 | BK3: =SUM(AK3:BJ3) | BL3: =INT(BK3*$BM$1) | BP3: =(Tabla1[[#This Row],[Población meta programatica 2026 (20251228) menores 1 año]]/12)*9 | BQ3: =BP3 | BS3: =(Tabla1[[#This Row],[Población meta programatica2026 (20251228) niños de 1 año]]/12)*9 | BT3: 80 | BU3: =BS3-BT3 | BX3: 112 | BY3: 108 | BZ3: 05002 | CA3: =BZ3=Tabla1[[#This Row],[Divipola]]
A4: 05 | B4: ANTIOQUIA | C4: ABRIAQUI | D4: 05004 | E4: 2 | F4: =Tabla1[[#This Row],[Meta Programatica2026 (20251228) RN]]/12 | G4: 12 | H4: =Tabla1[[#This Row],[Población meta programatica 2026 (20251228) menores 1 año]]/12 | I4: 13 | J4: =Tabla1[[#This Row],[Población meta programatica2026 (20251228) niños de 1 año]]/12 | K4: 21 | L4: 21 | M4: =Tabla1[[#This Row],[Población meta programatica2026 (20251228) niños de 5 años]]/12 | N4: =BX4 | O4: =BY4 | P4: =BL4 | R4: BARRANQUILLA | S4: 08001 | T4: =SUMIF($A$2:$A$1123,S4,$E$2:$E$1123) | U4: =SUMIF($D$3:$D$1122,S4,$G$3:$G$1122) | V4: =SUMIF($D$3:$D$1122,S4,$I$3:$I$1122) | W4: =SUMIF($D$3:$D$1122,$S4,$L$3:$L$1122) | X4: =SUMIF($A$2:$A$1123,$S4,$N$2:$N$1123) | Y4: =SUMIF($A$2:$A$1123,$S4,$O$2:$O$1123) | AI4: 05004 | AJ4: =AI4=Tabla1[[#This Row],[Divipola]] | AK4: 33 | AL4: 28 | AM4: 31 | AN4: 28 | AO4: 29 | AP4: 29 | AQ4: 29 | AR4: 25 | AS4: 23 | AT4: 27 | AU4: 23 | AV4: 25 | AW4: 24 | AX4: 20 | AY4: 22 | AZ4: 20 | BA4: 20 | BB4: 16 | BC4: 17 | BD4: 16 | BE4: 13 | BF4: 16 | BG4: 14 | BH4: 12 | BI4: 10 | BJ4: 34 | BK4: =SUM(AK4:BJ4) | BL4: =INT(BK4*$BM$1) | BP4: =(Tabla1[[#This Row],[Población meta programatica 2026 (20251228) menores 1 año]]/12)*9 | BQ4: =BP4 | BS4: =(Tabla1[[#This Row],[Población meta programatica2026 (20251228) niños de 1 año]]/12)*9 | BT4: 6 | BU4: =BS4-BT4 | BX4: 11 | BY4: 15 | BZ4: 05004 | CA4: =BZ4=Tabla1[[#This Row],[Divipola]]
A5: 05 | B5: ANTIOQUIA | C5: ALEJANDRIA | D5: 05021 | E5: 6 | F5: =Tabla1[[#This Row],[Meta Programatica2026 (20251228) RN]]/12 | G5: 30 | H5: =Tabla1[[#This Row],[Población meta programatica 2026 (20251228) menores 1 año]]/12 | I5: 28 | J5: =Tabla1[[#This Row],[Población meta programatica2026 (20251228) niños de 1 año]]/12 | K5: 37 | L5: 43 | M5: =Tabla1[[#This Row],[Población meta programatica2026 (20251228) niños de 5 años]]/12 | N5: =BX5 | O5: =BY5 | P5: =BL5 | R5: BOGOTA | S5: 11 | T5: =SUMIF($A$2:$A$1123,S5,$E$2:$E$1123) | U5: =SUMIF($A$3:$A$1122,S5,$G$3:$G$1122) | V5: =SUMIF($A$3:$A$1122,S5,$I$3:$I$1122) | W5: =SUMIF($A$2:$A$1123,$S5,$L$2:$L$1123) | X5: =SUMIF($A$2:$A$1123,$S5,$N$2:$N$1123) | Y5: =SUMIF($A$2:$A$1123,$S5,$O$2:$O$1123) | AI5: 05021 | AJ5: =AI5=Tabla1[[#This Row],[Divipola]] | AK5: 62 | AL5: 57 | AM5: 61 | AN5: 56 | AO5: 56 | AP5: 51 | AQ5: 48 | AR5: 48 | AS5: 47 | AT5: 43 | AU5: 42 | AV5: 41 | AW5: 41 | AX5: 40 | AY5: 36 | AZ5: 34 | BA5: 38 | BB5: 31 | BC5: 34 | BD5: 27 | BE5: 29 | BF5: 21 | BG5: 20 | BH5: 15 | BI5: 16 | BJ5: 73 | BK5: =SUM(AK5:BJ5) | BL5: =INT(BK5*$BM$1) | BP5: =(Tabla1[[#This Row],[Población meta programatica 2026 (20251228) menores 1 año]]/12)*9 | BQ5: =BP5 | BS5: =(Tabla1[[#This Row],[Población meta programatica2026 (20251228) niños de 1 año]]/12)*9 | BT5: 12 | BU5: =BS5-BT5 | BX5: 29 | BY5: 31 | BZ5: 05021 | CA5: =BZ5=Tabla1[[#This Row],[Divipola]]
A6: 05 | B6: ANTIOQUIA | C6: AMAGA | D6: 05030 | E6: 39 | F6: =Tabla1[[#This Row],[Meta Programatica2026 (20251228) RN]]/12 | G6: 189 | H6: =Tabla1[[#This Row],[Población meta programatica 2026 (20251228) menores 1 año]]/12 | I6: 205 | J6: =Tabla1[[#This Row],[Población meta programatica2026 (20251228) niños de 1 año]]/12 | K6: 273 | L6: 236 | M6: =Tabla1[[#This Row],[Población meta programatica2026 (20251228) niños de 5 años]]/12 | N6: =BX6 | O6: =BY6 | P6: =BL6 | R6: BOLIVAR | S6: 13 | T6: =SUMIF($A$2:$A$1123,S6,$E$2:$E$1123) | U6: =SUMIF($A$3:$A$1122,S6,$G$3:$G$1122) | V6: =SUMIF($A$3:$A$1122,S6,$I$3:$I$1122) | W6: =SUMIF($A$2:$A$1123,$S6,$L$2:$L$1123) | X6: =SUMIF($A$2:$A$1123,$S6,$N$2:$N$1123) | Y6: =SUMIF($A$2:$A$1123,$S6,$O$2:$O$1123) | AI6: 05030 | AJ6: =AI6=Tabla1[[#This Row],[Divipola]] | AK6: 406 | AL6: 400 | AM6: 385 | AN6: 370 | AO6: 351 | AP6: 337 | AQ6: 318 | AR6: 299 | AS6: 282 | AT6: 265 | AU6: 249 | AV6: 231 | AW6: 218 | AX6: 202 | AY6: 180 | AZ6: 171 | BA6: 151 | BB6: 141 | BC6: 125 | BD6: 116 | BE6: 103 | BF6: 96 | BG6: 80 | BH6: 75 | BI6: 61 | BJ6: 319 | BK6: =SUM(AK6:BJ6) | BL6: =INT(BK6*$BM$1) | BP6: =(Tabla1[[#This Row],[Población meta programatica 2026 (20251228) menores 1 año]]/12)*9 | BQ6: =BP6 | BS6: =(Tabla1[[#This Row],[Población meta programatica2026 (20251228) niños de 1 año]]/12)*9 | BT6: 127 | BU6: =BS6-BT6 | BX6: 136 | BY6: 150 | BZ6: 05030 | CA6: =BZ6=Tabla1[[#This Row],[Divipola]]
A7: 05 | B7: ANTIOQUIA | C7: AMALFI | D7: 05031 | E7: 55 | F7: =Tabla1[[#This Row],[Meta Programatica2026 (20251228) RN]]/12 | G7: 224 | H7: =Tabla1[[#This Row],[Población meta programatica 2026 (20251228) menores 1 año]]/12 | I7: 245 | J7: =Tabla1[[#This Row],[Población meta programatica2026 (20251228) niños de 1 año]]/12 | K7: 362 | L7: 274 | M7: =Tabla1[[#This Row],[Población meta programatica2026 (20251228) niños de 5 años]]/12 | N7: =BX7 | O7: =BY7 | P7: =BL7 | R7: CARTAGENA | S7: 13001 | T7: =SUMIF($A$2:$A$1123,S7,$E$2:$E$1123) | U7: =SUMIF($D$3:$D$1122,S7,$G$3:$G$1122) | V7: =SUMIF($D$3:$D$1122,S7,$I$3:$I$1122) | W7: =SUMIF($D$3:$D$1122,$S7,$L$3:$L$1122) | X7: =SUMIF($A$2:$A$1123,$S7,$N$2:$N$1123) | Y7: =SUMIF($A$2:$A$1123,$S7,$O$2:$O$1123) | AI7: 05031 | AJ7: =AI7=Tabla1[[#This Row],[Divipola]] | AK7: 267 | AL7: 260 | AM7: 256 | AN7: 249 | AO7: 238 | AP7: 231 | AQ7: 227 | AR7: 214 | AS7: 205 | AT7: 193 | AU7: 183 | AV7: 171 | AW7: 156 | AX7: 146 | AY7: 135 | AZ7: 123 | BA7: 114 | BB7: 104 | BC7: 96 | BD7: 85 | BE7: 80 | BF7: 71 | BG7: 64 | BH7: 59 | BI7: 51 | BJ7: 250 | BK7: =SUM(AK7:BJ7) | BL7: =INT(BK7*$BM$1) | BP7: =(Tabla1[[#This Row],[Población meta programatica 2026 (20251228) menores 1 año]]/12)*9 | BQ7: =BP7 | BS7: =(Tabla1[[#This Row],[Población meta programatica2026 (20251228) niños de 1 año]]/12)*9 | BT7: 172 | BU7: =BS7-BT7 | BX7: 150 | BY7: 186 | BZ7: 05031 | CA7: =BZ7=Tabla1[[#This Row],[Divipola]]
A8: 05 | B8: ANTIOQUIA | C8: ANDES | D8: 05034 | E8: 67 | F8: =Tabla1[[#This Row],[Meta Programatica2026 (20251228) RN]]/12 | G8: 284 | H8: =Tabla1[[#This Row],[Población meta programatica 2026 (20251228) menores 1 año]]/12 | I8: 324 | J8: =Tabla1[[#This Row],[Población meta programatica2026 (20251228) niños de 1 año]]/12 | K8: 406 | L8: 377 | M8: =Tabla1[[#This Row],[Población meta programatica2026 (20251228) niños de 5 años]]/12 | N8: =BX8 | O8: =BY8 | P8: =BL8 | R8: BOYACA | S8: 15 | T8: =SUMIF($A$2:$A$1123,S8,$E$2:$E$1123) | U8: =SUMIF($A$3:$A$1122,S8,$G$3:$G$1122) | V8: =SUMIF($A$3:$A$1122,S8,$I$3:$I$1122) | W8: =SUMIF($A$2:$A$1123,$S8,$L$2:$L$1123) | X8: =SUMIF($A$2:$A$1123,$S8,$N$2:$N$1123) | Y8: =SUMIF($A$2:$A$1123,$S8,$O$2:$O$1123) | AI8: 05034 | AJ8: =AI8=Tabla1[[#This Row],[Divipola]] | AK8: 558 | AL8: 560 | AM8: 561 | AN8: 542 | AO8: 526 | AP8: 507 | AQ8: 488 | AR8: 468 | AS8: 438 | AT8: 420 | AU8: 389 | AV8: 360 | AW8: 334 | AX8: 311 | AY8: 275 | AZ8: 252 | BA8: 227 | BB8: 211 | BC8: 186 | BD8: 165 | BE8: 146 | BF8: 131 | BG8: 114 | BH8: 101 | BI8: 85 | BJ8: 435 | BK8: =SUM(AK8:BJ8) | BL8: =INT(BK8*$BM$1) | BP8: =(Tabla1[[#This Row],[Población meta programatica 2026 (20251228) menores 1 año]]/12)*9 | BQ8: =BP8 | BS8: =(Tabla1[[#This Row],[Población meta programatica2026 (20251228) niños de 1 año]]/12)*9 | BT8: 240 | BU8: =BS8-BT8 | BX8: 245 | BY8: 258 | BZ8: 05034 | CA8: =BZ8=Tabla1[[#This Row],[Divipola]]
A9: 05 | B9: ANTIOQUIA | C9: ANGELOPOLIS | D9: 05036 | E9: 6 | F9: =Tabla1[[#This Row],[Meta Programatica2026 (20251228) RN]]/12 | G9: 28 | H9: =Tabla1[[#This Row],[Población meta programatica 2026 (20251228) menores 1 año]]/12 | I9: 32 | J9: =Tabla1[[#This Row],[Población meta programatica2026 (20251228) niños de 1 año]]/12 | K9: 53 | L9: 42 | M9: =Tabla1[[#This Row],[Población meta programatica2026 (20251228) niños de 5 años]]/12 | N9: =BX9 | O9: =BY9 | P9: =BL9 | R9: CALDAS | S9: 17 | T9: =SUMIF($A$2:$A$1123,S9,$E$2:$E$1123) | U9: =SUMIF($A$3:$A$1122,S9,$G$3:$G$1122) | V9: =SUMIF($A$3:$A$1122,S9,$I$3:$I$1122) | W9: =SUMIF($A$2:$A$1123,$S9,$L$2:$L$1123) | X9: =SUMIF($A$2:$A$1123,$S9,$N$2:$N$1123) | Y9: =SUMIF($A$2:$A$1123,$S9,$O$2:$O$1123) | AI9: 05036 | AJ9: =AI9=Tabla1[[#This Row],[Divipola]] | AK9: 81 | AL9: 79 | AM9: 80 | AN9: 74 | AO9: 74 | AP9: 69 | AQ9: 61 | AR9: 61 | AS9: 56 | AT9: 55 | AU9: 50 | AV9: 50 | AW9: 52 | AX9: 45 | AY9: 42 | AZ9: 41 | BA9: 39 | BB9: 33 | BC9: 31 | BD9: 26 | BE9: 25 | BF9: 23 | BG9: 20 | BH9: 18 | BI9: 12 | BJ9: 71 | BK9: =SUM(AK9:BJ9) | BL9: =INT(BK9*$BM$1) | BP9: =(Tabla1[[#This Row],[Población meta programatica 2026 (20251228) menores 1 año]]/12)*9 | BQ9: =BP9 | BS9: =(Tabla1[[#This Row],[Población meta programatica2026 (20251228) niños de 1 año]]/12)*9 | BT9: 23 | BU9: =BS9-BT9 | BX9: 28 | BY9: 34 | BZ9: 05036 | CA9: =BZ9=Tabla1[[#This Row],[Divipola]]
A10: 05 | B10: ANTIOQUIA | C10: ANGOSTURA | D10: 05038 | E10: 17 | F10: =Tabla1[[#This Row],[Meta Programatica2026 (20251228) RN]]/12 | G10: 63 | H10: =Tabla1[[#This Row],[Población meta programatica 2026 (20251228) menores 1 año]]/12 | I10: 75 | J10: =Tabla1[[#This Row],[Población meta programatica2026 (20251228) niños de 1 año]]/12 | K10: 113 | L10: 115 | M10: =Tabla1[[#This Row],[Población meta programatica2026 (20251228) niños de 5 años]]/12 | N10: =BX10 | O10: =BY10 | P10: =BL10 | R10: CAQUETA | S10: 18 | T10: =SUMIF($A$2:$A$1123,S10,$E$2:$E$1123) | U10: =SUMIF($A$3:$A$1122,S10,$G$3:$G$1122) | V10: =SUMIF($A$3:$A$1122,S10,$I$3:$I$1122) | W10: =SUMIF($A$2:$A$1123,$S10,$L$2:$L$1123) | X10: =SUMIF($A$2:$A$1123,$S10,$N$2:$N$1123) | Y10: =SUMIF($A$2:$A$1123,$S10,$O$2:$O$1123) | AI10: 05038 | AJ10: =AI10=Tabla1[[#This Row],[Divipola]] | AK10: 135 | AL10: 131 | AM10: 131 | AN10: 128 | AO10: 119 | AP10: 118 | AQ10: 112 | AR10: 107 | AS10: 101 | AT10: 98 | AU10: 88 | AV10: 86 | AW10: 76 | AX10: 69 | AY10: 67 | AZ10: 58 | BA10: 54 | BB10: 50 | BC10: 43 | BD10: 41 | BE10: 35 | BF10: 33 | BG10: 29 | BH10: 25 | BI10: 23 | BJ10: 112 | BK10: =SUM(AK10:BJ10) | BL10: =INT(BK10*$BM$1) | BP10: =(Tabla1[[#This Row],[Población meta programatica 2026 (20251228) menores 1 año]]/12)*9 | BQ10: =BP10 | BS10: =(Tabla1[[#This Row],[Población meta programatica2026 (20251228) niños de 1 año]]/12)*9 | BT10: 45 | BU10: =BS10-BT10 | BX10: 103 | BY10: 103 | BZ10: 05038 | CA10: =BZ10=Tabla1[[#This Row],[Divipola]]
A11: 05 | B11: ANTIOQUIA | C11: ANORI | D11: 05040 | E11: 47 | F11: =Tabla1[[#This Row],[Meta Programatica2026 (20251228) RN]]/12 | G11: 187 | H11: =Tabla1[[#This Row],[Población meta programatica 2026 (20251228) menores 1 año]]/12 | I11: 189 | J11: =Tabla1[[#This Row],[Población meta programatica2026 (20251228) niños de 1 año]]/12 | K11: 275 | L11: 213 | M11: =Tabla1[[#This Row],[Población meta programatica2026 (20251228) niños de 5 años]]/12 | N11: =BX11 | O11: =BY11 | P11: =BL11 | R11: CAUCA | S11: 19 | T11: =SUMIF($A$2:$A$1123,S11,$E$2:$E$1123) | U11: =SUMIF($A$3:$A$1122,S11,$G$3:$G$1122) | V11: =SUMIF($A$3:$A$1122,S11,$I$3:$I$1122) | W11: =SUMIF($A$2:$A$1123,$S11,$L$2:$L$1123) | X11: =SUMIF($A$2:$A$1123,$S11,$N$2:$N$1123) | Y11: =SUMIF($A$2:$A$1123,$S11,$O$2:$O$1123) | AI11: 05040 | AJ11: =AI11=Tabla1[[#This Row],[Divipola]] | AK11: 145 | AL11: 141 | AM11: 135 | AN11: 127 | AO11: 127 | AP11: 122 | AQ11: 116 | AR11: 109 | AS11: 105 | AT11: 104 | AU11: 97 | AV11: 91 | AW11: 90 | AX11: 79 | AY11: 74 | AZ11: 68 | BA11: 66 | BB11: 60 | BC11: 53 | BD11: 48 | BE11: 44 | BF11: 42 | BG11: 35 | BH11: 29 | BI11: 29 | BJ11: 128 | BK11: =SUM(AK11:BJ11) | BL11: =INT(BK11*$BM$1) | BP11: =(Tabla1[[#This Row],[Población meta programatica 2026 (20251228) menores 1 año]]/12)*9 | BQ11: =BP11 | BS11: =(Tabla1[[#This Row],[Población meta programatica2026 (20251228) niños de 1 año]]/12)*9 | BT11: 95 | BU11: =BS11-BT11 | BX11: 123 | BY11: 127 | BZ11: 05040 | CA11: =BZ11=Tabla1[[#This Row],[Divipola]]
A12: 05 | B12: ANTIOQUIA | C12: SANTAFE DE ANTIOQUIA | D12: 05042 | E12: 656 | F12: =Tabla1[[#This Row],[Meta Programatica2026 (20251228) RN]]/12 | G12: 238 | H12: =Tabla1[[#This Row],[Población meta programatica 2026 (20251228) menores 1 año]]/12 | I12: 247 | J12: =Tabla1[[#This Row],[Población meta programatica2026 (20251228) niños de 1 año]]/12 | K12: 369 | L12: 296 | M12: =Tabla1[[#This Row],[Población meta programatica2026 (20251228) niños de 5 años]]/12 | N12: =BX12 | O12: =BY12 | P12: =BL12 | R12: CESAR | S12: 20 | T12: =SUMIF($A$2:$A$1123,S12,$E$2:$E$1123) | U12: =SUMIF($A$3:$A$1122,S12,$G$3:$G$1122) | V12: =SUMIF($A$3:$A$1122,S12,$I$3:$I$1122) | W12: =SUMIF($A$2:$A$1123,$S12,$L$2:$L$1123) | X12: =SUMIF($A$2:$A$1123,$S12,$N$2:$N$1123) | Y12: =SUMIF($A$2:$A$1123,$S12,$O$2:$O$1123) | AI12: 05042 | AJ12: =AI12=Tabla1[[#This Row],[Divipola]] | AK12: 297 | AL12: 285 | AM12: 285 | AN12: 274 | AO12: 267 | AP12: 250 | AQ12: 242 | AR12: 232 | AS12: 220 | AT12: 213 | AU12: 201 | AV12: 192 | AW12: 185 | AX12: 173 | AY12: 160 | AZ12: 149 | BA12: 140 | BB12: 128 | BC12: 115 | BD12: 108 | BE12: 94 | BF12: 85 | BG12: 78 | BH12: 68 | BI12: 58 | BJ12: 349 | BK12: =SUM(AK12:BJ12) | BL12: =INT(BK12*$BM$1) | BP12: =(Tabla1[[#This Row],[Población meta programatica 2026 (20251228) menores 1 año]]/12)*9 | BQ12: =BP12 | BS12: =(Tabla1[[#This Row],[Población meta programatica2026 (20251228) niños de 1 año]]/12)*9 | BT12: 192 | BU12: =BS12-BT12 | BX12: 177 | BY12: 201 | BZ12: 05042 | CA12: =BZ12=Tabla1[[#This Row],[Divipola]]
A13: 05 | B13: ANTIOQUIA | C13: ANZA | D13: 05044 | E13: 20 | F13: =Tabla1[[#This Row],[Meta Programatica2026 (20251228) RN]]/12 | G13: 71 | H13: =Tabla1[[#This Row],[Población meta programatica 2026 (20251228) menores 1 año]]/12 | I13: 83 | J13: =Tabla1[[#This Row],[Población meta programatica2026 (20251228) niños de 1 año]]/12 | K13: 112 | L13: 108 | M13: =Tabla1[[#This Row],[Población meta programatica2026 (20251228) niños de 5 años]]/12 | N13: =BX13 | O13: =BY13 | P13: =BL13 | R13: CORDOBA | S13: 23 | T13: =SUMIF($A$2:$A$1123,S13,$E$2:$E$1123) | U13: =SUMIF($A$3:$A$1122,S13,$G$3:$G$1122) | V13: =SUMIF($A$3:$A$1122,S13,$I$3:$I$1122) | W13: =SUMIF($A$2:$A$1123,$S13,$L$2:$L$1123) | X13: =SUMIF($A$2:$A$1123,$S13,$N$2:$N$1123) | Y13: =SUMIF($A$2:$A$1123,$S13,$O$2:$O$1123) | AI13: 05044 | AJ13: =AI13=Tabla1[[#This Row],[Divipola]] | AK13: 71 | AL13: 66 | AM13: 65 | AN13: 64 | AO13: 68 | AP13: 61 | AQ13: 58 | AR13: 57 | AS13: 58 | AT13: 55 | AU13: 50 | AV13: 46 | AW13: 47 | AX13: 44 | AY13: 42 | AZ13: 40 | BA13: 37 | BB13: 34 | BC13: 30 | BD13: 26 | BE13: 26 | BF13: 22 | BG13: 22 | BH13: 19 | BI13: 17 | BJ13: 95 | BK13: =SUM(AK13:BJ13) | BL13: =INT(BK13*$BM$1) | BP13: =(Tabla1[[#This Row],[Población meta programatica 2026 (20251228) menores 1 año]]/12)*9 | BQ13: =BP13 | BS13: =(Tabla1[[#This Row],[Población meta programatica2026 (20251228) niños de 1 año]]/12)*9 | BT13: 63 | BU13: =BS13-BT13 | BX13: 49 | BY13: 50 | BZ13: 05044 | CA13: =BZ13=Tabla1[[#This Row],[Divipola]]
A14: 05 | B14: ANTIOQUIA | C14: APARTADO | D14: 05045 | E14: 2842 | F14: =Tabla1[[#This Row],[Meta Programatica2026 (20251228) RN]]/12 | G14: 1375 | H14: =Tabla1[[#This Row],[Población meta programatica 2026 (20251228) menores 1 año]]/12 | I14: 1375 | J14: =Tabla1[[#This Row],[Población meta programatica2026 (20251228) niños de 1 año]]/12 | K14: 2027 | L14: 2019 | M14: =Tabla1[[#This Row],[Población meta programatica2026 (20251228) niños de 5 años]]/12 | N14: =BX14 | O14: =BY14 | P14: =BL14 | R14: CUNDINAMARCA | S14: 25 | T14: =SUMIF($A$2:$A$1123,S14,$E$2:$E$1123) | U14: =SUMIF($A$3:$A$1122,S14,$G$3:$G$1122) | V14: =SUMIF($A$3:$A$1122,S14,$I$3:$I$1122) | W14: =SUMIF($A$2:$A$1123,$S14,$L$2:$L$1123) | X14: =SUMIF($A$2:$A$1123,$S14,$N$2:$N$1123) | Y14: =SUMIF($A$2:$A$1123,$S14,$O$2:$O$1123) | AI14: 05045 | AJ14: =AI14=Tabla1[[#This Row],[Divipola]] | AK14: 1016 | AL14: 969 | AM14: 915 | AN14: 859 | AO14: 799 | AP14: 741 | AQ14: 678 | AR14: 627 | AS14: 573 | AT14: 525 | AU14: 483 | AV14: 444 | AW14: 408 | AX14: 381 | AY14: 350 | AZ14: 326 | BA14: 305 | BB14: 283 | BC14: 262 | BD14: 237 | BE14: 214 | BF14: 190 | BG14: 170 | BH14: 147 | BI14: 124 | BJ14: 515 | BK14: =SUM(AK14:BJ14) | BL14: =INT(BK14*$BM$1) | BP14: =(Tabla1[[#This Row],[Población meta programatica 2026 (20251228) menores 1 año]]/12)*9 | BQ14: =BP14 | BS14: =(Tabla1[[#This Row],[Población meta programatica2026 (20251228) niños de 1 año]]/12)*9 | BT14: 933 | BU14: =BS14-BT14 | BX14: 1085 | BY14: 1153 | BZ14: 05045 | CA14: =BZ14=Tabla1[[#This Row],[Divipola]]
A15: 05 | B15: ANTIOQUIA | C15: ARBOLETES | D15: 05051 | E15: 67 | F15: =Tabla1[[#This Row],[Meta Programatica2026 (20251228) RN]]/12 | G15: 302 | H15: =Tabla1[[#This Row],[Población meta programatica 2026 (20251228) menores 1 año]]/12 | I15: 335 | J15: =Tabla1[[#This Row],[Población meta programatica2026 (20251228) niños de 1 año]]/12 | K15: 503 | L15: 461 | M15: =Tabla1[[#This Row],[Población meta programatica2026 (20251228) niños de 5 años]]/12 | N15: =BX15 | O15: =BY15 | P15: =BL15 | R15: CHOCO | S15: 27 | T15: =SUMIF($A$2:$A$1123,S15,$E$2:$E$1123) | U15: =SUMIF($A$3:$A$1122,S15,$G$3:$G$1122) | V15: =SUMIF($A$3:$A$1122,S15,$I$3:$I$1122) | W15: =SUMIF($A$2:$A$1123,$S15,$L$2:$L$1123) | X15: =SUMIF($A$2:$A$1123,$S15,$N$2:$N$1123) | Y15: =SUMIF($A$2:$A$1123,$S15,$O$2:$O$1123) | AI15: 05051 | AJ15: =AI15=Tabla1[[#This Row],[Divipola]] | AK15: 295 | AL15: 291 | AM15: 285 | AN15: 278 | AO15: 273 | AP15: 257 | AQ15: 245 | AR15: 227 | AS15: 220 | AT15: 203 | AU15: 194 | AV15: 186 | AW15: 175 | AX15: 161 | AY15: 153 | AZ15: 141 | BA15: 136 | BB15: 129 | BC15: 117 | BD15: 110 | BE15: 98 | BF15: 88 | BG15: 80 | BH15: 69 | BI15: 57 | BJ15: 270 | BK15: =SUM(AK15:BJ15) | BL15: =INT(BK15*$BM$1) | BP15: =(Tabla1[[#This Row],[Población meta programatica 2026 (20251228) menores 1 año]]/12)*9 | BQ15: =BP15 | BS15: =(Tabla1[[#This Row],[Población meta programatica2026 (20251228) niños de 1 año]]/12)*9 | BT15: 212 | BU15: =BS15-BT15 | BX15: 284 | BY15: 290 | BZ15: 05051 | CA15: =BZ15=Tabla1[[#This Row],[Divipola]]
A16: 05 | B16: ANTIOQUIA | C16: ARGELIA | D16: 05055 | E16: 16 | F16: =Tabla1[[#This Row],[Meta Programatica2026 (20251228) RN]]/12 | G16: 57 | H16: =Tabla1[[#This Row],[Población meta programatica 2026 (20251228) menores 1 año]]/12 | I16: 59 | J16: =Tabla1[[#This Row],[Población meta programatica2026 (20251228) niños de 1 año]]/12 | K16: 86 | L16: 93 | M16: =Tabla1[[#This Row],[Población meta programatica2026 (20251228) niños de 5 años]]/12 | N16: =BX16 | O16: =BY16 | P16: =BL16 | R16: HUILA | S16: 41 | T16: =SUMIF($A$2:$A$1123,S16,$E$2:$E$1123) | U16: =SUMIF($A$3:$A$1122,S16,$G$3:$G$1122) | V16: =SUMIF($A$3:$A$1122,S16,$I$3:$I$1122) | W16: =SUMIF($A$2:$A$1123,$S16,$L$2:$L$1123) | X16: =SUMIF($A$2:$A$1123,$S16,$N$2:$N$1123) | Y16: =SUMIF($A$2:$A$1123,$S16,$O$2:$O$1123) | AI16: 05055 | AJ16: =AI16=Tabla1[[#This Row],[Divipola]] | AK16: 86 | AL16: 86 | AM16: 88 | AN16: 88 | AO16: 88 | AP16: 82 | AQ16: 81 | AR16: 82 | AS16: 77 | AT16: 73 | AU16: 71 | AV16: 65 | AW16: 61 | AX16: 56 | AY16: 54 | AZ16: 46 | BA16: 45 | BB16: 40 | BC16: 36 | BD16: 33 | BE16: 29 | BF16: 26 | BG16: 23 | BH16: 21 | BI16: 17 | BJ16: 73 | BK16: =SUM(AK16:BJ16) | BL16: =INT(BK16*$BM$1) | BP16: =(Tabla1[[#This Row],[Población meta programatica 2026 (20251228) menores 1 año]]/12)*9 | BQ16: =BP16 | BS16: =(Tabla1[[#This Row],[Población meta programatica2026 (20251228) niños de 1 año]]/12)*9 | BT16: 48 | BU16: =BS16-BT16 | BX16: 60 | BY16: 69 | BZ16: 05055 | CA16: =BZ16=Tabla1[[#This Row],[Divipola]]
A17: 05 | B17: ANTIOQUIA | C17: ARMENIA | D17: 05059 | E17: 3 | F17: =Tabla1[[#This Row],[Meta Programatica2026 (20251228) RN]]/12 | G17: 14 | H17: =Tabla1[[#This Row],[Población meta programatica 2026 (20251228) menores 1 año]]/12 | I17: 17 | J17: =Tabla1[[#This Row],[Población meta programatica2026 (20251228) niños de 1 año]]/12 | K17: 19 | L17: 19 | M17: =Tabla1[[#This Row],[Población meta programatica2026 (20251228) niños de 5 años]]/12 | N17: =BX17 | O17: =BY17 | P17: =BL17 | R17: LA GUAJIRA | S17: 44 | T17: =SUMIF($A$2:$A$1123,S17,$E$2:$E$1123) | U17: =SUMIF($A$3:$A$1122,S17,$G$3:$G$1122) | V17: =SUMIF($A$3:$A$1122,S17,$I$3:$I$1122) | W17: =SUMIF($A$2:$A$1123,$S17,$L$2:$L$1123) | X17: =SUMIF($A$2:$A$1123,$S17,$N$2:$N$1123) | Y17: =SUMIF($A$2:$A$1123,$S17,$O$2:$O$1123) | AI17: 05059 | AJ17: =AI17=Tabla1[[#This Row],[Divipola]] | AK17: 87 | AL17: 90 | AM17: 88 | AN17: 83 | AO17: 84 | AP17: 82 | AQ17: 77 | AR17: 73 | AS17: 68 | AT17: 71 | AU17: 58 | AV17: 63 | AW17: 55 | AX17: 53 | AY17: 51 | AZ17: 49 | BA17: 47 | BB17: 44 | BC17: 43 | BD17: 41 | BE17: 34 | BF17: 33 | BG17: 32 | BH17: 25 | BI17: 22 | BJ17: 85 | BK17: =SUM(AK17:BJ17) | BL17: =INT(BK17*$BM$1) | BP17: =(Tabla1[[#This Row],[Población meta programatica 2026 (20251228) menores 1 año]]/12)*9 | BQ17: =BP17 | BS17: =(Tabla1[[#This Row],[Población meta programatica2026 (20251228) niños de 1 año]]/12)*9 | BT17: 14 | BU17: =BS17-BT17 | BX17: 20 | BY17: 27 | BZ17: 05059 | CA17: =BZ17=Tabla1[[#This Row],[Divipola]]
A18: 05 | B18: ANTIOQUIA | C18: BARBOSA | D18: 05079 | E18: 61 | F18: =Tabla1[[#This Row],[Meta Programatica2026 (20251228) RN]]/12 | G18: 281 | H18: =Tabla1[[#This Row],[Población meta programatica 2026 (20251228) menores 1 año]]/12 | I18: 304 | J18: =Tabla1[[#This Row],[Población meta programatica2026 (20251228) niños de 1 año]]/12 | K18: 416 | L18: 485 | M18: =Tabla1[[#This Row],[Población meta programatica2026 (20251228) niños de 5 años]]/12 | N18: =BX18 | O18: =BY18 | P18: =BL18 | R18: MAGDALENA | S18: 47 | T18: =SUMIF($A$2:$A$1123,S18,$E$2:$E$1123) | U18: =SUMIF($A$3:$A$1122,S18,$G$3:$G$1122) | V18: =SUMIF($A$3:$A$1122,S18,$I$3:$I$1122) | W18: =SUMIF($A$2:$A$1123,$S18,$L$2:$L$1123) | X18: =SUMIF($A$2:$A$1123,$S18,$N$2:$N$1123) | Y18: =SUMIF($A$2:$A$1123,$S18,$O$2:$O$1123) | AI18: 05079 | AJ18: =AI18=Tabla1[[#This Row],[Divipola]] | AK18: 661 | AL18: 646 | AM18: 634 | AN18: 616 | AO18: 591 | AP18: 571 | AQ18: 553 | AR18: 529 | AS18: 501 | AT18: 483 | AU18: 462 | AV18: 440 | AW18: 419 | AX18: 390 | AY18: 361 | AZ18: 336 | BA18: 312 | BB18: 286 | BC18: 264 | BD18: 238 | BE18: 211 | BF18: 183 | BG18: 161 | BH18: 137 | BI18: 116 | BJ18: 555 | BK18: =SUM(AK18:BJ18) | BL18: =INT(BK18*$BM$1) | BP18: =(Tabla1[[#This Row],[Población meta programatica 2026 (20251228) menores 1 año]]/12)*9 | BQ18: =BP18 | BS18: =(Tabla1[[#This Row],[Población meta programatica2026 (20251228) niños de 1 año]]/12)*9 | BT18: 212 | BU18: =BS18-BT18 | BX18: 287 | BY18: 234 | BZ18: 05079 | CA18: =BZ18=Tabla1[[#This Row],[Divipola]]
A19: 05 | B19: ANTIOQUIA | C19: BELMIRA | D19: 05086 | E19: 12 | F19: =Tabla1[[#This Row],[Meta Programatica2026 (20251228) RN]]/12 | G19: 32 | H19: =Tabla1[[#This Row],[Población meta programatica 2026 (20251228) menores 1 año]]/12 | I19: 38 | J19: =Tabla1[[#This Row],[Población meta programatica2026 (20251228) niños de 1 año]]/12 | K19: 50 | L19: 50 | M19: =Tabla1[[#This Row],[Población meta programatica2026 (20251228) niños de 5 años]]/12 | N19: =BX19 | O19: =BY19 | P19: =BL19 | R19: SANTA MARTA | S19: 47001 | T19: =SUMIF($A$2:$A$1123,S19,$E$2:$E$1123) | U19: =SUMIF($D$3:$D$1122,S19,$G$3:$G$1122) | V19: =SUMIF($D$3:$D$1122,S19,$I$3:$I$1122) | W19: =SUMIF($D$3:$D$1122,$S19,$L$3:$L$1122) | X19: =SUMIF($A$2:$A$1123,$S19,$N$2:$N$1123) | Y19: =SUMIF($A$2:$A$1123,$S19,$O$2:$O$1123) | AI19: 05086 | AJ19: =AI19=Tabla1[[#This Row],[Divipola]] | AK19: 60 | AL19: 57 | AM19: 54 | AN19: 54 | AO19: 50 | AP19: 48 | AQ19: 46 | AR19: 42 | AS19: 41 | AT19: 40 | AU19: 36 | AV19: 37 | AW19: 35 | AX19: 30 | AY19: 31 | AZ19: 32 | BA19: 27 | BB19: 26 | BC19: 24 | BD19: 20 | BE19: 20 | BF19: 17 | BG19: 18 | BH19: 15 | BI19: 12 | BJ19: 59 | BK19: =SUM(AK19:BJ19) | BL19: =INT(BK19*$BM$1) | BP19: =(Tabla1[[#This Row],[Población meta programatica 2026 (20251228) menores 1 año]]/12)*9 | BQ19: =BP19 | BS19: =(Tabla1[[#This Row],[Población meta programatica2026 (20251228) niños de 1 año]]/12)*9 | BT19: 24 | BU19: =BS19-BT19 | BX19: 46 | BY19: 57 | BZ19: 05086 | CA19: =BZ19=Tabla1[[#This Row],[Divipola]]
A20: 05 | B20: ANTIOQUIA | C20: BELLO | D20: 05088 | E20: 1238 | F20: =Tabla1[[#This Row],[Meta Programatica2026 (20251228) RN]]/12 | G20: 3409 | H20: =Tabla1[[#This Row],[Población meta programatica 2026 (20251228) menores 1 año]]/12 | I20: 3545 | J20: =Tabla1[[#This Row],[Población meta programatica2026 (20251228) niños de 1 año]]/12 | K20: 4733 | L20: 4477 | M20: =Tabla1[[#This Row],[Población meta programatica2026 (20251228) niños de 5 años]]/12 | N20: =BX20 | O20: =BY20 | P20: =BL20 | R20: META | S20: 50 | T20: =SUMIF($A$2:$A$1123,S20,$E$2:$E$1123) | U20: =SUMIF($A$3:$A$1122,S20,$G$3:$G$1122) | V20: =SUMIF($A$3:$A$1122,S20,$I$3:$I$1122) | W20: =SUMIF($A$2:$A$1123,$S20,$L$2:$L$1123) | X20: =SUMIF($A$2:$A$1123,$S20,$N$2:$N$1123) | Y20: =SUMIF($A$2:$A$1123,$S20,$O$2:$O$1123) | AI20: 05088 | AJ20: =AI20=Tabla1[[#This Row],[Divipola]] | AK20: 6177 | AL20: 6030 | AM20: 5826 | AN20: 5595 | AO20: 5341 | AP20: 5071 | AQ20: 4801 | AR20: 4526 | AS20: 4238 | AT20: 3944 | AU20: 3655 | AV20: 3374 | AW20: 3110 | AX20: 2848 | AY20: 2600 | AZ20: 2368 | BA20: 2153 | BB20: 1954 | BC20: 1757 | BD20: 1579 | BE20: 1406 | BF20: 1243 | BG20: 1090 | BH20: 949 | BI20: 821 | BJ20: 3980 | BK20: =SUM(AK20:BJ20) | BL20: =INT(BK20*$BM$1) | BP20: =(Tabla1[[#This Row],[Población meta programatica 2026 (20251228) menores 1 año]]/12)*9 | BQ20: =BP20 | BS20: =(Tabla1[[#This Row],[Población meta programatica2026 (20251228) niños de 1 año]]/12)*9 | BT20: 2330 | BU20: =BS20-BT20 | BX20: 3082 | BY20: 3165 | BZ20: 05088 | CA20: =BZ20=Tabla1[[#This Row],[Divipola]]
A21: 05 | B21: ANTIOQUIA | C21: BETANIA | D21: 05091 | E21: 14 | F21: =Tabla1[[#This Row],[Meta Programatica2026 (20251228) RN]]/12 | G21: 54 | H21: =Tabla1[[#This Row],[Población meta programatica 2026 (20251228) menores 1 año]]/12 | I21: 55 | J21: =Tabla1[[#This Row],[Población meta programatica2026 (20251228) niños de 1 año]]/12 | K21: 85 | L21: 97 | M21: =Tabla1[[#This Row],[Población meta programatica2026 (20251228) niños de 5 años]]/12 | N21: =BX21 | O21: =BY21 | P21: =BL21 | R21: NARIÑO | S21: 52 | T21: =SUMIF($A$2:$A$1123,S21,$E$2:$E$1123) | U21: =SUMIF($A$3:$A$1122,S21,$G$3:$G$1122) | V21: =SUMIF($A$3:$A$1122,S21,$I$3:$I$1122) | W21: =SUMIF($A$2:$A$1123,$S21,$L$2:$L$1123) | X21: =SUMIF($A$2:$A$1123,$S21,$N$2:$N$1123) | Y21: =SUMIF($A$2:$A$1123,$S21,$O$2:$O$1123) | AI21: 05091 | AJ21: =AI21=Tabla1[[#This Row],[Divipola]] | AK21: 129 | AL21: 131 | AM21: 127 | AN21: 124 | AO21: 119 | AP21: 112 | AQ21: 108 | AR21: 101 | AS21: 98 | AT21: 86 | AU21: 84 | AV21: 79 | AW21: 77 | AX21: 70 | AY21: 70 | AZ21: 62 | BA21: 51 | BB21: 47 | BC21: 47 | BD21: 43 | BE21: 36 | BF21: 34 | BG21: 28 | BH21: 23 | BI21: 21 | BJ21: 103 | BK21: =SUM(AK21:BJ21) | BL21: =INT(BK21*$BM$1) | BP21: =(Tabla1[[#This Row],[Población meta programatica 2026 (20251228) menores 1 año]]/12)*9 | BQ21: =BP21 | BS21: =(Tabla1[[#This Row],[Población meta programatica2026 (20251228) niños de 1 año]]/12)*9 | BT21: 37 | BU21: =BS21-BT21 | BX21: 47 | BY21: 63 | BZ21: 05091 | CA21: =BZ21=Tabla1[[#This Row],[Divipola]]
A22: 05 | B22: ANTIOQUIA | C22: BETULIA | D22: 05093 | E22: 39 | F22: =Tabla1[[#This Row],[Meta Programatica2026 (20251228) RN]]/12 | G22: 158 | H22: =Tabla1[[#This Row],[Población meta programatica 2026 (20251228) menores 1 año]]/12 | I22: 163 | J22: =Tabla1[[#This Row],[Población meta programatica2026 (20251228) niños de 1 año]]/12 | K22: 238 | L22: 200 | M22: =Tabla1[[#This Row],[Población meta programatica2026 (20251228) niños de 5 años]]/12 | N22: =BX22 | O22: =BY22 | P22: =BL22 | R22: NORTE DE SANTANDER | S22: 54 | T22: =SUMIF($A$2:$A$1123,S22,$E$2:$E$1123) | U22: =SUMIF($A$3:$A$1122,S22,$G$3:$G$1122) | V22: =SUMIF($A$3:$A$1122,S22,$I$3:$I$1122) | W22: =SUMIF($A$2:$A$1123,$S22,$L$2:$L$1123) | X22: =SUMIF($A$2:$A$1123,$S22,$N$2:$N$1123) | Y22: =SUMIF($A$2:$A$1123,$S22,$O$2:$O$1123) | AI22: 05093 | AJ22: =AI22=Tabla1[[#This Row],[Divipola]] | AK22: 164 | AL22: 162 | AM22: 160 | AN22: 156 | AO22: 147 | AP22: 137 | AQ22: 136 | AR22: 125 | AS22: 124 | AT22: 117 | AU22: 108 | AV22: 99 | AW22: 94 | AX22: 90 | AY22: 84 | AZ22: 77 | BA22: 71 | BB22: 65 | BC22: 60 | BD22: 51 | BE22: 49 | BF22: 43 | BG22: 36 | BH22: 32 | BI22: 29 | BJ22: 131 | BK22: =SUM(AK22:BJ22) | BL22: =INT(BK22*$BM$1) | BP22: =(Tabla1[[#This Row],[Población meta programatica 2026 (20251228) menores 1 año]]/12)*9 | BQ22: =BP22 | BS22: =(Tabla1[[#This Row],[Población meta programatica2026 (20251228) niños de 1 año]]/12)*9 | BT22: 87 | BU22: =BS22-BT22 | BX22: 127 | BY22: 149 | BZ22: 05093 | CA22: =BZ22=Tabla1[[#This Row],[Divipola]]
A23: 05 | B23: ANTIOQUIA | C23: CIUDAD BOLIVAR | D23: 05101 | E23: 399 | F23: =Tabla1[[#This Row],[Meta Programatica2026 (20251228) RN]]/12 | G23: 187 | H23: =Tabla1[[#This Row],[Población meta programatica 2026 (20251228) menores 1 año]]/12 | I23: 191 | J23: =Tabla1[[#This Row],[Población meta programatica2026 (20251228) niños de 1 año]]/12 | K23: 299 | L23: 261 | M23: =Tabla1[[#This Row],[Población meta programatica2026 (20251228) niños de 5 años]]/12 | N23: =BX23 | O23: =BY23 | P23: =BL23 | R23: QUINDIO | S23: 63 | T23: =SUMIF($A$2:$A$1123,S23,$E$2:$E$1123) | U23: =SUMIF($A$3:$A$1122,S23,$G$3:$G$1122) | V23: =SUMIF($A$3:$A$1122,S23,$I$3:$I$1122) | W23: =SUMIF($A$2:$A$1123,$S23,$L$2:$L$1123) | X23: =SUMIF($A$2:$A$1123,$S23,$N$2:$N$1123) | Y23: =SUMIF($A$2:$A$1123,$S23,$O$2:$O$1123) | AI23: 05101 | AJ23: =AI23=Tabla1[[#This Row],[Divipola]] | AK23: 343 | AL23: 343 | AM23: 333 | AN23: 327 | AO23: 317 | AP23: 306 | AQ23: 292 | AR23: 275 | AS23: 260 | AT23: 243 | AU23: 230 | AV23: 219 | AW23: 203 | AX23: 193 | AY23: 176 | AZ23: 161 | BA23: 150 | BB23: 144 | BC23: 125 | BD23: 116 | BE23: 103 | BF23: 92 | BG23: 82 | BH23: 73 | BI23: 62 | BJ23: 420 | BK23: =SUM(AK23:BJ23) | BL23: =INT(BK23*$BM$1) | BP23: =(Tabla1[[#This Row],[Población meta programatica 2026 (20251228) menores 1 año]]/12)*9 | BQ23: =BP23 | BS23: =(Tabla1[[#This Row],[Población meta programatica2026 (20251228) niños de 1 año]]/12)*9 | BT23: 137 | BU23: =BS23-BT23 | BX23: 207 | BY23: 184 | BZ23: 05101 | CA23: =BZ23=Tabla1[[#This Row],[Divipola]]
A24: 05 | B24: ANTIOQUIA | C24: BRICEÑO | D24: 05107 | E24: 12 | F24: =Tabla1[[#This Row],[Meta Programatica2026 (20251228) RN]]/12 | G24: 46 | H24: =Tabla1[[#This Row],[Población meta programatica 2026 (20251228) menores 1 año]]/12 | I24: 52 | J24: =Tabla1[[#This Row],[Población meta programatica2026 (20251228) niños de 1 año]]/12 | K24: 83 | L24: 81 | M24: =Tabla1[[#This Row],[Población meta programatica2026 (20251228) niños de 5 años]]/12 | N24: =BX24 | O24: =BY24 | P24: =BL24 | R24: RISARALDA | S24: 66 | T24: =SUMIF($A$2:$A$1123,S24,$E$2:$E$1123) | U24: =SUMIF($A$3:$A$1122,S24,$G$3:$G$1122) | V24: =SUMIF($A$3:$A$1122,S24,$I$3:$I$1122) | W24: =SUMIF($A$2:$A$1123,$S24,$L$2:$L$1123) | X24: =SUMIF($A$2:$A$1123,$S24,$N$2:$N$1123) | Y24: =SUMIF($A$2:$A$1123,$S24,$O$2:$O$1123) | AI24: 05107 | AJ24: =AI24=Tabla1[[#This Row],[Divipola]] | AK24: 73 | AL24: 70 | AM24: 70 | AN24: 67 | AO24: 62 | AP24: 60 | AQ24: 54 | AR24: 55 | AS24: 50 | AT24: 47 | AU24: 45 | AV24: 43 | AW24: 39 | AX24: 36 | AY24: 35 | AZ24: 32 | BA24: 29 | BB24: 29 | BC24: 21 | BD24: 26 | BE24: 21 | BF24: 16 | BG24: 15 | BH24: 11 | BI24: 13 | BJ24: 51 | BK24: =SUM(AK24:BJ24) | BL24: =INT(BK24*$BM$1) | BP24: =(Tabla1[[#This Row],[Población meta programatica 2026 (20251228) menores 1 año]]/12)*9 | BQ24: =BP24 | BS24: =(Tabla1[[#This Row],[Población meta programatica2026 (20251228) niños de 1 año]]/12)*9 | BT24: 44 | BU24: =BS24-BT24 | BX24: 60 | BY24: 57 | BZ24: 05107 | CA24: =BZ24=Tabla1[[#This Row],[Divipola]]
A25: 05 | B25: ANTIOQUIA | C25: BURITICA | D25: 05113 | E25: 24 | F25: =Tabla1[[#This Row],[Meta Programatica2026 (20251228) RN]]/12 | G25: 100 | H25: =Tabla1[[#This Row],[Población meta programatica 2026 (20251228) menores 1 año]]/12 | I25: 100 | J25: =Tabla1[[#This Row],[Población meta programatica2026 (20251228) niños de 1 año]]/12 | K25: 138 | L25: 106 | M25: =Tabla1[[#This Row],[Población meta programatica2026 (20251228) niños de 5 años]]/12 | N25: =BX25 | O25: =BY25 | P25: =BL25 | R25: SANTANDER | S25: 68 | T25: =SUMIF($A$2:$A$1123,S25,$E$2:$E$1123) | U25: =SUMIF($A$3:$A$1122,S25,$G$3:$G$1122) | V25: =SUMIF($A$3:$A$1122,S25,$I$3:$I$1122) | W25: =SUMIF($A$2:$A$1123,$S25,$L$2:$L$1123) | X25: =SUMIF($A$2:$A$1123,$S25,$N$2:$N$1123) | Y25: =SUMIF($A$2:$A$1123,$S25,$O$2:$O$1123) | AI25: 05113 | AJ25: =AI25=Tabla1[[#This Row],[Divipola]] | AK25: 86 | AL25: 85 | AM25: 82 | AN25: 79 | AO25: 80 | AP25: 75 | AQ25: 72 | AR25: 70 | AS25: 66 | AT25: 60 | AU25: 63 | AV25: 58 | AW25: 56 | AX25: 54 | AY25: 52 | AZ25: 53 | BA25: 50 | BB25: 47 | BC25: 48 | BD25: 46 | BE25: 39 | BF25: 39 | BG25: 33 | BH25: 31 | BI25: 26 | BJ25: 127 | BK25: =SUM(AK25:BJ25) | BL25: =INT(BK25*$BM$1) | BP25: =(Tabla1[[#This Row],[Población meta programatica 2026 (20251228) menores 1 año]]/12)*9 | BQ25: =BP25 | BS25: =(Tabla1[[#This Row],[Población meta programatica2026 (20251228) niños de 1 año]]/12)*9 | BT25: 36 | BU25: =BS25-BT25 | BX25: 69 | BY25: 59 | BZ25: 05113 | CA25: =BZ25=Tabla1[[#This Row],[Divipola]]
A26: 05 | B26: ANTIOQUIA | C26: CACERES | D26: 05120 | E26: 66 | F26: =Tabla1[[#This Row],[Meta Programatica2026 (20251228) RN]]/12 | G26: 283 | H26: =Tabla1[[#This Row],[Población meta programatica 2026 (20251228) menores 1 año]]/12 | I26: 329 | J26: =Tabla1[[#This Row],[Población meta programatica2026 (20251228) niños de 1 año]]/12 | K26: 494 | L26: 357 | M26: =Tabla1[[#This Row],[Población meta programatica2026 (20251228) niños de 5 años]]/12 | N26: =BX26 | O26: =BY26 | P26: =BL26 | R26: SUCRE | S26: 70 | T26: =SUMIF($A$2:$A$1123,S26,$E$2:$E$1123) | U26: =SUMIF($A$3:$A$1122,S26,$G$3:$G$1122) | V26: =SUMIF($A$3:$A$1122,S26,$I$3:$I$1122) | W26: =SUMIF($A$2:$A$1123,$S26,$L$2:$L$1123) | X26: =SUMIF($A$2:$A$1123,$S26,$N$2:$N$1123) | Y26: =SUMIF($A$2:$A$1123,$S26,$O$2:$O$1123) | AI26: 05120 | AJ26: =AI26=Tabla1[[#This Row],[Divipola]] | AK26: 233 | AL26: 232 | AM26: 218 | AN26: 212 | AO26: 200 | AP26: 187 | AQ26: 184 | AR26: 173 | AS26: 165 | AT26: 154 | AU26: 144 | AV26: 140 | AW26: 131 | AX26: 126 | AY26: 121 | AZ26: 112 | BA26: 107 | BB26: 101 | BC26: 95 | BD26: 88 | BE26: 79 | BF26: 72 | BG26: 64 | BH26: 56 | BI26: 51 | BJ26: 220 | BK26: =SUM(AK26:BJ26) | BL26: =INT(BK26*$BM$1) | BP26: =(Tabla1[[#This Row],[Población meta programatica 2026 (20251228) menores 1 año]]/12)*9 | BQ26: =BP26 | BS26: =(Tabla1[[#This Row],[Población meta programatica2026 (20251228) niños de 1 año]]/12)*9 | BT26: 158 | BU26: =BS26-BT26 | BX26: 285 | BY26: 304 | BZ26: 05120 | CA26: =BZ26=Tabla1[[#This Row],[Divipola]]
A27: 05 | B27: ANTIOQUIA | C27: CAICEDO | D27: 05125 | E27: 19 | F27: =Tabla1[[#This Row],[Meta Programatica2026 (20251228) RN]]/12 | G27: 69 | H27: =Tabla1[[#This Row],[Población meta programatica 2026 (20251228) menores 1 año]]/12 | I27: 71 | J27: =Tabla1[[#This Row],[Población meta programatica2026 (20251228) niños de 1 año]]/12 | K27: 113 | L27: 91 | M27: =Tabla1[[#This Row],[Población meta programatica2026 (20251228) niños de 5 años]]/12 | N27: =BX27 | O27: =BY27 | P27: =BL27 | R27: TOLIMA | S27: 73 | T27: =SUMIF($A$2:$A$1123,S27,$E$2:$E$1123) | U27: =SUMIF($A$3:$A$1122,S27,$G$3:$G$1122) | V27: =SUMIF($A$3:$A$1122,S27,$I$3:$I$1122) | W27: =SUMIF($A$2:$A$1123,$S27,$L$2:$L$1123) | X27: =SUMIF($A$2:$A$1123,$S27,$N$2:$N$1123) | Y27: =SUMIF($A$2:$A$1123,$S27,$O$2:$O$1123) | AI27: 05125 | AJ27: =AI27=Tabla1[[#This Row],[Divipola]] | AK27: 76 | AL27: 77 | AM27: 69 | AN27: 71 | AO27: 69 | AP27: 68 | AQ27: 63 | AR27: 65 | AS27: 63 | AT27: 62 | AU27: 62 | AV27: 58 | AW27: 56 | AX27: 51 | AY27: 46 | AZ27: 45 | BA27: 43 | BB27: 35 | BC27: 33 | BD27: 27 | BE27: 29 | BF27: 22 | BG27: 21 | BH27: 15 | BI27: 15 | BJ27: 62 | BK27: =SUM(AK27:BJ27) | BL27: =INT(BK27*$BM$1) | BP27: =(Tabla1[[#This Row],[Población meta programatica 2026 (20251228) menores 1 año]]/12)*9 | BQ27: =BP27 | BS27: =(Tabla1[[#This Row],[Población meta programatica2026 (20251228) niños de 1 año]]/12)*9 | BT27: 67 | BU27: =BS27-BT27 | BX27: 57 | BY27: 63 | BZ27: 05125 | CA27: =BZ27=Tabla1[[#This Row],[Divipola]]
A28: 05 | B28: ANTIOQUIA | C28: CALDAS | D28: 05129 | E28: 399 | F28: =Tabla1[[#This Row],[Meta Programatica2026 (20251228) RN]]/12 | G28: 623 | H28: =Tabla1[[#This Row],[Población meta programatica 2026 (20251228) menores 1 año]]/12 | I28: 634 | J28: =Tabla1[[#This Row],[Población meta programatica2026 (20251228) niños de 1 año]]/12 | K28: 871 | L28: 785 | M28: =Tabla1[[#This Row],[Población meta programatica2026 (20251228) niños de 5 años]]/12 | N28: =BX28 | O28: =BY28 | P28: =BL28 | R28: VALLE DEL CAUCA | S28: 76 | T28: =SUMIF($A$2:$A$1123,S28,$E$2:$E$1123) | U28: =SUMIF($A$3:$A$1122,S28,$G$3:$G$1122) | V28: =SUMIF($A$3:$A$1122,S28,$I$3:$I$1122) | W28: =SUMIF($A$2:$A$1123,$S28,$L$2:$L$1123) | X28: =SUMIF($A$2:$A$1123,$S28,$N$2:$N$1123) | Y28: =SUMIF($A$2:$A$1123,$S28,$O$2:$O$1123) | AI28: 05129 | AJ28: =AI28=Tabla1[[#This Row],[Divipola]] | AK28: 1142 | AL28: 1123 | AM28: 1092 | AN28: 1054 | AO28: 1008 | AP28: 965 | AQ28: 918 | AR28: 874 | AS28: 825 | AT28: 774 | AU28: 718 | AV28: 668 | AW28: 620 | AX28: 571 | AY28: 524 | AZ28: 476 | BA28: 429 | BB28: 388 | BC28: 346 | BD28: 307 | BE28: 274 | BF28: 247 | BG28: 211 | BH28: 185 | BI28: 160 | BJ28: 796 | BK28: =SUM(AK28:BJ28) | BL28: =INT(BK28*$BM$1) | BP28: =(Tabla1[[#This Row],[Población meta programatica 2026 (20251228) menores 1 año]]/12)*9 | BQ28: =BP28 | BS28: =(Tabla1[[#This Row],[Población meta programatica2026 (20251228) niños de 1 año]]/12)*9 | BT28: 389 | BU28: =BS28-BT28 | BX28: 471 | BY28: 483 | BZ28: 05129 | CA28: =BZ28=Tabla1[[#This Row],[Divipola]]
A29: 05 | B29: ANTIOQUIA | C29: CAMPAMENTO | D29: 05134 | E29: 14 | F29: =Tabla1[[#This Row],[Meta Programatica2026 (20251228) RN]]/12 | G29: 54 | H29: =Tabla1[[#This Row],[Población meta programatica 2026 (20251228) menores 1 año]]/12 | I29: 60 | J29: =Tabla1[[#This Row],[Población meta programatica2026 (20251228) niños de 1 año]]/12 | K29: 77 | L29: 80 | M29: =Tabla1[[#This Row],[Población meta programatica2026 (20251228) niños de 5 años]]/12 | N29: =BX29 | O29: =BY29 | P29: =BL29 | R29: CALI | S29: 76001 | T29: =SUMIF($A$2:$A$1123,S29,$E$2:$E$1123) | U29: =SUMIF($A$3:$A$1122,S29,$G$3:$G$1122) | V29: =SUMIF($A$3:$A$1122,S29,$I$3:$I$1122) | W29: =SUMIF($D$3:$D$1122,$S29,$L$3:$L$1122) | X29: =SUMIF($A$2:$A$1123,$S29,$N$2:$N$1123) | Y29: =SUMIF($A$2:$A$1123,$S29,$O$2:$O$1123) | AI29: 05134 | AJ29: =AI29=Tabla1[[#This Row],[Divipola]] | AK29: 96 | AL29: 93 | AM29: 95 | AN29: 85 | AO29: 85 | AP29: 81 | AQ29: 75 | AR29: 75 | AS29: 70 | AT29: 66 | AU29: 67 | AV29: 61 | AW29: 59 | AX29: 56 | AY29: 51 | AZ29: 44 | BA29: 49 | BB29: 44 | BC29: 41 | BD29: 34 | BE29: 36 | BF29: 29 | BG29: 26 | BH29: 23 | BI29: 20 | BJ29: 91 | BK29: =SUM(AK29:BJ29) | BL29: =INT(BK29*$BM$1) | BP29: =(Tabla1[[#This Row],[Población meta programatica 2026 (20251228) menores 1 año]]/12)*9 | BQ29: =BP29 | BS29: =(Tabla1[[#This Row],[Población meta programatica2026 (20251228) niños de 1 año]]/12)*9 | BT29: 51 | BU29: =BS29-BT29 | BX29: 57 | BY29: 57 | BZ29: 05134 | CA29: =BZ29=Tabla1[[#This Row],[Divipola]]
A30: 05 | B30: ANTIOQUIA | C30: CAÑASGORDAS | D30: 05138 | E30: 29 | F30: =Tabla1[[#This Row],[Meta Programatica2026 (20251228) RN]]/12 | G30: 119 | H30: =Tabla1[[#This Row],[Población meta programatica 2026 (20251228) menores 1 año]]/12 | I30: 123 | J30: =Tabla1[[#This Row],[Población meta programatica2026 (20251228) niños de 1 año]]/12 | K30: 198 | L30: 185 | M30: =Tabla1[[#This Row],[Población meta programatica2026 (20251228) niños de 5 años]]/12 | N30: =BX30 | O30: =BY30 | P30: =BL30 | R30: BUENAVENTURA | S30: 76109 | T30: =SUMIF($A$2:$A$1123,S30,$E$2:$E$1123) | U30: =SUMIF($D$3:$D$1122,S30,$G$3:$G$1122) | V30: =SUMIF($D$3:$D$1122,S30,$I$3:$I$1122) | W30: =SUMIF($D$3:$D$1122,$S30,$L$3:$L$1122) | X30: =SUMIF($A$2:$A$1123,$S30,$N$2:$N$1123) | Y30: =SUMIF($A$2:$A$1123,$S30,$O$2:$O$1123) | AI30: 05138 | AJ30: =AI30=Tabla1[[#This Row],[Divipola]] | AK30: 190 | AL30: 190 | AM30: 189 | AN30: 185 | AO30: 175 | AP30: 172 | AQ30: 163 | AR30: 156 | AS30: 149 | AT30: 145 | AU30: 135 | AV30: 131 | AW30: 126 | AX30: 120 | AY30: 120 | AZ30: 110 | BA30: 101 | BB30: 98 | BC30: 88 | BD30: 79 | BE30: 72 | BF30: 67 | BG30: 60 | BH30: 51 | BI30: 45 | BJ30: 239 | BK30: =SUM(AK30:BJ30) | BL30: =INT(BK30*$BM$1) | BP30: =(Tabla1[[#This Row],[Población meta programatica 2026 (20251228) menores 1 año]]/12)*9 | BQ30: =BP30 | BS30: =(Tabla1[[#This Row],[Población meta programatica2026 (20251228) niños de 1 año]]/12)*9 | BT30: 107 | BU30: =BS30-BT30 | BX30: 98 | BY30: 99 | BZ30: 05138 | CA30: =BZ30=Tabla1[[#This Row],[Divipola]]
A31: 05 | B31: ANTIOQUIA | C31: CARACOLI | D31: 05142 | E31: 11 | F31: =Tabla1[[#This Row],[Meta Programatica2026 (20251228) RN]]/12 | G31: 42 | H31: =Tabla1[[#This Row],[Población meta programatica 2026 (20251228) menores 1 año]]/12 | I31: 42 | J31: =Tabla1[[#This Row],[Población meta programatica2026 (20251228) niños de 1 año]]/12 | K31: 52 | L31: 56 | M31: =Tabla1[[#This Row],[Población meta programatica2026 (20251228) niños de 5 años]]/12 | N31: =BX31 | O31: =BY31 | P31: =BL31 | R31: ARAUCA | S31: 81 | T31: =SUMIF($A$2:$A$1123,S31,$E$2:$E$1123) | U31: =SUMIF($A$3:$A$1122,S31,$G$3:$G$1122) | V31: =SUMIF($A$3:$A$1122,S31,$I$3:$I$1122) | W31: =SUMIF($A$2:$A$1123,$S31,$L$2:$L$1123) | X31: =SUMIF($A$2:$A$1123,$S31,$N$2:$N$1123) | Y31: =SUMIF($A$2:$A$1123,$S31,$O$2:$O$1123) | AI31: 05142 | AJ31: =AI31=Tabla1[[#This Row],[Divipola]] | AK31: 66 | AL31: 65 | AM31: 64 | AN31: 61 | AO31: 61 | AP31: 59 | AQ31: 55 | AR31: 57 | AS31: 54 | AT31: 51 | AU31: 54 | AV31: 48 | AW31: 49 | AX31: 50 | AY31: 45 | AZ31: 45 | BA31: 37 | BB31: 39 | BC31: 31 | BD31: 27 | BE31: 27 | BF31: 24 | BG31: 17 | BH31: 16 | BI31: 13 | BJ31: 76 | BK31: =SUM(AK31:BJ31) | BL31: =INT(BK31*$BM$1) | BP31: =(Tabla1[[#This Row],[Población meta programatica 2026 (20251228) menores 1 año]]/12)*9 | BQ31: =BP31 | BS31: =(Tabla1[[#This Row],[Población meta programatica2026 (20251228) niños de 1 año]]/12)*9 | BT31: 34 | BU31: =BS31-BT31 | BX31: 29 | BY31: 26 | BZ31: 05142 | CA31: =BZ31=Tabla1[[#This Row],[Divipola]]
A32: 05 | B32: ANTIOQUIA | C32: CARAMANTA | D32: 05145 | E32: 12 | F32: =Tabla1[[#This Row],[Meta Programatica2026 (20251228) RN]]/12 | G32: 44 | H32: =Tabla1[[#This Row],[Población meta programatica 2026 (20251228) menores 1 año]]/12 | I32: 44 | J32: =Tabla1[[#This Row],[Población meta programatica2026 (20251228) niños de 1 año]]/12 | K32: 53 | L32: 46 | M32: =Tabla1[[#This Row],[Población meta programatica2026 (20251228) niños de 5 años]]/12 | N32: =BX32 | O32: =BY32 | P32: =BL32 | R32: CASANARE | S32: 85 | T32: =SUMIF($A$2:$A$1123,S32,$E$2:$E$1123) | U32: =SUMIF($A$3:$A$1122,S32,$G$3:$G$1122) | V32: =SUMIF($A$3:$A$1122,S32,$I$3:$I$1122) | W32: =SUMIF($A$2:$A$1123,$S32,$L$2:$L$1123) | X32: =SUMIF($A$2:$A$1123,$S32,$N$2:$N$1123) | Y32: =SUMIF($A$2:$A$1123,$S32,$O$2:$O$1123) | AI32: 05145 | AJ32: =AI32=Tabla1[[#This Row],[Divipola]] | AK32: 73 | AL32: 74 | AM32: 75 | AN32: 79 | AO32: 76 | AP32: 72 | AQ32: 68 | AR32: 67 | AS32: 65 | AT32: 57 | AU32: 57 | AV32: 50 | AW32: 47 | AX32: 41 | AY32: 41 | AZ32: 36 | BA32: 30 | BB32: 29 | BC32: 24 | BD32: 21 | BE32: 18 | BF32: 20 | BG32: 15 | BH32: 13 | BI32: 14 | BJ32: 55 | BK32: =SUM(AK32:BJ32) | BL32: =INT(BK32*$BM$1) | BP32: =(Tabla1[[#This Row],[Población meta programatica 2026 (20251228) menores 1 año]]/12)*9 | BQ32: =BP32 | BS32: =(Tabla1[[#This Row],[Población meta programatica2026 (20251228) niños de 1 año]]/12)*9 | BT32: 22 | BU32: =BS32-BT32 | BX32: 34 | BY32: 29 | BZ32: 05145 | CA32: =BZ32=Tabla1[[#This Row],[Divipola]]
A33: 05 | B33: ANTIOQUIA | C33: CAREPA | D33: 05147 | E33: 119 | F33: =Tabla1[[#This Row],[Meta Programatica2026 (20251228) RN]]/12 | G33: 680 | H33: =Tabla1[[#This Row],[Población meta programatica 2026 (20251228) menores 1 año]]/12 | I33: 689 | J33: =Tabla1[[#This Row],[Población meta programatica2026 (20251228) niños de 1 año]]/12 | K33: 1067 | L33: 911 | M33: =Tabla1[[#This Row],[Población meta programatica2026 (20251228) niños de 5 años]]/12 | N33: =BX33 | O33: =BY33 | P33: =BL33 | R33: PUTUMAYO | S33: 86 | T33: =SUMIF($A$2:$A$1123,S33,$E$2:$E$1123) | U33: =SUMIF($A$3:$A$1122,S33,$G$3:$G$1122) | V33: =SUMIF($A$3:$A$1122,S33,$I$3:$I$1122) | W33: =SUMIF($A$2:$A$1123,$S33,$L$2:$L$1123) | X33: =SUMIF($A$2:$A$1123,$S33,$N$2:$N$1123) | Y33: =SUMIF($A$2:$A$1123,$S33,$O$2:$O$1123) | AI33: 05147 | AJ33: =AI33=Tabla1[[#This Row],[Divipola]] | AK33: 365 | AL33: 349 | AM33: 334 | AN33: 310 | AO33: 287 | AP33: 265 | AQ33: 245 | AR33: 227 | AS33: 211 | AT33: 194 | AU33: 178 | AV33: 164 | AW33: 152 | AX33: 142 | AY33: 128 | AZ33: 120 | BA33: 116 | BB33: 103 | BC33: 94 | BD33: 88 | BE33: 77 | BF33: 69 | BG33: 62 | BH33: 52 | BI33: 44 | BJ33: 194 | BK33: =SUM(AK33:BJ33) | BL33: =INT(BK33*$BM$1) | BP33: =(Tabla1[[#This Row],[Población meta programatica 2026 (20251228) menores 1 año]]/12)*9 | BQ33: =BP33 | BS33: =(Tabla1[[#This Row],[Población meta programatica2026 (20251228) niños de 1 año]]/12)*9 | BT33: 402 | BU33: =BS33-BT33 | BX33: 897 | BY33: 1035 | BZ33: 05147 | CA33: =BZ33=Tabla1[[#This Row],[Divipola]]
A34: 05 | B34: ANTIOQUIA | C34: EL CARMEN DE VIBORAL | D34: 05148 | E34: 41 | F34: =Tabla1[[#This Row],[Meta Programatica2026 (20251228) RN]]/12 | G34: 418 | H34: =Tabla1[[#This Row],[Población meta programatica 2026 (20251228) menores 1 año]]/12 | I34: 441 | J34: =Tabla1[[#This Row],[Población meta programatica2026 (20251228) niños de 1 año]]/12 | K34: 623 | L34: 651 | M34: =Tabla1[[#This Row],[Población meta programatica2026 (20251228) niños de 5 años]]/12 | N34: =BX34 | O34: =BY34 | P34: =BL34 | R34: SAN ANDRES ISLAS | S34: 88 | T34: =SUMIF($A$2:$A$1123,S34,$E$2:$E$1123) | U34: =SUMIF($A$3:$A$1122,S34,$G$3:$G$1122) | V34: =SUMIF($A$3:$A$1122,S34,$I$3:$I$1122) | W34: =SUMIF($A$2:$A$1123,$S34,$L$2:$L$1123) | X34: =SUMIF($A$2:$A$1123,$S34,$N$2:$N$1123) | Y34: =SUMIF($A$2:$A$1123,$S34,$O$2:$O$1123) | AI34: 05148 | AJ34: =AI34=Tabla1[[#This Row],[Divipola]] | AK34: 648 | AL34: 641 | AM34: 632 | AN34: 614 | AO34: 591 | AP34: 567 | AQ34: 543 | AR34: 514 | AS34: 484 | AT34: 458 | AU34: 430 | AV34: 399 | AW34: 364 | AX34: 333 | AY34: 302 | AZ34: 273 | BA34: 255 | BB34: 223 | BC34: 199 | BD34: 178 | BE34: 158 | BF34: 136 | BG34: 118 | BH34: 107 | BI34: 89 | BJ34: 404 | BK34: =SUM(AK34:BJ34) | BL34: =INT(BK34*$BM$1) | BP34: =(Tabla1[[#This Row],[Población meta programatica 2026 (20251228) menores 1 año]]/12)*9 | BQ34: =BP34 | BS34: =(Tabla1[[#This Row],[Población meta programatica2026 (20251228) niños de 1 año]]/12)*9 | BT34: 316 | BU34: =BS34-BT34 | BX34: 316 | BY34: 354 | BZ34: 05148 | CA34: =BZ34=Tabla1[[#This Row],[Divipola]]
A35: 05 | B35: ANTIOQUIA | C35: CAROLINA | D35: 05150 | E35: 3 | F35: =Tabla1[[#This Row],[Meta Programatica2026 (20251228) RN]]/12 | G35: 15 | H35: =Tabla1[[#This Row],[Población meta programatica 2026 (20251228) menores 1 año]]/12 | I35: 17 | J35: =Tabla1[[#This Row],[Población meta programatica2026 (20251228) niños de 1 año]]/12 | K35: 23 | L35: 30 | M35: =Tabla1[[#This Row],[Población meta programatica2026 (20251228) niños de 5 años]]/12 | N35: =BX35 | O35: =BY35 | P35: =BL35 | R35: AMAZONAS | S35: 91 | T35: =SUMIF($A$2:$A$1123,S35,$E$2:$E$1123) | U35: =SUMIF($A$3:$A$1122,S35,$G$3:$G$1122) | V35: =SUMIF($A$3:$A$1122,S35,$I$3:$I$1122) | W35: =SUMIF($A$2:$A$1123,$S35,$L$2:$L$1123) | X35: =SUMIF($A$2:$A$1123,$S35,$N$2:$N$1123) | Y35: =SUMIF($A$2:$A$1123,$S35,$O$2:$O$1123) | AI35: 05150 | AJ35: =AI35=Tabla1[[#This Row],[Divipola]] | AK35: 67 | AL35: 61 | AM35: 60 | AN35: 58 | AO35: 57 | AP35: 57 | AQ35: 49 | AR35: 49 | AS35: 51 | AT35: 48 | AU35: 45 | AV35: 42 | AW35: 39 | AX35: 41 | AY35: 37 | AZ35: 36 | BA35: 29 | BB35: 34 | BC35: 27 | BD35: 23 | BE35: 22 | BF35: 17 | BG35: 15 | BH35: 16 | BI35: 12 | BJ35: 68 | BK35: =SUM(AK35:BJ35) | BL35: =INT(BK35*$BM$1) | BP35: =(Tabla1[[#This Row],[Población meta programatica 2026 (20251228) menores 1 año]]/12)*9 | BQ35: =BP35 | BS35: =(Tabla1[[#This Row],[Población meta programatica2026 (20251228) niños de 1 año]]/12)*9 | BT35: 6 | BU35: =BS35-BT35 | BX35: 11 | BY35: 18 | BZ35: 05150 | CA35: =BZ35=Tabla1[[#This Row],[Divipola]]
A36: 05 | B36: ANTIOQUIA | C36: CAUCASIA | D36: 05154 | E36: 2996 | F36: =Tabla1[[#This Row],[Meta Programatica2026 (20251228) RN]]/12 | G36: 1096 | H36: =Tabla1[[#This Row],[Población meta programatica 2026 (20251228) menores 1 año]]/12 | I36: 1139 | J36: =Tabla1[[#This Row],[Población meta programatica2026 (20251228) niños de 1 año]]/12 | K36: 1626 | L36: 1378 | M36: =Tabla1[[#This Row],[Población meta programatica2026 (20251228) niños de 5 años]]/12 | N36: =BX36 | O36: =BY36 | P36: =BL36 | R36: GUAINIA | S36: 94 | T36: =SUMIF($A$2:$A$1123,S36,$E$2:$E$1123) | U36: =SUMIF($A$3:$A$1122,S36,$G$3:$G$1122) | V36: =SUMIF($A$3:$A$1122,S36,$I$3:$I$1122) | W36: =SUMIF($A$2:$A$1123,$S36,$L$2:$L$1123) | X36: =SUMIF($A$2:$A$1123,$S36,$N$2:$N$1123) | Y36: =SUMIF($A$2:$A$1123,$S36,$O$2:$O$1123) | AI36: 05154 | AJ36: =AI36=Tabla1[[#This Row],[Divipola]] | AK36: 844 | AL36: 819 | AM36: 791 | AN36: 754 | AO36: 721 | AP36: 683 | AQ36: 644 | AR36: 601 | AS36: 558 | AT36: 511 | AU36: 475 | AV36: 437 | AW36: 404 | AX36: 375 | AY36: 349 | AZ36: 323 | BA36: 302 | BB36: 278 | BC36: 256 | BD36: 241 | BE36: 216 | BF36: 192 | BG36: 173 | BH36: 150 | BI36: 125 | BJ36: 588 | BK36: =SUM(AK36:BJ36) | BL36: =INT(BK36*$BM$1) | BP36: =(Tabla1[[#This Row],[Población meta programatica 2026 (20251228) menores 1 año]]/12)*9 | BQ36: =BP36 | BS36: =(Tabla1[[#This Row],[Población meta programatica2026 (20251228) niños de 1 año]]/12)*9 | BT36: 696 | BU36: =BS36-BT36 | BX36: 857 | BY36: 861 | BZ36: 05154 | CA36: =BZ36=Tabla1[[#This Row],[Divipola]]
A37: 05 | B37: ANTIOQUIA | C37: CHIGORODO | D37: 05172 | E37: 1433 | F37: =Tabla1[[#This Row],[Meta Programatica2026 (20251228) RN]]/12 | G37: 884 | H37: =Tabla1[[#This Row],[Población meta programatica 2026 (20251228) menores 1 año]]/12 | I37: 921 | J37: =Tabla1[[#This Row],[Población meta programatica2026 (20251228) niños de 1 año]]/12 | K37: 1343 | L37: 1144 | M37: =Tabla1[[#This Row],[Población meta programatica2026 (20251228) niños de 5 años]]/12 | N37: =BX37 | O37: =BY37 | P37: =BL37 | R37: GUAVIARE | S37: 95 | T37: =SUMIF($A$2:$A$1123,S37,$E$2:$E$1123) | U37: =SUMIF($A$3:$A$1122,S37,$G$3:$G$1122) | V37: =SUMIF($A$3:$A$1122,S37,$I$3:$I$1122) | W37: =SUMIF($A$2:$A$1123,$S37,$L$2:$L$1123) | X37: =SUMIF($A$2:$A$1123,$S37,$N$2:$N$1123) | Y37: =SUMIF($A$2:$A$1123,$S37,$O$2:$O$1123) | AI37: 05172 | AJ37: =AI37=Tabla1[[#This Row],[Divipola]] | AK37: 463 | AL37: 447 | AM37: 427 | AN37: 412 | AO37: 388 | AP37: 362 | AQ37: 341 | AR37: 317 | AS37: 299 | AT37: 281 | AU37: 264 | AV37: 248 | AW37: 227 | AX37: 214 | AY37: 199 | AZ37: 183 | BA37: 177 | BB37: 158 | BC37: 149 | BD37: 134 | BE37: 120 | BF37: 106 | BG37: 88 | BH37: 81 | BI37: 69 | BJ37: 306 | BK37: =SUM(AK37:BJ37) | BL37: =INT(BK37*$BM$1) | BP37: =(Tabla1[[#This Row],[Población meta programatica 2026 (20251228) menores 1 año]]/12)*9 | BQ37: =BP37 | BS37: =(Tabla1[[#This Row],[Población meta programatica2026 (20251228) niños de 1 año]]/12)*9 | BT37: 734 | BU37: =BS37-BT37 | BX37: 586 | BY37: 575 | BZ37: 05172 | CA37: =BZ37=Tabla1[[#This Row],[Divipola]]
A38: 05 | B38: ANTIOQUIA | C38: CISNEROS | D38: 05190 | E38: 21 | F38: =Tabla1[[#This Row],[Meta Programatica2026 (20251228) RN]]/12 | G38: 78 | H38: =Tabla1[[#This Row],[Población meta programatica 2026 (20251228) menores 1 año]]/12 | I38: 94 | J38: =Tabla1[[#This Row],[Población meta programatica2026 (20251228) niños de 1 año]]/12 | K38: 119 | L38: 139 | M38: =Tabla1[[#This Row],[Población meta programatica2026 (20251228) niños de 5 años]]/12 | N38: =BX38 | O38: =BY38 | P38: =BL38 | R38: VAUPES | S38: 97 | T38: =SUMIF($A$2:$A$1123,S38,$E$2:$E$1123) | U38: =SUMIF($A$3:$A$1122,S38,$G$3:$G$1122) | V38: =SUMIF($A$3:$A$1122,S38,$I$3:$I$1122) | W38: =SUMIF($A$2:$A$1123,$S38,$L$2:$L$1123) | X38: =SUMIF($A$2:$A$1123,$S38,$N$2:$N$1123) | Y38: =SUMIF($A$2:$A$1123,$S38,$O$2:$O$1123) | AI38: 05190 | AJ38: =AI38=Tabla1[[#This Row],[Divipola]] | AK38: 139 | AL38: 136 | AM38: 134 | AN38: 129 | AO38: 129 | AP38: 122 | AQ38: 119 | AR38: 117 | AS38: 107 | AT38: 105 | AU38: 99 | AV38: 95 | AW38: 91 | AX38: 86 | AY38: 82 | AZ38: 79 | BA38: 73 | BB38: 67 | BC38: 65 | BD38: 63 | BE38: 51 | BF38: 45 | BG38: 43 | BH38: 37 | BI38: 32 | BJ38: 132 | BK38: =SUM(AK38:BJ38) | BL38: =INT(BK38*$BM$1) | BP38: =(Tabla1[[#This Row],[Población meta programatica 2026 (20251228) menores 1 año]]/12)*9 | BQ38: =BP38 | BS38: =(Tabla1[[#This Row],[Población meta programatica2026 (20251228) niños de 1 año]]/12)*9 | BT38: 75 | BU38: =BS38-BT38 | BX38: 103 | BY38: 80 | BZ38: 05190 | CA38: =BZ38=Tabla1[[#This Row],[Divipola]]
A39: 05 | B39: ANTIOQUIA | C39: COCORNA | D39: 05197 | E39: 35 | F39: =Tabla1[[#This Row],[Meta Programatica2026 (20251228) RN]]/12 | G39: 121 | H39: =Tabla1[[#This Row],[Población meta programatica 2026 (20251228) menores 1 año]]/12 | I39: 135 | J39: =Tabla1[[#This Row],[Población meta programatica2026 (20251228) niños de 1 año]]/12 | K39: 192 | L39: 194 | M39: =Tabla1[[#This Row],[Población meta programatica2026 (20251228) niños de 5 años]]/12 | N39: =BX39 | O39: =BY39 | P39: =BL39 | R39: VICHADA | S39: 99 | T39: =SUMIF($A$2:$A$1123,S39,$E$2:$E$1123) | U39: =SUMIF($A$3:$A$1122,S39,$G$3:$G$1122) | V39: =SUMIF($A$3:$A$1122,S39,$I$3:$I$1122) | W39: =SUMIF($A$2:$A$1123,$S39,$L$2:$L$1123) | X39: =SUMIF($A$2:$A$1123,$S39,$N$2:$N$1123) | Y39: =SUMIF($A$2:$A$1123,$S39,$O$2:$O$1123) | AI39: 05197 | AJ39: =AI39=Tabla1[[#This Row],[Divipola]] | AK39: 196 | AL39: 200 | AM39: 193 | AN39: 191 | AO39: 185 | AP39: 183 | AQ39: 176 | AR39: 167 | AS39: 164 | AT39: 155 | AU39: 151 | AV39: 143 | AW39: 133 | AX39: 126 | AY39: 123 | AZ39: 111 | BA39: 111 | BB39: 101 | BC39: 92 | BD39: 85 | BE39: 79 | BF39: 77 | BG39: 64 | BH39: 57 | BI39: 48 | BJ39: 228 | BK39: =SUM(AK39:BJ39) | BL39: =INT(BK39*$BM$1) | BP39: =(Tabla1[[#This Row],[Población meta programatica 2026 (20251228) menores 1 año]]/12)*9 | BQ39: =BP39 | BS39: =(Tabla1[[#This Row],[Población meta programatica2026 (20251228) niños de 1 año]]/12)*9 | BT39: 94 | BU39: =BS39-BT39 | BX39: 94 | BY39: 106 | BZ39: 05197 | CA39: =BZ39=Tabla1[[#This Row],[Divipola]]
A40: 05 | B40: ANTIOQUIA | C40: CONCEPCION | D40: 05206 | E40: 4 | F40: =Tabla1[[#This Row],[Meta Programatica2026 (20251228) RN]]/12 | G40: 19 | H40: =Tabla1[[#This Row],[Población meta programatica 2026 (20251228) menores 1 año]]/12 | I40: 21 | J40: =Tabla1[[#This Row],[Población meta programatica2026 (20251228) niños de 1 año]]/12 | K40: 32 | L40: 38 | M40: =Tabla1[[#This Row],[Población meta programatica2026 (20251228) niños de 5 años]]/12 | N40: =BX40 | O40: =BY40 | P40: =BL40 | R40: TOTAL NACIONAL | U40: =SUM(U2:U39) | V40: =SUM(V2:V39) | W40: =SUM(W2:W39) | X40: =SUM(X2:X39) | Y40: =SUM(Y2:Y39) | Z40: =SUM(Z2:Z39) | AA40: =SUM(AA2:AA39) | AB40: =SUM(AB2:AB39) | ... AG40: =SUM(AG2:AG39) | AI40: 05206 | AJ40: =AI40=Tabla1[[#This Row],[Divipola]] | AK40: 70 | AL40: 67 | AM40: 70 | AN40: 64 | AO40: 68 | AP40: 60 | AQ40: 63 | AR40: 58 | AS40: 55 | AT40: 51 | AU40: 53 | AV40: 46 | AW40: 47 | AX40: 41 | AY40: 40 | AZ40: 35 | BA40: 33 | BB40: 32 | BC40: 30 | BD40: 31 | BE40: 28 | BF40: 23 | BG40: 21 | BH40: 18 | BI40: 17 | BJ40: 87 | BK40: =SUM(AK40:BJ40) | BL40: =INT(BK40*$BM$1) | BP40: =(Tabla1[[#This Row],[Población meta programatica 2026 (20251228) menores 1 año]]/12)*9 | BQ40: =BP40 | BS40: =(Tabla1[[#This Row],[Población meta programatica2026 (20251228) niños de 1 año]]/12)*9 | BT40: 10 | BU40: =BS40-BT40 | BX40: 23 | BY40: 23 | BZ40: 05206 | CA40: =BZ40=Tabla1[[#This Row],[Divipola]]
A41: 05 | B41: ANTIOQUIA | C41: CONCORDIA | D41: 05209 | E41: 29 | F41: =Tabla1[[#This Row],[Meta Programatica2026 (20251228) RN]]/12 | G41: 108 | H41: =Tabla1[[#This Row],[Población meta programatica 2026 (20251228) menores 1 año]]/12 | I41: 116 | J41: =Tabla1[[#This Row],[Población meta programatica2026 (20251228) niños de 1 año]]/12 | K41: 170 | L41: 159 | M41: =Tabla1[[#This Row],[Población meta programatica2026 (20251228) niños de 5 años]]/12 | N41: =BX41 | O41: =BY41 | P41: =BL41 | AI41: 05209 | AJ41: =AI41=Tabla1[[#This Row],[Divipola]] | AK41: 269 | AL41: 267 | AM41: 270 | AN41: 263 | AO41: 257 | AP41: 245 | AQ41: 241 | AR41: 231 | AS41: 221 | AT41: 210 | AU41: 204 | AV41: 189 | AW41: 179 | AX41: 166 | AY41: 157 | AZ41: 145 | BA41: 133 | BB41: 125 | BC41: 110 | BD41: 107 | BE41: 94 | BF41: 80 | BG41: 73 | BH41: 62 | BI41: 54 | BJ41: 229 | BK41: =SUM(AK41:BJ41) | BL41: =INT(BK41*$BM$1) | BP41: =(Tabla1[[#This Row],[Población meta programatica 2026 (20251228) menores 1 año]]/12)*9 | BQ41: =BP41 | BS41: =(Tabla1[[#This Row],[Población meta programatica2026 (20251228) niños de 1 año]]/12)*9 | BT41: 78 | BU41: =BS41-BT41 | BX41: 105 | BY41: 111 | BZ41: 05209 | CA41: =BZ41=Tabla1[[#This Row],[Divipola]]
A42: 05 | B42: ANTIOQUIA | C42: COPACABANA | D42: 05212 | E42: 73 | F42: =Tabla1[[#This Row],[Meta Programatica2026 (20251228) RN]]/12 | G42: 364 | H42: =Tabla1[[#This Row],[Población meta programatica 2026 (20251228) menores 1 año]]/12 | I42: 405 | J42: =Tabla1[[#This Row],[Población meta programatica2026 (20251228) niños de 1 año]]/12 | K42: 571 | L42: 541 | M42: =Tabla1[[#This Row],[Población meta programatica2026 (20251228) niños de 5 años]]/12 | N42: =BX42 | O42: =BY42 | P42: =BL42 | AI42: 05212 | AJ42: =AI42=Tabla1[[#This Row],[Divipola]] | AK42: 1086 | AL42: 1060 | AM42: 1027 | AN42: 979 | AO42: 933 | AP42: 885 | AQ42: 834 | AR42: 791 | AS42: 745 | AT42: 693 | AU42: 644 | AV42: 601 | AW42: 554 | AX42: 516 | AY42: 482 | AZ42: 446 | BA42: 409 | BB42: 378 | BC42: 343 | BD42: 316 | BE42: 286 | BF42: 257 | BG42: 226 | BH42: 199 | BI42: 173 | BJ42: 809 | BK42: =SUM(AK42:BJ42) | BL42: =INT(BK42*$BM$1) | BP42: =(Tabla1[[#This Row],[Población meta programatica 2026 (20251228) menores 1 año]]/12)*9 | BQ42: =BP42 | BS42: =(Tabla1[[#This Row],[Población meta programatica2026 (20251228) niños de 1 año]]/12)*9 | BT42: 244 | BU42: =BS42-BT42 | BX42: 305 | BY42: 362 | BZ42: 05212 | CA42: =BZ42=Tabla1[[#This Row],[Divipola]]
A43: 05 | B43: ANTIOQUIA | C43: DABEIBA | D43: 05234 | E43: 136 | F43: =Tabla1[[#This Row],[Meta Programatica2026 (20251228) RN]]/12 | G43: 234 | H43: =Tabla1[[#This Row],[Población meta programatica 2026 (20251228) menores 1 año]]/12 | I43: 297 | J43: =Tabla1[[#This Row],[Población meta programatica2026 (20251228) niños de 1 año]]/12 | K43: 413 | L43: 364 | M43: =Tabla1[[#This Row],[Población meta programatica2026 (20251228) niños de 5 años]]/12 | N43: =BX43 | O43: =BY43 | P43: =BL43 | AI43: 05234 | AJ43: =AI43=Tabla1[[#This Row],[Divipola]] | AK43: 188 | AL43: 185 | AM43: 175 | AN43: 172 | AO43: 163 | AP43: 159 | AQ43: 150 | AR43: 146 | AS43: 140 | AT43: 141 | AU43: 135 | AV43: 131 | AW43: 126 | AX43: 120 | AY43: 117 | AZ43: 107 | BA43: 102 | BB43: 93 | BC43: 86 | BD43: 79 | BE43: 73 | BF43: 60 | BG43: 55 | BH43: 51 | BI43: 41 | BJ43: 228 | BK43: =SUM(AK43:BJ43) | BL43: =INT(BK43*$BM$1) | BP43: =(Tabla1[[#This Row],[Población meta programatica 2026 (20251228) menores 1 año]]/12)*9 | BQ43: =BP43 | BS43: =(Tabla1[[#This Row],[Población meta programatica2026 (20251228) niños de 1 año]]/12)*9 | BT43: 158 | BU43: =BS43-BT43 | BX43: 217 | BY43: 239 | BZ43: 05234 | CA43: =BZ43=Tabla1[[#This Row],[Divipola]]
A44: 05 | B44: ANTIOQUIA | C44: DON MATIAS | D44: 05237 | E44: 38 | F44: =Tabla1[[#This Row],[Meta Programatica2026 (20251228) RN]]/12 | G44: 143 | H44: =Tabla1[[#This Row],[Población meta programatica 2026 (20251228) menores 1 año]]/12 | I44: 148 | J44: =Tabla1[[#This Row],[Población meta programatica2026 (20251228) niños de 1 año]]/12 | K44: 218 | L44: 225 | M44: =Tabla1[[#This Row],[Población meta programatica2026 (20251228) niños de 5 años]]/12 | N44: =BX44 | O44: =BY44 | P44: =BL44 | AI44: 05237 | AJ44: =AI44=Tabla1[[#This Row],[Divipola]] | AK44: 220 | AL44: 216 | AM44: 208 | AN44: 202 | AO44: 189 | AP44: 179 | AQ44: 171 | AR44: 168 | AS44: 157 | AT44: 148 | AU44: 140 | AV44: 128 | AW44: 120 | AX44: 116 | AY44: 108 | AZ44: 99 | BA44: 87 | BB44: 81 | BC44: 74 | BD44: 66 | BE44: 58 | BF44: 53 | BG44: 46 | BH44: 38 | BI44: 36 | BJ44: 197 | BK44: =SUM(AK44:BJ44) | BL44: =INT(BK44*$BM$1) | BP44: =(Tabla1[[#This Row],[Población meta programatica 2026 (20251228) menores 1 año]]/12)*9 | BQ44: =BP44 | BS44: =(Tabla1[[#This Row],[Población meta programatica2026 (20251228) niños de 1 año]]/12)*9 | BT44: 102 | BU44: =BS44-BT44 | BX44: 115 | BY44: 140 | BZ44: 05237 | CA44: =BZ44=Tabla1[[#This Row],[Divipola]]
A45: 05 | B45: ANTIOQUIA | C45: EBEJICO | D45: 05240 | E45: 10 | F45: =Tabla1[[#This Row],[Meta Programatica2026 (20251228) RN]]/12 | G45: 41 | H45: =Tabla1[[#This Row],[Población meta programatica 2026 (20251228) menores 1 año]]/12 | I45: 43 | J45: =Tabla1[[#This Row],[Población meta programatica2026 (20251228) niños de 1 año]]/12 | K45: 65 | L45: 85 | M45: =Tabla1[[#This Row],[Población meta programatica2026 (20251228) niños de 5 años]]/12 | N45: =BX45 | O45: =BY45 | P45: =BL45 | AI45: 05240 | AJ45: =AI45=Tabla1[[#This Row],[Divipola]] | AK45: 201 | AL45: 202 | AM45: 199 | AN45: 201 | AO45: 192 | AP45: 188 | AQ45: 180 | AR45: 176 | AS45: 165 | AT45: 158 | AU45: 152 | AV45: 141 | AW45: 136 | AX45: 126 | AY45: 119 | AZ45: 109 | BA45: 105 | BB45: 93 | BC45: 87 | BD45: 77 | BE45: 72 | BF45: 64 | BG45: 56 | BH45: 47 | BI45: 47 | BJ45: 214 | BK45: =SUM(AK45:BJ45) | BL45: =INT(BK45*$BM$1) | BP45: =(Tabla1[[#This Row],[Población meta programatica 2026 (20251228) menores 1 año]]/12)*9 | BQ45: =BP45 | BS45: =(Tabla1[[#This Row],[Población meta programatica2026 (20251228) niños de 1 año]]/12)*9 | BT45: 44 | BU45: =BS45-BT45 | BX45: 103 | BY45: 57 | BZ45: 05240 | CA45: =BZ45=Tabla1[[#This Row],[Divipola]]
A46: 05 | B46: ANTIOQUIA | C46: EL BAGRE | D46: 05250 | E46: 147 | F46: =Tabla1[[#This Row],[Meta Programatica2026 (20251228) RN]]/12 | G46: 805 | H46: =Tabla1[[#This Row],[Población meta programatica 2026 (20251228) menores 1 año]]/12 | I46: 892 | J46: =Tabla1[[#This Row],[Población meta programatica2026 (20251228) niños de 1 año]]/12 | K46: 1228 | L46: 801 | M46: =Tabla1[[#This Row],[Población meta programatica2026 (20251228) niños de 5 años]]/12 | N46: =BX46 | O46: =BY46 | P46: =BL46 | AI46: 05250 | AJ46: =AI46=Tabla1[[#This Row],[Divipola]] | AK46: 437 | AL46: 424 | AM46: 404 | AN46: 383 | AO46: 363 | AP46: 342 | AQ46: 326 | AR46: 301 | AS46: 279 | AT46: 259 | AU46: 243 | AV46: 220 | AW46: 207 | AX46: 192 | AY46: 173 | AZ46: 159 | BA46: 145 | BB46: 131 | BC46: 121 | BD46: 111 | BE46: 98 | BF46: 90 | BG46: 82 | BH46: 69 | BI46: 59 | BJ46: 277 | BK46: =SUM(AK46:BJ46) | BL46: =INT(BK46*$BM$1) | BP46: =(Tabla1[[#This Row],[Población meta programatica 2026 (20251228) menores 1 año]]/12)*9 | BQ46: =BP46 | BS46: =(Tabla1[[#This Row],[Población meta programatica2026 (20251228) niños de 1 año]]/12)*9 | BT46: 354 | BU46: =BS46-BT46 | BX46: 586 | BY46: 597 | BZ46: 05250 | CA46: =BZ46=Tabla1[[#This Row],[Divipola]]
A47: 05 | B47: ANTIOQUIA | C47: ENTRERRIOS | D47: 05264 | E47: 24 | F47: =Tabla1[[#This Row],[Meta Programatica2026 (20251228) RN]]/12 | G47: 72 | H47: =Tabla1[[#This Row],[Población meta programatica 2026 (20251228) menores 1 año]]/12 | I47: 74 | J47: =Tabla1[[#This Row],[Población meta programatica2026 (20251228) niños de 1 año]]/12 | K47: 122 | L47: 122 | M47: =Tabla1[[#This Row],[Población meta programatica2026 (20251228) niños de 5 años]]/12 | N47: =BX47 | O47: =BY47 | P47: =BL47 | AI47: 05264 | AJ47: =AI47=Tabla1[[#This Row],[Divipola]] | AK47: 119 | AL47: 117 | AM47: 113 | AN47: 111 | AO47: 103 | AP47: 99 | AQ47: 93 | AR47: 87 | AS47: 82 | AT47: 77 | AU47: 69 | AV47: 63 | AW47: 60 | AX47: 55 | AY47: 51 | AZ47: 44 | BA47: 40 | BB47: 39 | BC47: 38 | BD47: 35 | BE47: 32 | BF47: 28 | BG47: 23 | BH47: 21 | BI47: 13 | BJ47: 80 | BK47: =SUM(AK47:BJ47) | BL47: =INT(BK47*$BM$1) | BP47: =(Tabla1[[#This Row],[Población meta programatica 2026 (20251228) menores 1 año]]/12)*9 | BQ47: =BP47 | BS47: =(Tabla1[[#This Row],[Población meta programatica2026 (20251228) niños de 1 año]]/12)*9 | BT47: 54 | BU47: =BS47-BT47 | BX47: 92 | BY47: 138 | BZ47: 05264 | CA47: =BZ47=Tabla1[[#This Row],[Divipola]]
A48: 05 | B48: ANTIOQUIA | C48: ENVIGADO | D48: 05266 | E48: 2424 | F48: =Tabla1[[#This Row],[Meta Programatica2026 (20251228) RN]]/12 | G48: 893 | H48: =Tabla1[[#This Row],[Población meta programatica 2026 (20251228) menores 1 año]]/12 | I48: 953 | J48: =Tabla1[[#This Row],[Población meta programatica2026 (20251228) niños de 1 año]]/12 | K48: 1181 | L48: 1319 | M48: =Tabla1[[#This Row],[Población meta programatica2026 (20251228) niños de 5 años]]/12 | N48: =BX48 | O48: =BY48 | P48: =BL48 | AI48: 05266 | AJ48: =AI48=Tabla1[[#This Row],[Divipola]] | AK48: 3809 | AL48: 3767 | AM48: 3690 | AN48: 3592 | AO48: 3474 | AP48: 3335 | AQ48: 3195 | AR48: 3041 | AS48: 2872 | AT48: 2700 | AU48: 2526 | AV48: 2358 | AW48: 2187 | AX48: 2022 | AY48: 1857 | AZ48: 1705 | BA48: 1561 | BB48: 1421 | BC48: 1293 | BD48: 1169 | BE48: 1050 | BF48: 931 | BG48: 820 | BH48: 721 | BI48: 629 | BJ48: 3201 | BK48: =SUM(AK48:BJ48) | BL48: =INT(BK48*$BM$1) | BP48: =(Tabla1[[#This Row],[Población meta programatica 2026 (20251228) menores 1 año]]/12)*9 | BQ48: =BP48 | BS48: =(Tabla1[[#This Row],[Población meta programatica2026 (20251228) niños de 1 año]]/12)*9 | BT48: 617 | BU48: =BS48-BT48 | BX48: 802 | BY48: 812 | BZ48: 05266 | CA48: =BZ48=Tabla1[[#This Row],[Divipola]]
A49: 05 | B49: ANTIOQUIA | C49: FREDONIA | D49: 05282 | E49: 25 | F49: =Tabla1[[#This Row],[Meta Programatica2026 (20251228) RN]]/12 | G49: 91 | H49: =Tabla1[[#This Row],[Población meta programatica 2026 (20251228) menores 1 año]]/12 | I49: 111 | J49: =Tabla1[[#This Row],[Población meta programatica2026 (20251228) niños de 1 año]]/12 | K49: 149 | L49: 139 | M49: =Tabla1[[#This Row],[Población meta programatica2026 (20251228) niños de 5 años]]/12 | N49: =BX49 | O49: =BY49 | P49: =BL49 | AI49: 05282 | AJ49: =AI49=Tabla1[[#This Row],[Divipola]] | AK49: 397 | AL49: 399 | AM49: 394 | AN49: 388 | AO49: 374 | AP49: 361 | AQ49: 346 | AR49: 326 | AS49: 311 | AT49: 293 | AU49: 276 | AV49: 261 | AW49: 243 | AX49: 224 | AY49: 208 | AZ49: 195 | BA49: 180 | BB49: 167 | BC49: 153 | BD49: 141 | BE49: 121 | BF49: 107 | BG49: 97 | BH49: 84 | BI49: 75 | BJ49: 369 | BK49: =SUM(AK49:BJ49) | BL49: =INT(BK49*$BM$1) | BP49: =(Tabla1[[#This Row],[Población meta programatica 2026 (20251228) menores 1 año]]/12)*9 | BQ49: =BP49 | BS49: =(Tabla1[[#This Row],[Población meta programatica2026 (20251228) niños de 1 año]]/12)*9 | BT49: 56 | BU49: =BS49-BT49 | BX49: 125 | BY49: 114 | BZ49: 05282 | CA49: =BZ49=Tabla1[[#This Row],[Divipola]]
A50: 05 | B50: ANTIOQUIA | C50: FRONTINO | D50: 05284 | E50: 163 | F50: =Tabla1[[#This Row],[Meta Programatica2026 (20251228) RN]]/12 | G50: 251 | H50: =Tabla1[[#This Row],[Población meta programatica 2026 (20251228) menores 1 año]]/12 | I50: 318 | J50: =Tabla1[[#This Row],[Población meta programatica2026 (20251228) niños de 1 año]]/12 | K50: 426 | L50: 346 | M50: =Tabla1[[#This Row],[Población meta programatica2026 (20251228) niños de 5 años]]/12 | N50: =BX50 | O50: =BY50 | P50: =BL50 | AI50: 05284 | AJ50: =AI50=Tabla1[[#This Row],[Divipola]] | AK50: 214 | AL50: 209 | AM50: 203 | AN50: 197 | AO50: 190 | AP50: 186 | AQ50: 175 | AR50: 171 | AS50: 166 | AT50: 161 | AU50: 154 | AV50: 149 | AW50: 138 | AX50: 130 | AY50: 122 | AZ50: 113 | BA50: 106 | BB50: 97 | BC50: 92 | BD50: 79 | BE50: 74 | BF50: 63 | BG50: 58 | BH50: 51 | BI50: 44 | BJ50: 201 | BK50: =SUM(AK50:BJ50) | BL50: =INT(BK50*$BM$1) | BP50: =(Tabla1[[#This Row],[Población meta programatica 2026 (20251228) menores 1 año]]/12)*9 | BQ50: =BP50 | BS50: =(Tabla1[[#This Row],[Población meta programatica2026 (20251228) niños de 1 año]]/12)*9 | BT50: 135 | BU50: =BS50-BT50 | BX50: 218 | BY50: 207 | BZ50: 05284 | CA50: =BZ50=Tabla1[[#This Row],[Divipola]]
A51: 05 | B51: ANTIOQUIA | C51: GIRALDO | D51: 05306 | E51: 15 | F51: =Tabla1[[#This Row],[Meta Programatica2026 (20251228) RN]]/12 | G51: 61 | H51: =Tabla1[[#This Row],[Población meta programatica 2026 (20251228) menores 1 año]]/12 | I51: 65 | J51: =Tabla1[[#This Row],[Población meta programatica2026 (20251228) niños de 1 año]]/12 | K51: 88 | L51: 75 | M51: =Tabla1[[#This Row],[Población meta programatica2026 (20251228) niños de 5 años]]/12 | N51: =BX51 | O51: =BY51 | P51: =BL51 | AI51: 05306 | AJ51: =AI51=Tabla1[[#This Row],[Divipola]] | AK51: 56 | AL51: 54 | AM51: 57 | AN51: 51 | AO51: 55 | AP51: 50 | AQ51: 50 | AR51: 49 | AS51: 44 | AT51: 44 | AU51: 42 | AV51: 37 | AW51: 37 | AX51: 37 | AY51: 36 | AZ51: 33 | BA51: 31 | BB51: 29 | BC51: 26 | BD51: 24 | BE51: 26 | BF51: 23 | BG51: 19 | BH51: 17 | BI51: 13 | BJ51: 78 | BK51: =SUM(AK51:BJ51) | BL51: =INT(BK51*$BM$1) | BP51: =(Tabla1[[#This Row],[Población meta programatica 2026 (20251228) menores 1 año]]/12)*9 | BQ51: =BP51 | BS51: =(Tabla1[[#This Row],[Población meta programatica2026 (20251228) niños de 1 año]]/12)*9 | BT51: 44 | BU51: =BS51-BT51 | BX51: 41 | BY51: 46 | BZ51: 05306 | CA51: =BZ51=Tabla1[[#This Row],[Divipola]]
A52: 05 | B52: ANTIOQUIA | C52: GIRARDOTA | D52: 05308 | E52: 84 | F52: =Tabla1[[#This Row],[Meta Programatica2026 (20251228) RN]]/12 | G52: 357 | H52: =Tabla1[[#This Row],[Población meta programatica 2026 (20251228) menores 1 año]]/12 | I52: 373 | J52: =Tabla1[[#This Row],[Población meta programatica2026 (20251228) niños de 1 año]]/12 | K52: 515 | L52: 498 | M52: =Tabla1[[#This Row],[Población meta programatica2026 (20251228) niños de 5 años]]/12 | N52: =BX52 | O52: =BY52 | P52: =BL52 | AI52: 05308 | AJ52: =AI52=Tabla1[[#This Row],[Divipola]] | AK52: 680 | AL52: 668 | AM52: 646 | AN52: 621 | AO52: 595 | AP52: 567 | AQ52: 536 | AR52: 508 | AS52: 478 | AT52: 444 | AU52: 417 | AV52: 387 | AW52: 361 | AX52: 335 | AY52: 309 | AZ52: 286 | BA52: 260 | BB52: 235 | BC52: 214 | BD52: 195 | BE52: 173 | BF52: 150 | BG52: 137 | BH52: 117 | BI52: 105 | BJ52: 566 | BK52: =SUM(AK52:BJ52) | BL52: =INT(BK52*$BM$1) | BP52: =(Tabla1[[#This Row],[Población meta programatica 2026 (20251228) menores 1 año]]/12)*9 | BQ52: =BP52 | BS52: =(Tabla1[[#This Row],[Población meta programatica2026 (20251228) niños de 1 año]]/12)*9 | BT52: 315 | BU52: =BS52-BT52 | BX52: 277 | BY52: 289 | BZ52: 05308 | CA52: =BZ52=Tabla1[[#This Row],[Divipola]]
... A596: 27 | B596: CHOCÓ | C596: NOVITA | D596: 27491 | E596: 63 | F596: =Tabla1[[#This Row],[Meta Programatica2026 (20251228) RN]]/12 | G596: 71 | H596: =Tabla1[[#This Row],[Población meta programatica 2026 (20251228) menores 1 año]]/12 | I596: 85 | J596: =Tabla1[[#This Row],[Población meta programatica2026 (20251228) niños de 1 año]]/12 | K596: 118 | L596: 94 | M596: =Tabla1[[#This Row],[Población meta programatica2026 (20251228) niños de 5 años]]/12 | N596: =BX596 | O596: =BY596 | P596: =BL596 | AI596: 27491 | AJ596: =AI596=Tabla1[[#This Row],[Divipola]] | AK596: 80 | AL596: 80 | AM596: 79 | AN596: 82 | AO596: 75 | AP596: 80 | AQ596: 78 | AR596: 70 | AS596: 69 | AT596: 60 | AU596: 55 | AV596: 54 | AW596: 45 | AX596: 47 | AY596: 40 | AZ596: 32 | BA596: 34 | BB596: 32 | BC596: 25 | BD596: 23 | BE596: 19 | BF596: 20 | BG596: 20 | BH596: 16 | BI596: 20 | BJ596: 163 | BK596: =SUM(AK596:BJ596) | BL596: =INT(BK596*$BM$1) | BP596: =(Tabla1[[#This Row],[Población meta programatica 2026 (20251228) menores 1 año]]/12)*9 | BQ596: =BP596 | BS596: =(Tabla1[[#This Row],[Población meta programatica2026 (20251228) niños de 1 año]]/12)*9 | BT596: 28 | BU596: =BS596-BT596 | BX596: 84 | BY596: 81 | BZ596: 27491 | CA596: =BZ596=Tabla1[[#This Row],[Divipola]]
A597: 27 | B597: CHOCÓ | C597: NUEVO BELEN DE BAJIRA | D597: 27493 | E597: 99 | F597: =Tabla1[[#This Row],[Meta Programatica2026 (20251228) RN]]/12 | G597: 455 | H597: =Tabla1[[#This Row],[Población meta programatica 2026 (20251228) menores 1 año]]/12 | I597: 505 | J597: =Tabla1[[#This Row],[Población meta programatica2026 (20251228) niños de 1 año]]/12 | K597: 551 | L597: 333 | M597: =Tabla1[[#This Row],[Población meta programatica2026 (20251228) niños de 5 años]]/12 | N597: =BX597 | O597: =BY597 | P597: =BL597 | AI597: 27493 | BK597: =SUM(AK597:BJ597) | BL597: =INT(BK597*$BM$1) | BP597: =(Tabla1[[#This Row],[Población meta programatica 2026 (20251228) menores 1 año]]/12)*9 | BQ597: =BP597 | BS597: =(Tabla1[[#This Row],[Población meta programatica2026 (20251228) niños de 1 año]]/12)*9 | BT597: 0 | BU597: =BS597-BT597 | BX597: 295 | BY597: 326 | BZ597: 27493 | CA597: =BZ597=Tabla1[[#This Row],[Divipola]] | CB597: 0
A598: 27 | B598: CHOCÓ | C598: NUQUI | D598: 27495 | E598: 145 | F598: =Tabla1[[#This Row],[Meta Programatica2026 (20251228) RN]]/12 | G598: 143 | H598: =Tabla1[[#This Row],[Población meta programatica 2026 (20251228) menores 1 año]]/12 | I598: 159 | J598: =Tabla1[[#This Row],[Población meta programatica2026 (20251228) niños de 1 año]]/12 | K598: 210 | L598: 187 | M598: =Tabla1[[#This Row],[Población meta programatica2026 (20251228) niños de 5 años]]/12 | N598: =BX598 | O598: =BY598 | P598: =BL598 | AI598: 27495 | AJ598: =AI598=Tabla1[[#This Row],[Divipola]] | AK598: 110 | AL598: 111 | AM598: 101 | AN598: 104 | AO598: 99 | AP598: 102 | AQ598: 97 | AR598: 97 | AS598: 88 | AT598: 89 | AU598: 67 | AV598: 66 | AW598: 66 | AX598: 67 | AY598: 62 | AZ598: 61 | BA598: 37 | BB598: 38 | BC598: 31 | BD598: 30 | BE598: 28 | BF598: 26 | BG598: 21 | BH598: 20 | BI598: 18 | BJ598: 131 | BK598: =SUM(AK598:BJ598) | BL598: =INT(BK598*$BM$1) | BP598: =(Tabla1[[#This Row],[Población meta programatica 2026 (20251228) menores 1 año]]/12)*9 | BQ598: =BP598 | BS598: =(Tabla1[[#This Row],[Población meta programatica2026 (20251228) niños de 1 año]]/12)*9 | BT598: 105 | BU598: =BS598-BT598 | BX598: 86 | BY598: 91 | BZ598: 27495 | CA598: =BZ598=Tabla1[[#This Row],[Divipola]]
A599: 27 | B599: CHOCÓ | C599: RIO IRO | D599: 27580 | E599: 51 | F599: =Tabla1[[#This Row],[Meta Programatica2026 (20251228) RN]]/12 | G599: 57 | H599: =Tabla1[[#This Row],[Población meta programatica 2026 (20251228) menores 1 año]]/12 | I599: 62 | J599: =Tabla1[[#This Row],[Población meta programatica2026 (20251228) niños de 1 año]]/12 | K599: 94 | L599: 86 | M599: =Tabla1[[#This Row],[Población meta programatica2026 (20251228) niños de 5 años]]/12 | N599: =BX599 | O599: =BY599 | P599: =BL599 | AI599: 27580 | AJ599: =AI599=Tabla1[[#This Row],[Divipola]] | AK599: 55 | AL599: 53 | AM599: 52 | AN599: 54 | AO599: 55 | AP599: 54 | AQ599: 53 | AR599: 49 | AS599: 48 | AT599: 45 | AU599: 43 | AV599: 37 | AW599: 40 | AX599: 35 | AY599: 33 | AZ599: 29 | BA599: 30 | BB599: 26 | BC599: 26 | BD599: 22 | BE599: 20 | BF599: 18 | BG599: 20 | BH599: 17 | BI599: 16 | BJ599: 74 | BK599: =SUM(AK599:BJ599) | BL599: =INT(BK599*$BM$1) | BP599: =(Tabla1[[#This Row],[Población meta programatica 2026 (20251228) menores 1 año]]/12)*9 | BQ599: =BP599 | BS599: =(Tabla1[[#This Row],[Población meta programatica2026 (20251228) niños de 1 año]]/12)*9 | BT599: 49 | BU599: =BS599-BT599 | BX599: 65 | BY599: 67 | BZ599: 27580 | CA599: =BZ599=Tabla1[[#This Row],[Divipola]]
A600: 27 | B600: CHOCÓ | C600: RIO QUITO | D600: 27600 | E600: 83 | F600: =Tabla1[[#This Row],[Meta Programatica2026 (20251228) RN]]/12 | G600: 85 | H600: =Tabla1[[#This Row],[Población meta programatica 2026 (20251228) menores 1 año]]/12 | I600: 103 | J600: =Tabla1[[#This Row],[Población meta programatica2026 (20251228) niños de 1 año]]/12 | K600: 139 | L600: 140 | M600: =Tabla1[[#This Row],[Población meta programatica2026 (20251228) niños de 5 años]]/12 | N600: =BX600 | O600: =BY600 | P600: =BL600 | AI600: 27600 | AJ600: =AI600=Tabla1[[#This Row],[Divipola]] | AK600: 62 | AL600: 62 | AM600: 62 | AN600: 63 | AO600: 62 | AP600: 62 | AQ600: 59 | AR600: 53 | AS600: 51 | AT600: 44 | AU600: 43 | AV600: 39 | AW600: 35 | AX600: 32 | AY600: 29 | AZ600: 30 | BA600: 27 | BB600: 25 | BC600: 24 | BD600: 20 | BE600: 18 | BF600: 21 | BG600: 17 | BH600: 14 | BI600: 15 | BJ600: 139 | BK600: =SUM(AK600:BJ600) | BL600: =INT(BK600*$BM$1) | BP600: =(Tabla1[[#This Row],[Población meta programatica 2026 (20251228) menores 1 año]]/12)*9 | BQ600: =BP600 | BS600: =(Tabla1[[#This Row],[Población meta programatica2026 (20251228) niños de 1 año]]/12)*9 | BT600: 40 | BU600: =BS600-BT600 | BX600: 72 | BY600: 80 | BZ600: 27600 | CA600: =BZ600=Tabla1[[#This Row],[Divipola]]
A601: 27 | B601: CHOCÓ | C601: RIOSUCIO | D601: 27615 | E601: 264 | F601: =Tabla1[[#This Row],[Meta Programatica2026 (20251228) RN]]/12 | G601: 434 | H601: =Tabla1[[#This Row],[Población meta programatica 2026 (20251228) menores 1 año]]/12 | I601: 505 | J601: =Tabla1[[#This Row],[Población meta programatica2026 (20251228) niños de 1 año]]/12 | K601: 630 | L601: 319 | M601: =Tabla1[[#This Row],[Población meta programatica2026 (20251228) niños de 5 años]]/12 | N601: =BX601 | O601: =BY601 | P601: =BL601 | AI601: 27615 | AJ601: =AI601=Tabla1[[#This Row],[Divipola]] | AK601: 436 | AL601: 430 | AM601: 432 | AN601: 425 | AO601: 425 | AP601: 414 | AQ601: 397 | AR601: 370 | AS601: 341 | AT601: 319 | AU601: 284 | AV601: 261 | AW601: 234 | AX601: 215 | AY601: 197 | AZ601: 170 | BA601: 162 | BB601: 135 | BC601: 123 | BD601: 105 | BE601: 94 | BF601: 87 | BG601: 79 | BH601: 78 | BI601: 69 | BJ601: 580 | BK601: =SUM(AK601:BJ601) | BL601: =INT(BK601*$BM$1) | BP601: =(Tabla1[[#This Row],[Población meta programatica 2026 (20251228) menores 1 año]]/12)*9 | BQ601: =BP601 | BS601: =(Tabla1[[#This Row],[Población meta programatica2026 (20251228) niños de 1 año]]/12)*9 | BT601: 540 | BU601: =BS601-BT601 | BX601: 374 | BY601: 385 | BZ601: 27615 | CA601: =BZ601=Tabla1[[#This Row],[Divipola]]
A602: 27 | B602: CHOCÓ | C602: SAN JOSE DEL PALMAR | D602: 27660 | E602: 35 | F602: =Tabla1[[#This Row],[Meta Programatica2026 (20251228) RN]]/12 | G602: 81 | H602: =Tabla1[[#This Row],[Población meta programatica 2026 (20251228) menores 1 año]]/12 | I602: 98 | J602: =Tabla1[[#This Row],[Población meta programatica2026 (20251228) niños de 1 año]]/12 | K602: 111 | L602: 92 | M602: =Tabla1[[#This Row],[Población meta programatica2026 (20251228) niños de 5 años]]/12 | N602: =BX602 | O602: =BY602 | P602: =BL602 | AI602: 27660 | AJ602: =AI602=Tabla1[[#This Row],[Divipola]] | AK602: 46 | AL602: 45 | AM602: 47 | AN602: 42 | AO602: 42 | AP602: 38 | AQ602: 36 | AR602: 34 | AS602: 32 | AT602: 32 | AU602: 30 | AV602: 28 | AW602: 30 | AX602: 24 | AY602: 23 | AZ602: 25 | BA602: 19 | BB602: 16 | BC602: 16 | BD602: 10 | BE602: 10 | BF602: 7 | BG602: 9 | BH602: 6 | BI602: 4 | BJ602: 69 | BK602: =SUM(AK602:BJ602) | BL602: =INT(BK602*$BM$1) | BP602: =(Tabla1[[#This Row],[Población meta programatica 2026 (20251228) menores 1 año]]/12)*9 | BQ602: =BP602 | BS602: =(Tabla1[[#This Row],[Población meta programatica2026 (20251228) niños de 1 año]]/12)*9 | BT602: 56 | BU602: =BS602-BT602 | BX602: 53 | BY602: 54 | BZ602: 27660 | CA602: =BZ602=Tabla1[[#This Row],[Divipola]]
A603: 27 | B603: CHOCÓ | C603: SIPI | D603: 27745 | E603: 25 | F603: =Tabla1[[#This Row],[Meta Programatica2026 (20251228) RN]]/12 | G603: 31 | H603: =Tabla1[[#This Row],[Población meta programatica 2026 (20251228) menores 1 año]]/12 | I603: 36 | J603: =Tabla1[[#This Row],[Población meta programatica2026 (20251228) niños de 1 año]]/12 | K603: 58 | L603: 64 | M603: =Tabla1[[#This Row],[Población meta programatica2026 (20251228) niños de 5 años]]/12 | N603: =BX603 | O603: =BY603 | P603: =BL603 | AI603: 27745 | AJ603: =AI603=Tabla1[[#This Row],[Divipola]] | AK603: 17 | AL603: 19 | AM603: 17 | AN603: 19 | AO603: 24 | AP603: 22 | AQ603: 23 | AR603: 22 | AS603: 22 | AT603: 19 | AU603: 16 | AV603: 19 | AW603: 14 | AX603: 11 | AY603: 12 | AZ603: 10 | BA603: 6 | BB603: 7 | BC603: 6 | BD603: 5 | BE603: 5 | BF603: 3 | BG603: 2 | BH603: 3 | BI603: 4 | BJ603: 18 | BK603: =SUM(AK603:BJ603) | BL603: =INT(BK603*$BM$1) | BP603: =(Tabla1[[#This Row],[Población meta programatica 2026 (20251228) menores 1 año]]/12)*9 | BQ603: =BP603 | BS603: =(Tabla1[[#This Row],[Población meta programatica2026 (20251228) niños de 1 año]]/12)*9 | BT603: 16 | BU603: =BS603-BT603 | BX603: 35 | BY603: 45 | BZ603: 27745 | CA603: =BZ603=Tabla1[[#This Row],[Divipola]]
A604: 27 | B604: CHOCÓ | C604: TADO | D604: 27787 | E604: 300 | F604: =Tabla1[[#This Row],[Meta Programatica2026 (20251228) RN]]/12 | G604: 298 | H604: =Tabla1[[#This Row],[Población meta programatica 2026 (20251228) menores 1 año]]/12 | I604: 341 | J604: =Tabla1[[#This Row],[Población meta programatica2026 (20251228) niños de 1 año]]/12 | K604: 433 | L604: 357 | M604: =Tabla1[[#This Row],[Población meta programatica2026 (20251228) niños de 5 años]]/12 | N604: =BX604 | O604: =BY604 | P604: =BL604 | AI604: 27787 | AJ604: =AI604=Tabla1[[#This Row],[Divipola]] | AK604: 158 | AL604: 155 | AM604: 155 | AN604: 154 | AO604: 151 | AP604: 148 | AQ604: 146 | AR604: 131 | AS604: 126 | AT604: 118 | AU604: 111 | AV604: 107 | AW604: 104 | AX604: 90 | AY604: 86 | AZ604: 78 | BA604: 68 | BB604: 60 | BC604: 57 | BD604: 48 | BE604: 44 | BF604: 39 | BG604: 38 | BH604: 38 | BI604: 32 | BJ604: 292 | BK604: =SUM(AK604:BJ604) | BL604: =INT(BK604*$BM$1) | BP604: =(Tabla1[[#This Row],[Población meta programatica 2026 (20251228) menores 1 año]]/12)*9 | BQ604: =BP604 | BS604: =(Tabla1[[#This Row],[Población meta programatica2026 (20251228) niños de 1 año]]/12)*9 | BT604: 202 | BU604: =BS604-BT604 | BX604: 197 | BY604: 190 | BZ604: 27787 | CA604: =BZ604=Tabla1[[#This Row],[Divipola]]
A605: 27 | B605: CHOCÓ | C605: UNGUIA | D605: 27800 | E605: 84 | F605: =Tabla1[[#This Row],[Meta Programatica2026 (20251228) RN]]/12 | G605: 180 | H605: =Tabla1[[#This Row],[Población meta programatica 2026 (20251228) menores 1 año]]/12 | I605: 201 | J605: =Tabla1[[#This Row],[Población meta programatica2026 (20251228) niños de 1 año]]/12 | K605: 284 | L605: 242 | M605: =Tabla1[[#This Row],[Población meta programatica2026 (20251228) niños de 5 años]]/12 | N605: =BX605 | O605: =BY605 | P605: =BL605 | AI605: 27800 | AJ605: =AI605=Tabla1[[#This Row],[Divipola]] | AK605: 91 | AL605: 93 | AM605: 91 | AN605: 92 | AO605: 95 | AP605: 91 | AQ605: 92 | AR605: 89 | AS605: 86 | AT605: 79 | AU605: 76 | AV605: 71 | AW605: 64 | AX605: 59 | AY605: 54 | AZ605: 49 | BA605: 43 | BB605: 37 | BC605: 30 | BD605: 25 | BE605: 27 | BF605: 19 | BG605: 20 | BH605: 18 | BI605: 17 | BJ605: 160 | BK605: =SUM(AK605:BJ605) | BL605: =INT(BK605*$BM$1) | BP605: =(Tabla1[[#This Row],[Población meta programatica 2026 (20251228) menores 1 año]]/12)*9 | BQ605: =BP605 | BS605: =(Tabla1[[#This Row],[Población meta programatica2026 (20251228) niños de 1 año]]/12)*9 | BT605: 112 | BU605: =BS605-BT605 | BX605: 135 | BY605: 155 | BZ605: 27800 | CA605: =BZ605=Tabla1[[#This Row],[Divipola]]
A606: 27 | B606: CHOCÓ | C606: UNION PANAMERICANA | D606: 27810 | E606: 98 | F606: =Tabla1[[#This Row],[Meta Programatica2026 (20251228) RN]]/12 | G606: 103 | H606: =Tabla1[[#This Row],[Población meta programatica 2026 (20251228) menores 1 año]]/12 | I606: 111 | J606: =Tabla1[[#This Row],[Población meta programatica2026 (20251228) niños de 1 año]]/12 | K606: 140 | L606: 99 | M606: =Tabla1[[#This Row],[Población meta programatica2026 (20251228) niños de 5 años]]/12 | N606: =BX606 | O606: =BY606 | P606: =BL606 | AI606: 27810 | AJ606: =AI606=Tabla1[[#This Row],[Divipola]] | AK606: 54 | AL606: 52 | AM606: 52 | AN606: 53 | AO606: 53 | AP606: 54 | AQ606: 48 | AR606: 49 | AS606: 44 | AT606: 41 | AU606: 39 | AV606: 34 | AW606: 35 | AX606: 29 | AY606: 28 | AZ606: 27 | BA606: 22 | BB606: 18 | BC606: 20 | BD606: 16 | BE606: 13 | BF606: 17 | BG606: 15 | BH606: 16 | BI606: 13 | BJ606: 115 | BK606: =SUM(AK606:BJ606) | BL606: =INT(BK606*$BM$1) | BP606: =(Tabla1[[#This Row],[Población meta programatica 2026 (20251228) menores 1 año]]/12)*9 | BQ606: =BP606 | BS606: =(Tabla1[[#This Row],[Población meta programatica2026 (20251228) niños de 1 año]]/12)*9 | BT606: 73 | BU606: =BS606-BT606 | BX606: 71 | BY606: 68 | BZ606: 27810 | CA606: =BZ606=Tabla1[[#This Row],[Divipola]]
A607: 41 | B607: HUILA | C607: NEIVA | D607: 41001 | E607: 5808 | F607: =Tabla1[[#This Row],[Meta Programatica2026 (20251228) RN]]/12 | G607: 3827 | H607: =Tabla1[[#This Row],[Población meta programatica 2026 (20251228) menores 1 año]]/12 | I607: 4041 | J607: =Tabla1[[#This Row],[Población meta programatica2026 (20251228) niños de 1 año]]/12 | K607: 5426 | L607: 4750 | M607: =Tabla1[[#This Row],[Población meta programatica2026 (20251228) niños de 5 años]]/12 | N607: =BX607 | O607: =BY607 | P607: =BL607 | AI607: 41001 | AJ607: =AI607=Tabla1[[#This Row],[Divipola]] | AK607: 4005 | AL607: 3921 | AM607: 3829 | AN607: 3710 | AO607: 3572 | AP607: 3424 | AQ607: 3240 | AR607: 3063 | AS607: 2868 | AT607: 2676 | AU607: 2491 | AV607: 2300 | AW607: 2124 | AX607: 1944 | AY607: 1786 | AZ607: 1623 | BA607: 1472 | BB607: 1332 | BC607: 1202 | BD607: 1072 | BE607: 954 | BF607: 847 | BG607: 745 | BH607: 651 | BI607: 559 | BJ607: 2796 | BK607: =SUM(AK607:BJ607) | BL607: =INT(BK607*$BM$1) | BP607: =(Tabla1[[#This Row],[Población meta programatica 2026 (20251228) menores 1 año]]/12)*9 | BQ607: =BP607 | BS607: =(Tabla1[[#This Row],[Población meta programatica2026 (20251228) niños de 1 año]]/12)*9 | BT607: 2324 | BU607: =BS607-BT607 | BX607: 2938 | BY607: 3101 | BZ607: 41001 | CA607: =BZ607=Tabla1[[#This Row],[Divipola]]
A608: 41 | B608: HUILA | C608: ACEVEDO | D608: 41006 | E608: 67 | F608: =Tabla1[[#This Row],[Meta Programatica2026 (20251228) RN]]/12 | G608: 459 | H608: =Tabla1[[#This Row],[Población meta programatica 2026 (20251228) menores 1 año]]/12 | I608: 468 | J608: =Tabla1[[#This Row],[Población meta programatica2026 (20251228) niños de 1 año]]/12 | K608: 673 | L608: 517 | M608: =Tabla1[[#This Row],[Población meta programatica2026 (20251228) niños de 5 años]]/12 | N608: =BX608 | O608: =BY608 | P608: =BL608 | AI608: 41006 | AJ608: =AI608=Tabla1[[#This Row],[Divipola]] | AK608: 187 | AL608: 182 | AM608: 174 | AN608: 175 | AO608: 161 | AP608: 154 | AQ608: 148 | AR608: 139 | AS608: 134 | AT608: 118 | AU608: 114 | AV608: 105 | AW608: 95 | AX608: 90 | AY608: 80 | AZ608: 75 | BA608: 68 | BB608: 66 | BC608: 59 | BD608: 57 | BE608: 48 | BF608: 46 | BG608: 44 | BH608: 37 | BI608: 34 | BJ608: 182 | BK608: =SUM(AK608:BJ608) | BL608: =INT(BK608*$BM$1) | BP608: =(Tabla1[[#This Row],[Población meta programatica 2026 (20251228) menores 1 año]]/12)*9 | BQ608: =BP608 | BS608: =(Tabla1[[#This Row],[Población meta programatica2026 (20251228) niños de 1 año]]/12)*9 | BT608: 82 | BU608: =BS608-BT608 | BX608: 287 | BY608: 293 | BZ608: 41006 | CA608: =BZ608=Tabla1[[#This Row],[Divipola]]
A609: 41 | B609: HUILA | C609: AGRADO | D609: 41013 | E609: 31 | F609: =Tabla1[[#This Row],[Meta Programatica2026 (20251228) RN]]/12 | G609: 92 | H609: =Tabla1[[#This Row],[Población meta programatica 2026 (20251228) menores 1 año]]/12 | I609: 97 | J609: =Tabla1[[#This Row],[Población meta programatica2026 (20251228) niños de 1 año]]/12 | K609: 160 | L609: 137 | M609: =Tabla1[[#This Row],[Población meta programatica2026 (20251228) niños de 5 años]]/12 | N609: =BX609 | O609: =BY609 | P609: =BL609 | AI609: 41013 | AJ609: =AI609=Tabla1[[#This Row],[Divipola]] | AK609: 91 | AL609: 93 | AM609: 90 | AN609: 86 | AO609: 86 | AP609: 81 | AQ609: 77 | AR609: 72 | AS609: 67 | AT609: 66 | AU609: 63 | AV609: 56 | AW609: 53 | AX609: 50 | AY609: 49 | AZ609: 45 | BA609: 39 | BB609: 36 | BC609: 35 | BD609: 28 | BE609: 29 | BF609: 26 | BG609: 20 | BH609: 20 | BI609: 19 | BJ609: 91 | BK609: =SUM(AK609:BJ609) | BL609: =INT(BK609*$BM$1) | BP609: =(Tabla1[[#This Row],[Población meta programatica 2026 (20251228) menores 1 año]]/12)*9 | BQ609: =BP609 | BS609: =(Tabla1[[#This Row],[Población meta programatica2026 (20251228) niños de 1 año]]/12)*9 | BT609: 91 | BU609: =BS609-BT609 | BX609: 82 | BY609: 85 | BZ609: 41013 | CA609: =BZ609=Tabla1[[#This Row],[Divipola]]
... A1123: 99 | B1123: VICHADA | C1123: CUMARIBO | D1123: 99773 | E1123: 810 | F1123: =Tabla1[[#This Row],[Meta Programatica2026 (20251228) RN]]/12 | G1123: 870 | H1123: =Tabla1[[#This Row],[Población meta programatica 2026 (20251228) menores 1 año]]/12 | I1123: 951 | J1123: =Tabla1[[#This Row],[Población meta programatica2026 (20251228) niños de 1 año]]/12 | K1123: 1035 | L1123: 1002 | M1123: =Tabla1[[#This Row],[Población meta programatica2026 (20251228) niños de 5 años]]/12 | N1123: =BX1123 | O1123: =BY1123 | P1123: =BL1123 | AI1123: 99773 | AJ1123: =AI1123=Tabla1[[#This Row],[Divipola]] | AK1123: 459 | AL1123: 443 | AM1123: 414 | AN1123: 390 | AO1123: 380 | AP1123: 357 | AQ1123: 336 | AR1123: 313 | AS1123: 290 | AT1123: 268 | AU1123: 242 | AV1123: 229 | AW1123: 212 | AX1123: 197 | AY1123: 181 | AZ1123: 166 | BA1123: 150 | BB1123: 125 | BC1123: 115 | BD1123: 101 | BE1123: 84 | BF1123: 73 | BG1123: 72 | BH1123: 64 | BI1123: 54 | BJ1123: 355 | BK1123: =SUM(AK1123:BJ1123) | BL1123: =INT(BK1123*$BM$1) | BP1123: =(Tabla1[[#This Row],[Población meta programatica 2026 (20251228) menores 1 año]]/12)*9 | BQ1123: =BP1123 | BS1123: =(Tabla1[[#This Row],[Población meta programatica2026 (20251228) niños de 1 año]]/12)*9 | BT1123: 227 | BU1123: =BS1123-BT1123 | BX1123: 530 | BY1123: 544 | BZ1123: 99773 | CA1123: =BZ1123=Tabla1[[#This Row],[Divipola]]
C1124: TOTAL NACIONAL | E1124: =SUM(E2:E1123) | F1124: =SUM(F2:F1123) | G1124: =SUM(G2:G1123) | H1124: =SUM(H2:H1123) | I1124: =SUM(I2:I1123) | J1124: =SUM(J2:J1123) | L1124: =SUM(L2:L1123) | M1124: =SUM(M2:M1123) | N1124: =SUM(N2:N1123) | O1124: =SUM(O2:O1123) | P1124: =SUM(P2:P1123) | AK1124: =SUM(AK2:AK1123) | AL1124: =SUM(AL2:AL1123) | AM1124: =SUM(AM2:AM1123) | AN1124: =SUM(AN2:AN1123) | AO1124: =SUM(AO2:AO1123) | AP1124: =SUM(AP2:AP1123) | AQ1124: =SUM(AQ2:AQ1123) | AR1124: =SUM(AR2:AR1123) | ... BL1124: =SUM(BL2:BL1123) | BP1124: =SUM(BP2:BP1123) | BQ1124: =SUM(BQ2:BQ1123) | BR1124: =SUM(BR2:BR1123) | BS1124: =SUM(BS2:BS1123) | BT1124: =SUM(BT2:BT1123) | BU1124: =SUM(BU2:BU1123) | BX1124: =SUM(BX2:BX1123) | BY1124: =SUM(BY2:BY1123)
N1125: http://www.dane.gov.co/files/investigaciones/poblacion/proyepobla06_20/Edades_Simples_1985-2020.xls | P1125: https://www.dane.gov.co/files/censo2018/proyecciones-de-poblacion/Municipal/DCD-area-sexo-edad-proypoblacion-Mun-2020-2035-ActPostCOVID-19.xlsx | W1125: Fuente:
B1127: Fecha de actualización | C1127: 46021

Sheet 1_PLANTILLA_MENSUAL
H1: MINISTERIO DE SALUD Y PROTECCIÓN SOCIAL
E2: 1 | F2: =E2+1 | G2: =F2+1 | H2: DIRECCIÓN DE PROMOCIÓN Y PREVENCIÓN SUBDIRECCIÓN DE ENFERMEDADES TRANSMISIBLES | AE2: 27 | AF2: =AE2+1 | AG2: =AF2+1 | AH2: =AG2+1 | AI2: =AH2+1 | AJ2: =AI2+1 | AK2: =AJ2+1 | AL2: =AK2+1 | AM2: =AL2+1 | ... RE2: =RD2+1 | RH2: 0 | TA2: 0
A3: NOMBRE DEPARTAMENTO: | D3: RISARALDA | E3: CODIGO DEPARTAMENTO: | G3: =VLOOKUP(D3,Tabla2[[DEPARTAMENTO]:[CODEP]],2,0) | H3: GRUPO DE GESTIÓN INTEGRADA DE ENFERMEDADES INMUNOPREVENIBLES - Programa Ampliado de Inmunizaciones PAI
A4: AÑO: | D4: 2026 | F4: ACTUALIZADA | G4: 46154 | H4: REGISTRO DE DOSIS PROGRAMA PAI POR BIOLOGICOS, MUNICIPIOS Y GRUPOS DE EDAD | GY4: DE 1 AÑO 2025 | GZ4: DE 2 AÑOS 2024 | HA4: DE 3 AÑOS 2023 | HB4: DE 4 AÑOS 2022 | HC4: DE 5 AÑOS 2021 | HD4: DE 6 AÑOS 2020 | HE4: DE 7 AÑOS 2019 | HF4: DE 8 AÑOS 2018 | HG4: DE 9 AÑOS 2017 | HH4: DE 10 AÑOS 2016 | HI4: DE 11 AÑOS 2015 | HJ4: DE 12 AÑOS 2014 | HK4: DE 13 AÑOS 2013 | HL4: DE 14 AÑOS 2012 | HM4: DE 15 AÑOS 2011 | HN4: DE 16 AÑOS 2010 | HO4: DE 17 AÑOS 2009 | HP4: DE 18 AÑOS 2008 | HQ4: DE 19 AÑOS 2007 | HR4: DE 20 AÑOS 2006 | HZ4: =CONCATENATE($GX$6," ",$HZ$7," ",HZ8) | IA4: =CONCATENATE($GX$6," ",$HZ$7," ",IA8) | IB4: =CONCATENATE($GX$6," ",$HZ$7," ",IB8) | IC4: =CONCATENATE($GX$6," ",$HZ$7," ",IC8) | ID4: =CONCATENATE($GX$6," ",$HZ$7," ",ID8) | IE4: =CONCATENATE($GX$6," ",$HZ$7," ",IE8) | IF4: =CONCATENATE($GX$6," ",$HZ$7," ",IF8) | IG4: =CONCATENATE($GX$6," ",$HZ$7," ",IG8) | ... IP4: =CONCATENATE($GX$6," ",$HZ$7," ",IP8) | RF4: .
A5: MES DE REPORTE | D5: AGOSTO | F5: VACUNAS PAI | R5: VACUNAS PAI | BU5: VACUNAS PAI | CX5: VACUNAS PAI | EJ5: VACUNAS PAI | FA5: VACUNAS PAI | LA5: VACUNAS PAI | QW5: PLAN NACIONAL DE VACUNACIÓN CONTRA COVID-19
A6: MUNICIPIO | D6: GENERO/ REGIMEN / GRUPO ETNICO | E6: BCG | H6: HEPATITIS B | AE6: HEPATITIS B (RESOLUCION. 0459/2012 y Circular 031/2014) | BK6: POBLACION PRIORIZADA PARA HEPATITIS B | BO6: ANTIPOLIO INACTIVADA (VIP) | CU6: HEXAVALENTE (DPTa-HB-Hib-VIP) | CX6: PENTAVALENTE DPT - HB - Hib | DI6: DPT | DV6: TDaP Acelular Pediatrica | FA6: ROTAVIRUS | FC6: NEUMOCOCO CONJUGADA TRECEVALENTE | FI6: SRP (TRIPLE VIRAL) | GC6: SR (DOBLE VIRAL) | GX6: FIEBRE AMARILLA DOSIS UNICA | IQ6: HEPATITIS A (Cohorte de nacidos a partir de 1 de enero de 2012) | JD6: VARICELA (Cohorte de nacidos a partir de 1 de julio de 2014) | JW6: TOXOIDE TETANICO-DIFTERICO DE ADULTOS (Td) | MB6: Tdap ACELULAR (Se debe garantizar una dosis por cada embarazo y se aplica a partir de las semana 20 incluye zona urbana y rural de dificil acceso o captación) | MO6: VIRUS SINCITIAL RESPIRATORIO (VSR) | MP6: INFLUENZA | NK6: MENINGOCOCO USO EN BROTES (Serogrupo A, C, Y y W-135) | NQ6: DENGUE | NY6: Lineamiento vigente 2026 población objeto niñas y niñas de 9 años o que cursen 4 de pirmaria | OE6: DENGUE / Otros grupos poblacionales autorizados de acuerdo con los lineamientos emitidos por el MSPS | PO6: V P H | PY6: MONKEYPOX (USO EN BROTES) | QA6: ANTIRRABICA HUMANA PRE/POST-EXPOSICION | QR6: INMUNOGLOBULINA ANTI HEPATITIS B | QU6: INMUNOGLOBULINA ANTI TETANICA (Suero homólogo) | QV6: ANTI TOXINA DIFTERICA (Suero heterólogo) | QW6: COVID 19 | RG6: =COUNT(E12:RE12) | TE6: Guía operativa para la vacunación contra Sarampión Rubeola 2026
E7: RECIEN NACIDO (DE 0 HASTA 29 DÍAS) | F7: MENOR DE UN AÑO (A PARTIR DE 30 DIAS HASTA 11 MESES 29 DIAS) | G7: POBLACION INDIGENA Y RURAL DISPERSA (DE 1 AÑO A 5 AÑOS, 11 MESES, 29 DIAS) | H7: RECIEN NACIDO (HASTA 29 DÍAS) | J7: DE 2 A 11 MESES 29 DÍAS | M7: DE 1 AÑO | P7: DE 2 AÑOS | S7: DE 3 AÑOS | V7: DE 4 AÑOS | Y7: DE 5 AÑOS | AB7: DE 6 a 17 AÑOS 11 MESES Y 29 DIAS (ICBF) | AE7: DE 1 AÑO | AI7: DE 2 AÑOS | AM7: DE 3 AÑOS | AQ7: DE 4 AÑOS | AU7: DE 5 AÑOS | AY7: 6 A 14 AÑOS | BC7: DE 15 AÑOS A 17 AÑOS | BG7: DE 18 AÑOS Y MAS | BO7: < DE 1 AÑO | BR7: DE 1 AÑO | BU7: DE 2 AÑOS | BX7: DE 3 AÑOS | CA7: DE 4 AÑOS | CD7: DE 5 AÑOS | CG7: 3ra DOSIS (De 18 a 23 meses) | CH7: DE 2 AÑOS | CI7: DE 3 AÑOS | CJ7: DE 4 AÑOS | CK7: DE 5 AÑOS | CL7: DE 5 AÑOS | CM7: DE 6 AÑOS | CP7: DE 7 A 17 AÑOS (AUTORIZADAS POR EL MINISTERIO) | CS7: DE 18 A 60 AÑOS (AUTORIZADAS POR EL MINISTERIO) | CU7: < DE 1 AÑO Según lineamientos (En prematuros extremos (menor a 1500 gramos)) | CX7: < DE 1 AÑO | DA7: De 18 a 23 meses | DB7: DE 1 AÑO (12 a 23 meses) Sin antecedente de Penta | DE7: DE 2 AÑOS (24 a 35 meses) Sin antecedente de Penta | DF7: DE 3 AÑOS (36 a 47 meses) Sin antecedente de Penta | DG7: DE 4 AÑOS (48 a 59 MESES 29 DIAS) Sin antecedente de Penta | DH7: 5 AÑOS HASTA UN DIA ANTES DE CUMPLIR LOS 6 AÑOS | DI7: DE 2 AÑOS | DL7: DE 3 AÑOS | DO7: DE 4 AÑOS | DR7: DE 5 AÑOS | DV7: < DE 1 AÑO | DY7: DE 1 AÑO | EB7: DE 2 AÑOS | EE7: DE 3 AÑOS | EH7: DE 4 AÑOS | EK7: DE 5 AÑOS | EN7: De 18 a 23 meses | EO7: DE 2 AÑOS | EP7: DE 3 AÑOS | EQ7: DE 4 AÑOS | ER7: DE 5 AÑOS | ES7: 3 AÑOS | ET7: 4 AÑOS | EU7: 5 AÑOS | EV7: DE 6 AÑOS | FA7: DE LA 6ta SEMANA (45 DIAS) A 3 MESES y 21 DIAS (111 DIAS) | FB7: DE LA SEMANA 12 (90 DIAS) A LOS 11 MESES y 29 DIAS (359 DIAS) | FC7: DE 2 A 11 MESES 29 DIAS | FE7: DE 12 A 23 MESES | FF7: DE 12 A 23 MESES | FH7: DE 24 MESES A 71 MESES 29 DIAS | FI7: PRIMERA DOSIS (Se deben registrar las dosis aplicadas en población nacida del 1 de enero al 31 de diciembre de cada año) | FS7: SEGUNDA DOSIS | GC7: DOSIS CERO | GD7: DOSIS UNICA | GX7: EN SITUACIÓN DE BROTE Y PAISES QUE EXIGEN ANTECEDENTE VACUNAL | GY7: DE 1 AÑO 2025 | GZ7: DE 2 AÑOS 2024 | HA7: DE 3 AÑOS 2023 | HB7: DE 4 AÑOS 2022 | HC7: DE 5 AÑOS 2021 | HD7: DE 6 AÑOS 2020 | HE7: DE 7 AÑOS 2019 | HF7: DE 8 AÑOS 2018 | HG7: DE 9 AÑOS 2017 | HH7: DE 10 AÑOS 2016 | HI7: DE 11 AÑOS 2015 | HJ7: DE 12 AÑOS 2014 | HK7: DE 13 AÑOS 2013 | HL7: DE 14 AÑOS 2012 | HM7: DE 15 AÑOS 2011 | HN7: DE 16 AÑOS 2010 | HO7: DE 17 AÑOS 2009 | HP7: DE 18 AÑOS 2008 | HQ7: DE 19 AÑOS 2007 | HR7: DE 20 AÑOS 2006 | HS7: 21 A 30 AÑOS (2005-1994) | HT7: 31 A 40 AÑOS | HU7: 41 A 50 AÑOS | HV7: 51 A 59 AÑOS | HW7: 60 A 69 AÑOS (según lineamientos del Ministerio). | HX7: 70 AÑOS y MAS (según lineamientos del Ministerio). | HY7: GESTANTES (Circular 029/2025) | HZ7: REFUERZOS | IQ7: DOSIS ÚNICA | JD7: PRIMERA DOSIS | JP7: REFUERZO (aplicadas a partir del 1 de julio de 2019) | JW7: NIÑOS Y NIÑAS DE 7 A 9 AÑOS | KB7: GESTANTES DE 9 AÑOS A 17 AÑOS | KG7: GESTANTES DE 18 AÑOS Y MAS | KL7: REFUERZOS GESTANTES 15 A 49 AÑOS | KP7: MUJERES EN EDAD FERTIL (MEF) DE 10 AÑOS A 17 AÑOS | KU7: MUJERES EN EDAD FERTIL (MEF) DE 18 A 49 AÑOS | KZ7: REFUERZOS MEF DE 15 A 49 AÑOS | LD7: HOMBRES DE 10 A 17 AÑOS | LI7: HOMBRES DE 18 A 49 AÑOS | LN7: REFUERZOS HOMBRES DE 15 A 49 AÑOS | LR7: OTROS DE 50 A 59 AÑOS | LW7: OTROS DE 60 AÑOS Y MAS | MB7: GESTANTES DE 9 A 17 AÑOS de acuerdo al lineamiento | MH7: GESTANTES DE 18 AÑOS Y MAS, de acuerdo al lineamiento | MN7: UNICA DOSIS OTROS GRUPOS (Con Autorizacion del MSPS ) | MO7: GESTANTES (A PARTIR DE LA SEMANA 28 A 36) | MP7: DE 6 MESES A 11 MESES | MR7: DE 12 MESES A 23 MESES | MU7: 24 A 35 MESES SEGÚN AUTORIZACION DEL MINISTERIO | MX7: 36 MESES A 60 MESES Y 29 DIAS SEGÚN AUTORIZACION DEL MINISTERIO | NA7: DE 50 a 59 AÑOS (SEGÚN AUTORIZACION DEL MINISTERIO) | NB7: DE 60 Y MAS AÑOS | NC7: GESTANTES A PARTIR DE LA SEMANA 14 | ND7: DE 6 A 8 AÑOS (Poblaciones autorizadas de acuerdo a los lineamientos emitidos por el MSPS ) | NG7: DE 9 A 17 AÑOS (Poblaciones con diagnóstico de riesgo, recibir de acuerdo a los lineamientos emitidos por el MSPS ) | NH7: DE 18 A 59 AÑOS (Poblaciones con diagnóstico de riesgo de acuerdo a los lineamientos emitidos por el MSPS) | NI7: PERSONAL DE LA SALUD | NJ7: Familiares y convivientes de menores de 18 años con Cáncer (Ley 1388/2010) | NK7: DE 6 A 11 MESES | NN7: 12 A 23 MESES | NP7: MAYORES DE 2 AÑOS | NQ7: 4 Años de Edad | NS7: 5 Años de Edad | NU7: 6 Años de Edad | NW7: 7 Años de Edad | NY7: 8 Años de Edad | OA7: 9 Años de Edad | OC7: 10 Años de Edad | OE7: 11 Años de Edad | OG7: 12 Años de Edad | OI7: 13 Años de Edad | OK7: 14 Años de Edad | OM7: 15 Años de Edad | OO7: 16 Años de Edad | OQ7: 17 Años de Edad | OS7: 18 Años de Edad | OU7: 19 Años de Edad | OW7: De 20 a 24 Años de Edad | OY7: De 25 a 29 Años de Edad | PA7: De 30 a 34 Años de Edad | PC7: De 35 a 39 Años de Edad | PE7: De 40 a 44 Años de Edad | PG7: De 45 a 49 Años de Edad | PI7: De 50 a 54 Años de Edad | PK7: De 55 a 59 Años de Edad | PM7: 60 años | PO7: 9 AÑOS | PP7: 10 AÑOS | PQ7: 11 AÑOS | PR7: 12 AÑOS | PS7: 13 AÑOS | PT7: 14 AÑOS | PU7: 15 AÑOS | PV7: 16 AÑOS | PW7: 17 AÑOS | PX7: 2as Dosis Inmunosuprimidos, según linemientos del 1 de octubre/2024 | PY7: De 18 años y mas | QA7: ESQUEMA PRE EXPOSICIÓN OPCION 1 (I.D.) (Se aplica previa autorización del Ministerio). Cada dia 2 dosis | QC7: ESQUEMA PRE EXPOSICIÓN OPCION 2 (I.M.) (Se aplica previa autorización del Ministerio) . Una dosis por dia | QF7: TOTAL DE ESQUEMAS PRE EXPOSICION (USUARIOS CON ESQUEMA DE VACUNACION COMPLETO) | QG7: ESQUEMA POST EXPOSICION Número de dosis aplicadas | QL7: TOTAL DE ESQUEMAS POST EXPOSICION (USUARIOS CON ESQUEMA DE VACUNACION COMPLETO) | QM7: ESQUEMA RE-EXPOSICIÓN (I.M) SOLO SI CUENTA DOS DOSIS CON ESQUEMA COMPLETO DE POST, APLICAR 1a Y 2a | QO7: TOTAL DE ESQUEMAS RE EXPOSICION (USUARIOS CON ESQUEMA DE VACUNACION COMPLETO) | QP7: No. De personas que recibieron inmunoglobulina antirrabica. | QR7: RECIEN NACIDO (Hijo de Madre Antigenos + para HB) | QT7: RESOLUCION 0459/2012- Circular 031/2014) | QW7: DE 6 MESES A 4 AÑOS | QZ7: DE 5 AÑOS A 11 AÑOS | RA7: DE 12 A 59 AÑOS | RB7: GESTANTES | RC7: MAYORES DE 60 AÑOS | RD7: TALENTO HUMANO EN SALUD | RE7: DE 12 AÑOS A 59 AÑOS PERSONAS CON COMORBILIDADES | RG7: codepcomure | RH7: DOSIS APLICADAS POR BIOLOGICOS | RY7: INFLUENZA | SN7: ANTI RABICA HUMANA PRE/POST-EXPOSICION | ST7: INMUNO GLOBULINA ANTI HEPATITIS B | SV7: (RESOLUCION 0459/2012- circular 031/14) | SW7: ANTI TOXINA TETANICA | TB7: SRP DOSIS CERO - Instrucción ante casos importados | TC7: VARICELA (Cohorte de nacidos a partir de 1 de julio de 2014) | TE7: 1. TALENTO HUMANO EN SALUD | TF7: 2. VIAJEROS INTERNACIONALES (Vacunar mínimo 15 días antes del viaje) | TL7: 3. CIERRE DE BRECHAS-BARRIDOS DOCUMENTALES | TP7: 4. BLOQUEO ANTE CASO SOSPECHOSO
A8: Nº | B8: COD DANE MPIO | C8: NOMBRE MUNICIPIO/ IPS | H8: RECIEN NACIDO (Primeras 12 Horas) | I8: RECIEN NACIDO Entre 12 horas y 29 dias | J8: 1a | K8: 2a | L8: 3a | M8: 1a | N8: 2a | O8: 3a | P8: 1a | Q8: 2a | R8: 3a | S8: 1a | T8: 2a | U8: 3a | V8: 1a | W8: 2a | X8: 3a | Y8: 1a | Z8: 2a | AA8: 3a | AB8: 1a | AC8: 2a | AD8: 3a | AE8: 1a | AF8: 2a | AG8: 3a | AH8: Ref. | AI8: 1a | AJ8: 2a | AK8: 3a | AL8: Ref. | AM8: 1a | AN8: 2a | AO8: 3a | AP8: Ref. | AQ8: 1a | AR8: 2a | AS8: 3a | AT8: Ref. | AU8: 1a | AV8: 2a | AW8: 3a | AX8: Ref. | AY8: 1a | AZ8: 2a | BA8: 3a | BB8: Ref. | BC8: 1a | BD8: 2a | BE8: 3a | BF8: Ref. | BG8: 1a | BH8: 2a | BI8: 3a | BJ8: Ref. | BK8: 1a | BL8: 2a | BM8: 3a | BN8: Ref- | BO8: 1a | BP8: 2a | BQ8: 3a | BR8: 1a | BS8: 2a | BT8: 3a | BU8: 1a | BV8: 2a | BW8: 3a | BX8: 1a | BY8: 2a | BZ8: 3a | CA8: 1a | CB8: 2a | CC8: 3a | CD8: 1a | CE8: 2a | CF8: 3a | CG8: Primer Refuerzo | CL8: Segundo Refuerzo | CM8: 1a | CN8: 2a | CO8: 3a | CP8: 1a | CQ8: 2a | CR8: 3a | CS8: 1a | CT8: 2a | CU8: 1a | CV8: 2a | CW8: 3a | CX8: 1a | CY8: 2a | CZ8: 3a | DA8: 1er REF de acuerdo a lineamiento | DB8: 1a | DC8: 2a | DD8: 3a | DE8: Unica | DF8: Unica | DG8: Unica | DH8: Unica | DI8: 2a | DJ8: 3a | DK8: REF. | DL8: 2a | DM8: 3a | DN8: REF. | DO8: 2a | DP8: 3a | DQ8: REF. | DR8: 2a | DS8: 3a | DT8: 1° REF. | DU8: 2° REF. | DV8: 1a | DW8: 2a | DX8: 3a | DY8: 1a | DZ8: 2a | EA8: 3a | EB8: 1a | EC8: 2a | ED8: 3a | EE8: 1a | EF8: 2a | EG8: 3a | EH8: 1a | EI8: 2a | EJ8: 3a | EK8: 1a | EL8: 2a | EM8: 3a | EN8: 1er REF. | ES8: 2° REF. | EV8: 1a | EW8: 2a | EX8: 3a | EY8: 1er REF. | EZ8: 2° REF. | FA8: 1a | FB8: 2a | FC8: 1a | FD8: 2a | FE8: REF. | FF8: 1a | FG8: 2a | FH8: ÚNICA | FI8: Nacidos 2025 1 año | FJ8: Nacidos 2024 2 años | FK8: Nacidos 2023 3 años | FL8: Nacidos 2022 4 años | FM8: Nacidos 2021 5 años | FN8: Nacidos 2020 6 años | FO8: Nacidos 2019 7 años | FP8: Nacidos 2018 8 años | FQ8: Nacidos 2017 9 años | FR8: Nacidos 2016 10 años | FS8: De 18 a 23 meses | FT8: Nacidos 2024 (Seguimiento) 2 años | FU8: Nacidos 2023 (Seguimiento) 3 años | FV8: Nacidos 2022 (Seguimiento) 4 años | FW8: Nacidos 2021 5 años | FX8: Nacidos 2020 6 años | FY8: Nacidos 2019 7 años | FZ8: Nacidos 2018 8 años | GA8: Nacidos 2017 9 años | GB8: Nacidos 2016 10 años | GC8: SR * 6 a 11 MESES 29 DIAS | GD8: DE 1 AÑO 2025 | GE8: DE 2 AÑOS 2024 | GF8: DE 3 AÑOS 2023 | GG8: DE 4 AÑOS 2022 | GH8: DE 5 AÑOS 2021 | GI8: DE 6 AÑOS 2020 | GJ8: DE 7 AÑOS 2019 | GK8: DE 8 AÑOS 2018 | GL8: DE 9 AÑOS 2017 | GM8: DE 10 AÑOS 2016 | GN8: DE 11 AÑOS 2015 | GO8: DE 12 AÑOS 2014 | GP8: DE 13 AÑOS 2013 | GQ8: DE 14 AÑOS 2012 | GR8: DE 15 AÑOS 2011 | GS8: DE 16 AÑOS 2010 | GT8: DE 17 AÑOS 2009 | GU8: 18 A 30 AÑOS | GV8: 31 A 40 AÑOS | GW8: 41 Y MAS AÑOS | GX8: 9 meses a 11 meses (Según Lineamientos del MSPS) | HZ8: DE 10 AÑOS 2016 | IA8: DE 11 AÑOS 2015 | IB8: DE 12 AÑOS 2014 | IC8: DE 13 AÑOS 2013 | ID8: DE 14 AÑOS 2012 | IE8: DE 15 AÑOS 2011 | IF8: DE 16 AÑOS 2010 | IG8: DE 17 AÑOS 2009 | IH8: DE 18 AÑOS 2008 | II8: DE 19 AÑOS 2007 | IJ8: DE 20 AÑOS 2006 | IK8: 21 A 30 AÑOS (2005-1994) | IL8: 31 A 40 AÑOS | IM8: 41 A 50 AÑOS | IN8: 51 A 59 AÑOS | IO8: 60 A 69 AÑOS (según lineamientos del Ministerio). | IP8: 70 AÑOS y MAS (según lineamientos del Ministerio). | IQ8: DE 1 AÑO 2025 | IR8: DE 2 AÑOS 2024 | IS8: DE 3 AÑOS 2023 | IT8: DE 4 AÑOS 2022 | IU8: DE 5 AÑOS 2021 | IV8: DE 6 AÑOS 2020 | IW8: DE 7 AÑOS 2019 | IX8: DE 8 AÑOS 2018 | IY8: DE 9 AÑOS 2017 | IZ8: DE 10 AÑOS 2016 | JA8: DE 11 AÑOS 2015 | JB8: DE 12 AÑOS 2014 | JC8: DE 13 AÑOS 2013 | JD8: DE 1 AÑO 2025 | JE8: DE 2 AÑOS 2024 | JF8: DE 3 AÑOS 2023 | JG8: DE 4 AÑOS 2022 | JH8: DE 5 AÑOS 2021 | JI8: DE 6 AÑOS 2020 | JJ8: DE 7 AÑOS 2019 | JK8: DE 8 AÑOS 2018 | JL8: DE 9 AÑOS 2017 | JM8: DE 10 AÑOS 2016 | JN8: DE 11 AÑOS 2015 | JO8: DE 12 AÑOS 2014 | JP8: DE 5 AÑOS 2025 | JQ8: DE 6 AÑOS 2024 | JR8: DE 7 AÑOS 2023 | JS8: DE 8 AÑOS 2022 | JT8: DE 9 AÑOS 2021 | JU8: DE 10 AÑOS 2020 | JV8: DE 11 AÑOS 2019 | JW8: Td1 | JX8: Td2 | JY8: Td3 | JZ8: Ref 1 | KA8: Ref 2 | KB8: Td1 | KC8: Td2 | KD8: Td3 | KE8: Td4 | KF8: Td5 | KG8: Td1 | KH8: Td2 | KI8: Td3 | KJ8: Td4 | KK8: Td5 | KL8: REF. 1 | KM8: REF. 2 | KN8: REF. 3 | KO8: REF. 4 | KP8: Td1 | KQ8: Td2 | KR8: Td3 | KS8: Td4 | KT8: Td5 | KU8: Td1 | KV8: Td2 | KW8: Td3 | KX8: Td4 | KY8: Td5 | KZ8: REF. 1 | LA8: REF. 2 | LB8: REF. 3 | LC8: REF. 4 | LD8: Td1 | LE8: Td2 | LF8: Td3 | LG8: Td4 | LH8: Td5 | LI8: Td1 | LJ8: Td2 | LK8: Td3 | LL8: Td4 | LM8: Td5 | LN8: REF. 1 | LO8: REF. 2 | LP8: REF. 3 | LQ8: REF. 4 | LR8: Td1 | LS8: Td2 | LT8: Td3 | LU8: Td4 | LV8: Td5 | LW8: Td1 | LX8: Td2 | LY8: Td3 | LZ8: Td4 | MA8: Td5 | MB8: UNICA DOSIS EN CADA EMBARAZO | MC8: Td1 | MD8: Td2 | ME8: Td3 | MF8: Td4 | MG8: Td5 | MH8: UNICA DOSIS EN CADA EMBARAZO | MI8: Td1 | MJ8: Td2 | MK8: Td3 | ML8: Td4 | MM8: Td5 | MO8: UNICA DOSIS EN CADA EMBARAZO | MP8: 1a | MQ8: 2a | MR8: 1a | MS8: 2a | MT8: ÚNICA | MU8: 1a | MV8: 2a | MW8: ÚNICA | MX8: 1a | MY8: 2a | MZ8: ÚNICA | NA8: ÚNICA | NB8: ÚNICA | NC8: ÚNICA | ND8: 1a | NE8: 2a | NF8: ÚNICA | NG8: ÚNICA | NH8: ÚNICA | NI8: ÚNICA | NJ8: ÚNICA | NK8: 1a | NL8: 2a | NM8: 3a | NN8: 1a | NO8: 2a | NP8: ÚNICA | NQ8: 1a dosis | NR8: 2a dosis | NS8: 1a dosis | NT8: 2a dosis | NU8: 1a dosis | NV8: 2a dosis | NW8: 1a dosis | NX8: 2a dosis | NY8: 1a dosis | NZ8: 2a dosis | OA8: 1a dosis | OB8: 2a dosis | OC8: 1a dosis | OD8: 2a dosis | OE8: 1a dosis | OF8: 2a dosis | OG8: 1a dosis | OH8: 2a dosis | OI8: 1a dosis | OJ8: 2a dosis | OK8: 1a dosis | OL8: 2a dosis | OM8: 1a dosis | ON8: 2a dosis | OO8: 1a dosis | OP8: 2a dosis | OQ8: 1a dosis | OR8: 2a dosis | OS8: 1a dosis | OT8: 2a dosis | OU8: 1a dosis | OV8: 2a dosis | OW8: 1a dosis | OX8: 2a dosis | OY8: 1a dosis | OZ8: 2a dosis | PA8: 1a dosis | PB8: 2a dosis | PC8: 1a dosis | PD8: 2a dosis | PE8: 11a dosis | PF8: 12a dosis | PG8: 1a dosis | PH8: 2a dosis | PI8: 1a dosis | PJ8: 2a dosis | PK8: 1a dosis | PL8: 2a dosis | PM8: 1a dosis | PN8: 2a dosis | PO8: Dosis Ùnica | PY8: 1a dosis | PZ8: 2a dosis | QA8: 1a. y 2a día 0 | QB8: 3a y 4a. día 7 | QC8: 1a . día 0 | QD8: 2a. día 7 | QE8: Pacientes Inmunocromprometidos 3a día 21 a 28 | QF8: Número de usuarios | QG8: 1a. día 0 | QH8: 2a. dia 3 | QI8: 3a. día 7 | QJ8: 4a . día 14 | QK8: 5a . día 21 a 28 | QL8: Número de usuarios | QM8: 1a . día 0 | QN8: 2a. día 3 | QO8: Número de usuarios | QP8: HOMOLOGA (Humana) | QQ8: HETEROLOGA (Equina) | QR8: N° recién nacidos que recibieron dosis de Ig en las primeras 12 horas | QS8: N° recién nacidos que recibieron dosis de Ig despues de las primeras 12 horas | QT8: N° Personas que recibieron dosis de Ig | QU8: N° Personas que recibieron dosis de Ig | QV8: N° Personas que recibieron dosis de antitoxina | QW8: Primera dosis | QX8: Segunda dosis | QY8: Adicional | QZ8: Adicional | RA8: Adicional | RB8: Adicional | RC8: Adicional | RD8: Adicional | RE8: Adicional | RF8: TOTAL DOSIS | RH8: BCG | RI8: HEPATITIS B | RJ8: ANTIPOLIO INACTIVADA (VIP) PARENTERAL | RK8: HEXAVALENTE (DPTa-HB-Hib-VIP) | RL8: PENTAVALENTE DPT - HB - Hib | RM8: DPT | RN8: DTPa Acelular Pediatrica | RO8: ROTAVIRUS | RP8: NEUMOCOCO CONJUGADA TRECEVALENTE | RQ8: SRP (TRIPLE VIRAL) | RR8: SR | RS8: FIEBRE AMARILLA | RT8: HEPATITIS A | RU8: VARICELA | RV8: TOXOIDE TETANICO-DIFTERICO DE ADULTOS (Td) | RW8: dTpa. ACELULAR | RX8: VIRUS SINCITIAL RESPIRATORIO (VSR) | RY8: DE 6 MESES A 23 MESES | RZ8: DE 12 MESES A 23 MESES | SA8: 24 A 35 MESES | SB8: DE 36 MESES A 60 MESES Y 29 DIAS | SC8: DE 50 AÑOS Y MAS | SD8: Gestantes a partir de la semana 14 | SE8: DE 3 A 8 AÑOS (Poblaciones autorizadas de acuerdo con los lineamientos emitidos por el MSPS ) | SF8: DE 9 A 17 AÑOS (Poblaciones autorizadas de acuerdo con los lineamientos emitidos por el MSPS ) | SG8: DE 18 A 59 AÑOS (Poblaciones autorizadas de acuerdo con los lineamientos emitidos por el MSPS ) | SH8: PERSONAL DE LA SALUD | SI8: Familiares y convivientes de menores de 18 años con Cancér (Ley 1388/2010) | SJ8: MENINGOCOCO (PARA USO EN BROTES) ÚNICA | SK8: DENGUE (Según Lineamientos) | SL8: V. P. H. | SM8: MONKEYPOX (USO EN BROTES) | SN8: ESQUEMA PRE EXPOSICIÓN OPCION 1 (I.D.) (Se aplica previa autorización del Ministerio) | SO8: ESQUEMA PRE EXPOSICIÓN OPCION 2 (I.M.) | SP8: ESQUEMA POST EXPOSICION Número de dosis aplicadas | SQ8: ESQUEMA RE-EXPOSICIÓN | SR8: TOTAL DE ESQUEMAS POST EXPOSICION (USUARIOS CON ESQUEMA DE VACUNACION COMPLETO) | SS8: TOTAL DE ESQUEMAS POST EXPOSICION (USUARIOS CON ESQUEMA DE VACUNACION COMPLETO) | ST8: N° recién nacidos que recibieron dosis de Ig en las primeras 12 horas | SU8: N° recién nacidos que recibieron dosis de Ig despues de las primeras 12 horas | SV8: N° Personas que recibieron dosis de Ig | SW8: N° Personas que recibieron dosis de Ig | SX8: N° Personas que recibieron dosis de antitoxina | SY8: COVID 19 | SZ8: TOTAL DOSIS | TB8: SRP De 6 a 11 MESES 29 DIAS | TC8: REFUERZO (aplicadas a partir del 1 de julio de 2019) DE 12 AÑOS 2019 | TE8: De 18 años y más | TF8: De 6–11 meses en municipios priorizados (Antes de la introducción del mes de Junio con de la dosis cero 0) | TG8: De 12–17 meses que viajan a países de riesgo (Canadá, México o Estados Unidos) | TH8: De 18 meses a 10 años | TI8: De 11–16 años | TJ8: De 17–59 años | TK8: De 60 años y más | TL8: De 6–11 meses en municipios priorizados | TM8: De 12–17 meses | TN8: De 18 meses a 10 años | TO8: De 11–16 años | TP8: De 6–11 meses | TQ8: De 12–17 meses | TR8: De 18 meses a 10 años | TS8: De 11–16 años | TT8: De 17 años a 59 años | TU8: De 60 años y más
A9: 1 | B9: 001 | C9: PEREIRA | D9: FEMENINO | E9: 294 | F9: 6 | H9: 161 | I9: 140 | J9: 1 | K9: 1 | AY9: 1 | BG9: 17 | BH9: 2 | BI9: 2 | BJ9: 10 | BO9: 89 | BP9: 66 | BQ9: 65 | BT9: 3 | CG9: 62 | CH9: 3 | CI9: 1 | CL9: 56 | CU9: 1 | CX9: 88 | CY9: 65 | CZ9: 66 | DA9: 61 | DD9: 3 | DE9: 1 | DK9: 2 | DN9: 1 | DT9: 5 | DU9: 46 | DV9: 1 | DW9: 1 | FA9: 104 | FB9: 78 | FC9: 103 | FD9: 80 | FE9: 69 | FG9: 1 | FI9: 66 | FS9: 77 | FT9: 3 | FU9: 1 | FW9: 5 | FX9: 1 | GC9: 57 | GD9: 1 | GL9: 2 | GM9: 2 | GO9: 1 | GP9: 2 | GQ9: 3 | GR9: 1 | GS9: 3 | GU9: 65 | GV9: 30 | GW9: 24 | GY9: 62 | GZ9: 4 | HA9: 1 | HE9: 1 | HI9: 2 | HK9: 5 | HL9: 3 | HM9: 3 | HN9: 2 | HO9: 2 | HP9: 9 | HQ9: 10 | HR9: 7 | HS9: 95 | HT9: 83 | HU9: 60 | HV9: 45 | HW9: 1 | IQ9: 69 | IU9: 1 | JD9: 69 | JP9: 64 | JQ9: 1 | JS9: 1 | JT9: 1 | KB9: 5 | KC9: 6 | KG9: 28 | KH9: 15 | KI9: 10 | KJ9: 6 | KK9: 1 | KL9: 9 | KP9: 9 | KQ9: 3 | KU9: 60 | KV9: 28 | KW9: 43 | KX9: 22 | KY9: 7 | KZ9: 45 | LA9: 2 | MB9: 9 | MH9: 165 | MO9: 180 | MP9: 61 | MQ9: 48 | MR9: 12 | MS9: 22 | MT9: 74 | MW9: 20 | MX9: 2 | MZ9: 52 | NA9: 18 | NB9: 347 | NC9: 165 | ND9: 6 | NF9: 14 | NG9: 69 | NH9: 523 | NI9: 77 | PO9: 42 | PP9: 14 | PQ9: 9 | PR9: 6 | PS9: 5 | PT9: 5 | PU9: 5 | PV9: 11 | PW9: 9 | QG9: 32 | QH9: 19 | QI9: 13 | QJ9: 8 | QK9: 1 | QQ9: 10 | RA9: 2 | RF9: =SUM(E9:RE9)-QF9-QL9-SUM(QO9:QQ9)-SUM(QT9:QV9) | RH9: =SUM(E9:G9) | RI9: =SUM(H9:BN9) | RJ9: =SUM(BO9:CT9) | RK9: =SUM(CU9:CW9) | RL9: =SUM(CX9:DH9) | RM9: =SUM(DI9:DU9) | RN9: =SUM(DV9:EZ9) | RO9: =SUM(FA9:FB9) | RP9: =SUM(FC9:FH9) | RQ9: =SUM(FI9:GB9) | RR9: =SUM(GC9:GW9) | RS9: =SUM(GX9:IP9) | RT9: =SUM(IQ9:JC9) | RU9: =SUM(JD9:JV9) | RV9: =SUM(JW9:MA9) | RW9: =SUM(MB9:MN9) | RX9: =MO9 | RY9: =SUM(MP9:MQ9) | RZ9: =SUM(MR9:MT9) | SA9: =SUM(MU9:MW9) | SB9: =SUM(MX9:MZ9) | SC9: =SUM(NA9:NB9) | SD9: =SUM(NC9) | SE9: =SUM(ND9:NF9) | SF9: =SUM(NG9) | SG9: =SUM(NH9) | SH9: =NI9 | SI9: =NJ9 | SJ9: =SUM(NK9:NP9) | SK9: =SUM(NQ9:PN9) | SL9: =SUM(PO9:PX9) | SM9: =SUM(PY9:PZ9) | SN9: =SUM(QA9:QB9) | SO9: =SUM(QC9:QE9) | SP9: =SUM(QG9:QK9) | SQ9: =SUM(QM9:QN9) | SR9: =SUM(QO9) | SS9: =SUM(QP9)+QQ9 | ST9: =SUM(QR9) | SU9: =SUM(QS9) | SV9: =SUM(QT9) | SW9: =SUM(QU9) | SX9: =SUM(QV9) | SY9: =SUM(QW9:RE9) | SZ9: =SUM(RH9:SX9)-SUM(SR9:SS9)-SUM(SV9:SX9) | TB9: 4 | TE9: 9 | TJ9: 15
D10: MASCULINO | E10: 324 | F10: 6 | H10: 185 | I10: 151 | BG10: 8 | BH10: 2 | BI10: 1 | BJ10: 1 | BK10: 1 | BO10: 88 | BP10: 78 | BQ10: 62 | BT10: 1 | CG10: 47 | CH10: 4 | CL10: 69 | CU10: 2 | CW10: 1 | CX10: 88 | CY10: 77 | CZ10: 62 | DA10: 47 | DD10: 1 | DK10: 3 | DN10: 1 | DT10: 10 | DU10: 48 | EU10: 1 | FA10: 118 | FB10: 85 | FC10: 124 | FD10: 95 | FE10: 65 | FH10: 1 | FI10: 76 | FJ10: 1 | FM10: 1 | FS10: 53 | FT10: 4 | FU10: 1 | FW10: 8 | FX10: 1 | GC10: 44 | GK10: 1 | GL10: 1 | GP10: 1 | GQ10: 1 | GR10: 6 | GS10: 7 | GU10: 33 | GV10: 26 | GW10: 39 | GY10: 46 | GZ10: 4 | HA10: 1 | HC10: 1 | HJ10: 1 | HK10: 1 | HL10: 1 | HM10: 3 | HN10: 3 | HO10: 4 | HP10: 3 | HQ10: 7 | HR10: 4 | HS10: 88 | HT10: 72 | HU10: 47 | HV10: 39 | HW10: 1 | IQ10: 65 | IR10: 1 | IU10: 1 | JD10: 64 | JE10: 1 | JH10: 1 | JP10: 71 | JQ10: 1 | JR10: 1 | KU10: 3 | KV10: 8 | KW10: 2 | LD10: 2 | LI10: 59 | LJ10: 7 | LK10: 1 | LM10: 3 | LN10: 7 | LO10: 2 | LR10: 1 | MP10: 56 | MQ10: 44 | MR10: 14 | MS10: 14 | MT10: 53 | MV10: 1 | MW10: 14 | MX10: 1 | MZ10: 56 | NA10: 13 | NB10: 251 | ND10: 1 | NF10: 12 | NG10: 65 | NH10: 366 | NI10: 44 | PO10: 36 | PP10: 16 | PQ10: 7 | PR10: 6 | PS10: 10 | PT10: 4 | PU10: 7 | PV10: 25 | PW10: 12 | QG10: 48 | QH10: 27 | QI10: 19 | QJ10: 16 | QQ10: 15 | QR10: 1 | QT10: 2 | RC10: 1 | RF10: =SUM(E10:RE10)-QF10-QL10-SUM(QO10:QQ10)-SUM(QT10:QV10) | RH10: =SUM(E10:G10) | RI10: =SUM(H10:BN10) | RJ10: =SUM(BO10:CT10) | RK10: =SUM(CU10:CW10) | RL10: =SUM(CX10:DH10) | RM10: =SUM(DI10:DU10) | RN10: =SUM(DV10:EZ10) | RO10: =SUM(FA10:FB10) | RP10: =SUM(FC10:FH10) | RQ10: =SUM(FI10:GB10) | RR10: =SUM(GC10:GW10) | RS10: =SUM(GX10:IP10) | RT10: =SUM(IQ10:JC10) | RU10: =SUM(JD10:JV10) | RV10: =SUM(JW10:MA10) | RW10: =SUM(MB10:MN10) | RX10: =MO10 | RY10: =SUM(MP10:MQ10) | RZ10: =SUM(MR10:MT10) | SA10: =SUM(MU10:MW10) | SB10: =SUM(MX10:MZ10) | SC10: =SUM(NA10:NB10) | SD10: =SUM(NC10) | SE10: =SUM(ND10:NF10) | SF10: =SUM(NG10) | SG10: =SUM(NH10) | SH10: =NI10 | SI10: =NJ10 | SJ10: =SUM(NK10:NP10) | SK10: =SUM(NQ10:PN10) | SL10: =SUM(PO10:PX10) | SM10: =SUM(PY10:PZ10) | SN10: =SUM(QA10:QB10) | SO10: =SUM(QC10:QE10) | SP10: =SUM(QG10:QK10) | SQ10: =SUM(QM10:QN10) | SR10: =SUM(QO10) | SS10: =SUM(QP10)+QQ10 | ST10: =SUM(QR10) | SU10: =SUM(QS10) | SV10: =SUM(QT10) | SW10: =SUM(QU10) | SX10: =SUM(QV10) | SY10: =SUM(QW10:RE10) | SZ10: =SUM(RH10:SX10)-SUM(SR10:SS10)-SUM(SV10:SX10) | TB10: 2 | TE10: 14 | TJ10: 7
D11: OTRO | CH11: 1 | RF11: =SUM(E11:RE11)-QF11-QL11-SUM(QO11:QQ11)-SUM(QT11:QV11) | RH11: =SUM(E11:G11) | RI11: =SUM(H11:BN11) | RJ11: =SUM(BO11:CT11) | RK11: =SUM(CU11:CW11) | RL11: =SUM(CX11:DH11) | RM11: =SUM(DI11:DU11) | RN11: =SUM(DV11:EZ11) | RO11: =SUM(FA11:FB11) | RP11: =SUM(FC11:FH11) | RQ11: =SUM(FI11:GB11) | RR11: =SUM(GC11:GW11) | RS11: =SUM(GX11:IP11) | RT11: =SUM(IQ11:JC11) | RU11: =SUM(JD11:JV11) | RV11: =SUM(JW11:MA11) | RW11: =SUM(MB11:MN11) | RX11: =MO11 | RY11: =SUM(MP11:MQ11) | RZ11: =SUM(MR11:MT11) | SA11: =SUM(MU11:MW11) | SB11: =SUM(MX11:MZ11) | SC11: =SUM(NA11:NB11) | SD11: =SUM(NC11) | SE11: =SUM(ND11:NF11) | SF11: =SUM(NG11) | SG11: =SUM(NH11) | SH11: =NI11 | SI11: =NJ11 | SJ11: =SUM(NK11:NP11) | SK11: =SUM(NQ11:PN11) | SL11: =SUM(PO11:PX11) | SM11: =SUM(PY11:PZ11) | SN11: =SUM(QA11:QB11) | SO11: =SUM(QC11:QE11) | SP11: =SUM(QG11:QK11) | SQ11: =SUM(QM11:QN11) | SR11: =SUM(QO11) | SS11: =SUM(QP11)+QQ11 | ST11: =SUM(QR11) | SU11: =SUM(QS11) | SV11: =SUM(QT11) | SW11: =SUM(QU11) | SX11: =SUM(QV11) | SY11: =SUM(QW11:RE11) | SZ11: =SUM(RH11:SX11)-SUM(SR11:SS11)-SUM(SV11:SX11)
D12: TOTAL GENERO | E12: =SUM(E9:E11) | F12: =SUM(F9:F11) | G12: =SUM(G9:G11) | H12: =SUM(H9:H11) | I12: =SUM(I9:I11) | J12: =SUM(J9:J11) | K12: =SUM(K9:K11) | L12: =SUM(L9:L11) | ... RF12: =SUM(RF9:RF11) | RH12: =SUM(RH9:RH11) | RI12: =SUM(RI9:RI11) | RJ12: =SUM(RJ9:RJ11) | RK12: =SUM(RK9:RK11) | RL12: =SUM(RL9:RL11) | RM12: =SUM(RM9:RM11) | RN12: =SUM(RN9:RN11) | RO12: =SUM(RO9:RO11) | ... SZ12: =SUM(SZ9:SZ11) | TB12: =SUM(TB9:TB11) | TC12: =SUM(TC9:TC11) | TE12: =SUM(TE9:TE11) | TF12: =SUM(TF9:TF11) | TG12: =SUM(TG9:TG11) | TH12: =SUM(TH9:TH11) | TI12: =SUM(TI9:TI11) | TJ12: =SUM(TJ9:TJ11) | TK12: =SUM(TK9:TK11) | TL12: =SUM(TL9:TL11) | ... TU12: =SUM(TU9:TU11)
D13: CONTRIBUTIVO | E13: 358 | F13: 7 | H13: 262 | I13: 102 | AY13: 1 | BG13: 17 | BH13: 2 | BI13: 3 | BJ13: 11 | BO13: 118 | BP13: 81 | BQ13: 66 | BT13: 2 | CG13: 52 | CH13: 4 | CI13: 1 | CL13: 62 | CU13: 3 | CW13: 1 | CX13: 118 | CY13: 81 | CZ13: 65 | DA13: 50 | DD13: 2 | DE13: 1 | DK13: 2 | DN13: 2 | DT13: 15 | DU13: 47 | FA13: 165 | FB13: 105 | FC13: 171 | FD13: 104 | FE13: 89 | FI13: 86 | FS13: 73 | FT13: 3 | FU13: 2 | FW13: 8 | FX13: 2 | GC13: 42 | GM13: 1 | GP13: 2 | GQ13: 2 | GR13: 6 | GS13: 7 | GU13: 87 | GV13: 51 | GW13: 55 | GY13: 61 | GZ13: 3 | HA13: 2 | HE13: 1 | HI13: 1 | HJ13: 1 | HK13: 1 | HM13: 2 | HN13: 1 | HO13: 2 | HP13: 5 | HQ13: 11 | HR13: 10 | HS13: 142 | HT13: 111 | HU13: 70 | HV13: 51 | HW13: 1 | IQ13: 91 | IU13: 1 | JD13: 88 | JP13: 72 | JQ13: 2 | JS13: 1 | KB13: 4 | KC13: 6 | KG13: 27 | KH13: 13 | KI13: 9 | KJ13: 5 | KK13: 1 | KL13: 2 | KP13: 2 | KQ13: 1 | KU13: 37 | KV13: 29 | KW13: 37 | KX13: 17 | KY13: 5 | KZ13: 31 | LA13: 2 | LD13: 2 | LI13: 46 | LJ13: 6 | LK13: 1 | LM13: 2 | LN13: 7 | LO13: 1 | LR13: 1 | MB13: 2 | MH13: 122 | MO13: 125 | MP13: 51 | MQ13: 50 | MR13: 13 | MS13: 23 | MT13: 64 | MW13: 23 | MZ13: 55 | NA13: 31 | NB13: 386 | NC13: 127 | NF13: 11 | NG13: 70 | NH13: 582 | NI13: 119 | PO13: 51 | PP13: 23 | PQ13: 13 | PR13: 8 | PS13: 9 | PT13: 6 | PU13: 10 | PV13: 30 | PW13: 14 | QG13: 49 | QH13: 25 | QI13: 17 | QJ13: 11 | QK13: 1 | QQ13: 15 | RF13: =SUM(E13:RE13)-QF13-QL13-SUM(QO13:QQ13)-SUM(QT13:QV13) | RH13: =SUM(E13:G13) | RI13: =SUM(H13:BN13) | RJ13: =SUM(BO13:CT13) | RK13: =SUM(CU13:CW13) | RL13: =SUM(CX13:DH13) | RM13: =SUM(DI13:DU13) | RN13: =SUM(DV13:EZ13) | RO13: =SUM(FA13:FB13) | RP13: =SUM(FC13:FH13) | RQ13: =SUM(FI13:GB13) | RR13: =SUM(GC13:GW13) | RS13: =SUM(GX13:IP13) | RT13: =SUM(IQ13:JC13) | RU13: =SUM(JD13:JV13) | RV13: =SUM(JW13:MA13) | RW13: =SUM(MB13:MN13) | RX13: =MO13 | RY13: =SUM(MP13:MQ13) | RZ13: =SUM(MR13:MT13) | SA13: =SUM(MU13:MW13) | SB13: =SUM(MX13:MZ13) | SC13: =SUM(NA13:NB13) | SD13: =SUM(NC13) | SE13: =SUM(ND13:NF13) | SF13: =SUM(NG13) | SG13: =SUM(NH13) | SH13: =NI13 | SI13: =NJ13 | SJ13: =SUM(NK13:NP13) | SK13: =SUM(NQ13:PN13) | SL13: =SUM(PO13:PX13) | SM13: =SUM(PY13:PZ13) | SN13: =SUM(QA13:QB13) | SO13: =SUM(QC13:QE13) | SP13: =SUM(QG13:QK13) | SQ13: =SUM(QM13:QN13) | SR13: =SUM(QO13) | SS13: =SUM(QP13)+QQ13 | ST13: =SUM(QR13) | SU13: =SUM(QS13) | SV13: =SUM(QT13) | SW13: =SUM(QU13) | SX13: =SUM(QV13) | SY13: =SUM(QW13:RE13) | SZ13: =SUM(RH13:SX13)-SUM(SR13:SS13)-SUM(SV13:SX13) | TB13: 4 | TE13: 23 | TJ13: 21
D14: SUBSIDIADO | E14: 247 | F14: 5 | H14: 78 | I14: 181 | J14: 1 | K14: 1 | BG14: 6 | BH14: 2 | BK14: 1 | BO14: 54 | BP14: 56 | BQ14: 58 | BT14: 2 | CG14: 51 | CH14: 4 | CL14: 58 | CX14: 53 | CY14: 54 | CZ14: 59 | DA14: 51 | DD14: 2 | DK14: 3 | DU14: 43 | DV14: 1 | DW14: 1 | EU14: 1 | FA14: 49 | FB14: 51 | FC14: 48 | FD14: 62 | FE14: 42 | FG14: 1 | FH14: 1 | FI14: 53 | FJ14: 1 | FM14: 1 | FS14: 50 | FT14: 4 | FW14: 5 | GC14: 56 | GD14: 1 | GK14: 1 | GL14: 2 | GM14: 1 | GO14: 1 | GP14: 1 | GQ14: 2 | GR14: 1 | GS14: 3 | GU14: 9 | GV14: 4 | GW14: 7 | GY14: 44 | GZ14: 5 | HC14: 1 | HK14: 1 | HL14: 2 | HM14: 4 | HN14: 2 | HO14: 4 | HP14: 6 | HQ14: 5 | HS14: 36 | HT14: 32 | HU14: 20 | HV14: 24 | IQ14: 38 | IR14: 1 | IU14: 1 | JD14: 41 | JE14: 1 | JH14: 1 | JP14: 58 | JR14: 1 | JT14: 1 | KB14: 1 | KG14: 1 | KH14: 2 | KI14: 1 | KJ14: 1 | KL14: 7 | KP14: 1 | KQ14: 1 | KU14: 19 | KV14: 4 | KW14: 2 | KX14: 2 | KY14: 1 | KZ14: 13 | LI14: 11 | LO14: 1 | MB14: 7 | MH14: 36 | MO14: 50 | MP14: 61 | MQ14: 36 | MR14: 11 | MS14: 13 | MT14: 58 | MV14: 1 | MW14: 11 | MZ14: 52 | NB14: 150 | NC14: 33 | NF14: 13 | NG14: 36 | NH14: 213 | NI14: 1 | PO14: 20 | PP14: 6 | PQ14: 3 | PR14: 4 | PS14: 4 | PT14: 2 | PU14: 2 | PV14: 5 | PW14: 6 | QG14: 29 | QH14: 18 | QI14: 11 | QJ14: 11 | QQ14: 9 | QR14: 1 | QT14: 2 | RA14: 1 | RC14: 1 | RF14: =SUM(E14:RE14)-QF14-QL14-SUM(QO14:QQ14)-SUM(QT14:QV14) | RH14: =SUM(E14:G14) | RI14: =SUM(H14:BN14) | RJ14: =SUM(BO14:CT14) | RK14: =SUM(CU14:CW14) | RL14: =SUM(CX14:DH14) | RM14: =SUM(DI14:DU14) | RN14: =SUM(DV14:EZ14) | RO14: =SUM(FA14:FB14) | RP14: =SUM(FC14:FH14) | RQ14: =SUM(FI14:GB14) | RR14: =SUM(GC14:GW14) | RS14: =SUM(GX14:IP14) | RT14: =SUM(IQ14:JC14) | RU14: =SUM(JD14:JV14) | RV14: =SUM(JW14:MA14) | RW14: =SUM(MB14:MN14) | RX14: =MO14 | RY14: =SUM(MP14:MQ14) | RZ14: =SUM(MR14:MT14) | SA14: =SUM(MU14:MW14) | SB14: =SUM(MX14:MZ14) | SC14: =SUM(NA14:NB14) | SD14: =SUM(NC14) | SE14: =SUM(ND14:NF14) | SF14: =SUM(NG14) | SG14: =SUM(NH14) | SH14: =NI14 | SI14: =NJ14 | SJ14: =SUM(NK14:NP14) | SK14: =SUM(NQ14:PN14) | SL14: =SUM(PO14:PX14) | SM14: =SUM(PY14:PZ14) | SN14: =SUM(QA14:QB14) | SO14: =SUM(QC14:QE14) | SP14: =SUM(QG14:QK14) | SQ14: =SUM(QM14:QN14) | SR14: =SUM(QO14) | SS14: =SUM(QP14)+QQ14 | ST14: =SUM(QR14) | SU14: =SUM(QS14) | SV14: =SUM(QT14) | SW14: =SUM(QU14) | SX14: =SUM(QV14) | SY14: =SUM(QW14:RE14) | SZ14: =SUM(RH14:SX14)-SUM(SR14:SS14)-SUM(SV14:SX14)
D15: POBRE NO ASEGURADO | E15: 5 | H15: 5 | BO15: 2 | BP15: 1 | BQ15: 3 | CX15: 2 | CY15: 1 | CZ15: 3 | FA15: 3 | FC15: 3 | FD15: 1 | GC15: 1 | HI15: 1 | HK15: 2 | HR15: 1 | HS15: 3 | HT15: 6 | HU15: 4 | MH15: 1 | MO15: 1 | MP15: 1 | NB15: 2 | NG15: 1 | NH15: 12 | PO15: 1 | PS15: 1 | QH15: 1 | QI15: 1 | QJ15: 1 | RF15: =SUM(E15:RE15)-QF15-QL15-SUM(QO15:QQ15)-SUM(QT15:QV15) | RH15: =SUM(E15:G15) | RI15: =SUM(H15:BN15) | RJ15: =SUM(BO15:CT15) | RK15: =SUM(CU15:CW15) | RL15: =SUM(CX15:DH15) | RM15: =SUM(DI15:DU15) | RN15: =SUM(DV15:EZ15) | RO15: =SUM(FA15:FB15) | RP15: =SUM(FC15:FH15) | RQ15: =SUM(FI15:GB15) | RR15: =SUM(GC15:GW15) | RS15: =SUM(GX15:IP15) | RT15: =SUM(IQ15:JC15) | RU15: =SUM(JD15:JV15) | RV15: =SUM(JW15:MA15) | RW15: =SUM(MB15:MN15) | RX15: =MO15 | RY15: =SUM(MP15:MQ15) | RZ15: =SUM(MR15:MT15) | SA15: =SUM(MU15:MW15) | SB15: =SUM(MX15:MZ15) | SC15: =SUM(NA15:NB15) | SD15: =SUM(NC15) | SE15: =SUM(ND15:NF15) | SF15: =SUM(NG15) | SG15: =SUM(NH15) | SH15: =NI15 | SI15: =NJ15 | SJ15: =SUM(NK15:NP15) | SK15: =SUM(NQ15:PN15) | SL15: =SUM(PO15:PX15) | SM15: =SUM(PY15:PZ15) | SN15: =SUM(QA15:QB15) | SO15: =SUM(QC15:QE15) | SP15: =SUM(QG15:QK15) | SQ15: =SUM(QM15:QN15) | SR15: =SUM(QO15) | SS15: =SUM(QP15)+QQ15 | ST15: =SUM(QR15) | SU15: =SUM(QS15) | SV15: =SUM(QT15) | SW15: =SUM(QU15) | SX15: =SUM(QV15) | SY15: =SUM(QW15:RE15) | SZ15: =SUM(RH15:SX15)-SUM(SR15:SS15)-SUM(SV15:SX15) | TJ15: 1
D16: REGIMEN ESPECIAL | E16: 8 | H16: 1 | I16: 8 | BG16: 2 | BO16: 3 | BP16: 6 | CG16: 6 | CL16: 5 | CX16: 3 | CY16: 6 | CZ16: 1 | DA16: 7 | DU16: 4 | FA16: 5 | FB16: 7 | FC16: 5 | FD16: 8 | FE16: 3 | FI16: 3 | FS16: 7 | GC16: 2 | GL16: 1 | GU16: 2 | GV16: 1 | GW16: 1 | GY16: 3 | HK16: 2 | HL16: 2 | HN16: 2 | HP16: 1 | HQ16: 1 | HS16: 2 | HT16: 6 | HU16: 13 | HV16: 9 | HW16: 1 | IQ16: 5 | JD16: 4 | JP16: 5 | KP16: 6 | KQ16: 1 | KU16: 7 | KV16: 3 | KW16: 6 | KX16: 3 | KY16: 1 | KZ16: 1 | LI16: 2 | LJ16: 1 | LM16: 1 | MH16: 6 | MO16: 4 | MP16: 4 | MQ16: 6 | MR16: 2 | MT16: 5 | MX16: 3 | MZ16: 1 | NB16: 60 | NC16: 5 | ND16: 7 | NF16: 2 | NG16: 27 | NH16: 82 | NI16: 1 | PO16: 6 | PP16: 1 | PS16: 1 | PT16: 1 | PV16: 1 | PW16: 1 | QG16: 2 | QH16: 2 | QI16: 3 | QJ16: 1 | QQ16: 1 | RA16: 1 | RF16: =SUM(E16:RE16)-QF16-QL16-SUM(QO16:QQ16)-SUM(QT16:QV16) | RH16: =SUM(E16:G16) | RI16: =SUM(H16:BN16) | RJ16: =SUM(BO16:CT16) | RK16: =SUM(CU16:CW16) | RL16: =SUM(CX16:DH16) | RM16: =SUM(DI16:DU16) | RN16: =SUM(DV16:EZ16) | RO16: =SUM(FA16:FB16) | RP16: =SUM(FC16:FH16) | RQ16: =SUM(FI16:GB16) | RR16: =SUM(GC16:GW16) | RS16: =SUM(GX16:IP16) | RT16: =SUM(IQ16:JC16) | RU16: =SUM(JD16:JV16) | RV16: =SUM(JW16:MA16) | RW16: =SUM(MB16:MN16) | RX16: =MO16 | RY16: =SUM(MP16:MQ16) | RZ16: =SUM(MR16:MT16) | SA16: =SUM(MU16:MW16) | SB16: =SUM(MX16:MZ16) | SC16: =SUM(NA16:NB16) | SD16: =SUM(NC16) | SE16: =SUM(ND16:NF16) | SF16: =SUM(NG16) | SG16: =SUM(NH16) | SH16: =NI16 | SI16: =NJ16 | SJ16: =SUM(NK16:NP16) | SK16: =SUM(NQ16:PN16) | SL16: =SUM(PO16:PX16) | SM16: =SUM(PY16:PZ16) | SN16: =SUM(QA16:QB16) | SO16: =SUM(QC16:QE16) | SP16: =SUM(QG16:QK16) | SQ16: =SUM(QM16:QN16) | SR16: =SUM(QO16) | SS16: =SUM(QP16)+QQ16 | ST16: =SUM(QR16) | SU16: =SUM(QS16) | SV16: =SUM(QT16) | SW16: =SUM(QU16) | SX16: =SUM(QV16) | SY16: =SUM(QW16:RE16) | SZ16: =SUM(RH16:SX16)-SUM(SR16:SS16)-SUM(SV16:SX16) | TB16: 2
D17: TOTAL REGIMEN | E17: =SUM(E13:E16) | F17: =SUM(F13:F16) | G17: =SUM(G13:G16) | H17: =SUM(H13:H16) | I17: =SUM(I13:I16) | J17: =SUM(J13:J16) | K17: =SUM(K13:K16) | L17: =SUM(L13:L16) | ... RF17: =SUM(RF13:RF16) | RH17: =SUM(RH13:RH16) | RI17: =SUM(RI13:RI16) | RJ17: =SUM(RJ13:RJ16) | RK17: =SUM(RK13:RK16) | RL17: =SUM(RL13:RL16) | RM17: =SUM(RM13:RM16) | RN17: =SUM(RN13:RN16) | RO17: =SUM(RO13:RO16) | ... SZ17: =SUM(SZ13:SZ16) | TB17: =SUM(TB13:TB16) | TC17: =SUM(TC13:TC16) | TE17: =SUM(TE13:TE16) | TF17: =SUM(TF13:TF16) | TG17: =SUM(TG13:TG16) | TH17: =SUM(TH13:TH16) | TI17: =SUM(TI13:TI16) | TJ17: =SUM(TJ13:TJ16) | TK17: =SUM(TK13:TK16) | TL17: =SUM(TL13:TL16) | ... TU17: =SUM(TU13:TU16)
D18: INDIGENA | E18: 26 | F18: 1 | H18: 7 | I18: 21 | BO18: 3 | BP18: 5 | BQ18: 2 | CG18: 3 | CX18: 3 | CY18: 5 | CZ18: 2 | DA18: 3 | FA18: 2 | FC18: 4 | FD18: 4 | FE18: 1 | FI18: 2 | FS18: 2 | GY18: 2 | IQ18: 1 | JD18: 1 | MP18: 4 | MQ18: 2 | MT18: 3 | QR18: 1 | QT18: 1 | RF18: =SUM(E18:RE18)-QF18-QL18-SUM(QO18:QQ18)-SUM(QT18:QV18) | RH18: =SUM(E18:G18) | RI18: =SUM(H18:BN18) | RJ18: =SUM(BO18:CT18) | RK18: =SUM(CU18:CW18) | RL18: =SUM(CX18:DH18) | RM18: =SUM(DI18:DU18) | RN18: =SUM(DV18:EZ18) | RO18: =SUM(FA18:FB18) | RP18: =SUM(FC18:FH18) | RQ18: =SUM(FI18:GB18) | RR18: =SUM(GC18:GW18) | RS18: =SUM(GX18:IP18) | RT18: =SUM(IQ18:JC18) | RU18: =SUM(JD18:JV18) | RV18: =SUM(JW18:MA18) | RW18: =SUM(MB18:MN18) | RX18: =MO18 | RY18: =SUM(MP18:MQ18) | RZ18: =SUM(MR18:MT18) | SA18: =SUM(MU18:MW18) | SB18: =SUM(MX18:MZ18) | SC18: =SUM(NA18:NB18) | SD18: =SUM(NC18) | SE18: =SUM(ND18:NF18) | SF18: =SUM(NG18) | SG18: =SUM(NH18) | SH18: =NI18 | SI18: =NJ18 | SJ18: =SUM(NK18:NP18) | SK18: =SUM(NQ18:PN18) | SL18: =SUM(PO18:PX18) | SM18: =SUM(PY18:PZ18) | SN18: =SUM(QA18:QB18) | SO18: =SUM(QC18:QE18) | SP18: =SUM(QG18:QK18) | SQ18: =SUM(QM18:QN18) | SR18: =SUM(QO18) | SS18: =SUM(QP18)+QQ18 | ST18: =SUM(QR18) | SU18: =SUM(QS18) | SV18: =SUM(QT18) | SW18: =SUM(QU18) | SX18: =SUM(QV18) | SY18: =SUM(QW18:RE18) | SZ18: =SUM(RH18:SX18)-SUM(SR18:SS18)-SUM(SV18:SX18)
D19: ROM (GITANO) | RF19: =SUM(E19:RE19)-QF19-QL19-SUM(QO19:QQ19)-SUM(QT19:QV19) | RH19: =SUM(E19:G19) | RI19: =SUM(H19:BN19) | RJ19: =SUM(BO19:CT19) | RK19: =SUM(CU19:CW19) | RL19: =SUM(CX19:DH19) | RM19: =SUM(DI19:DU19) | RN19: =SUM(DV19:EZ19) | RO19: =SUM(FA19:FB19) | RP19: =SUM(FC19:FH19) | RQ19: =SUM(FI19:GB19) | RR19: =SUM(GC19:GW19) | RS19: =SUM(GX19:IP19) | RT19: =SUM(IQ19:JC19) | RU19: =SUM(JD19:JV19) | RV19: =SUM(JW19:MA19) | RW19: =SUM(MB19:MN19) | RX19: =MO19 | RY19: =SUM(MP19:MQ19) | RZ19: =SUM(MR19:MT19) | SA19: =SUM(MU19:MW19) | SB19: =SUM(MX19:MZ19) | SC19: =SUM(NA19:NB19) | SD19: =SUM(NC19) | SE19: =SUM(ND19:NF19) | SF19: =SUM(NG19) | SG19: =SUM(NH19) | SH19: =NI19 | SI19: =NJ19 | SJ19: =SUM(NK19:NP19) | SK19: =SUM(NQ19:PN19) | SL19: =SUM(PO19:PX19) | SM19: =SUM(PY19:PZ19) | SN19: =SUM(QA19:QB19) | SO19: =SUM(QC19:QE19) | SP19: =SUM(QG19:QK19) | SQ19: =SUM(QM19:QN19) | SR19: =SUM(QO19) | SS19: =SUM(QP19)+QQ19 | ST19: =SUM(QR19) | SU19: =SUM(QS19) | SV19: =SUM(QT19) | SW19: =SUM(QU19) | SX19: =SUM(QV19) | SY19: =SUM(QW19:RE19) | SZ19: =SUM(RH19:SX19)-SUM(SR19:SS19)-SUM(SV19:SX19)
D20: RAIZAL | RF20: =SUM(E20:RE20)-QF20-QL20-SUM(QO20:QQ20)-SUM(QT20:QV20) | RH20: =SUM(E20:G20) | RI20: =SUM(H20:BN20) | RJ20: =SUM(BO20:CT20) | RK20: =SUM(CU20:CW20) | RL20: =SUM(CX20:DH20) | RM20: =SUM(DI20:DU20) | RN20: =SUM(DV20:EZ20) | RO20: =SUM(FA20:FB20) | RP20: =SUM(FC20:FH20) | RQ20: =SUM(FI20:GB20) | RR20: =SUM(GC20:GW20) | RS20: =SUM(GX20:IP20) | RT20: =SUM(IQ20:JC20) | RU20: =SUM(JD20:JV20) | RV20: =SUM(JW20:MA20) | RW20: =SUM(MB20:MN20) | RX20: =MO20 | RY20: =SUM(MP20:MQ20) | RZ20: =SUM(MR20:MT20) | SA20: =SUM(MU20:MW20) | SB20: =SUM(MX20:MZ20) | SC20: =SUM(NA20:NB20) | SD20: =SUM(NC20) | SE20: =SUM(ND20:NF20) | SF20: =SUM(NG20) | SG20: =SUM(NH20) | SH20: =NI20 | SI20: =NJ20 | SJ20: =SUM(NK20:NP20) | SK20: =SUM(NQ20:PN20) | SL20: =SUM(PO20:PX20) | SM20: =SUM(PY20:PZ20) | SN20: =SUM(QA20:QB20) | SO20: =SUM(QC20:QE20) | SP20: =SUM(QG20:QK20) | SQ20: =SUM(QM20:QN20) | SR20: =SUM(QO20) | SS20: =SUM(QP20)+QQ20 | ST20: =SUM(QR20) | SU20: =SUM(QS20) | SV20: =SUM(QT20) | SW20: =SUM(QU20) | SX20: =SUM(QV20) | SY20: =SUM(QW20:RE20) | SZ20: =SUM(RH20:SX20)-SUM(SR20:SS20)-SUM(SV20:SX20)
D21: PALENQUERO | RF21: =SUM(E21:RE21)-QF21-QL21-SUM(QO21:QQ21)-SUM(QT21:QV21) | RH21: =SUM(E21:G21) | RI21: =SUM(H21:BN21) | RJ21: =SUM(BO21:CT21) | RK21: =SUM(CU21:CW21) | RL21: =SUM(CX21:DH21) | RM21: =SUM(DI21:DU21) | RN21: =SUM(DV21:EZ21) | RO21: =SUM(FA21:FB21) | RP21: =SUM(FC21:FH21) | RQ21: =SUM(FI21:GB21) | RR21: =SUM(GC21:GW21) | RS21: =SUM(GX21:IP21) | RT21: =SUM(IQ21:JC21) | RU21: =SUM(JD21:JV21) | RV21: =SUM(JW21:MA21) | RW21: =SUM(MB21:MN21) | RX21: =MO21 | RY21: =SUM(MP21:MQ21) | RZ21: =SUM(MR21:MT21) | SA21: =SUM(MU21:MW21) | SB21: =SUM(MX21:MZ21) | SC21: =SUM(NA21:NB21) | SD21: =SUM(NC21) | SE21: =SUM(ND21:NF21) | SF21: =SUM(NG21) | SG21: =SUM(NH21) | SH21: =NI21 | SI21: =NJ21 | SJ21: =SUM(NK21:NP21) | SK21: =SUM(NQ21:PN21) | SL21: =SUM(PO21:PX21) | SM21: =SUM(PY21:PZ21) | SN21: =SUM(QA21:QB21) | SO21: =SUM(QC21:QE21) | SP21: =SUM(QG21:QK21) | SQ21: =SUM(QM21:QN21) | SR21: =SUM(QO21) | SS21: =SUM(QP21)+QQ21 | ST21: =SUM(QR21) | SU21: =SUM(QS21) | SV21: =SUM(QT21) | SW21: =SUM(QU21) | SX21: =SUM(QV21) | SY21: =SUM(QW21:RE21) | SZ21: =SUM(RH21:SX21)-SUM(SR21:SS21)-SUM(SV21:SX21)
D22: NEGRO(A), MULATO (A), AFROCOLOMBIANO (A) | E22: 17 | F22: 1 | H22: 10 | I22: 9 | BO22: 2 | BP22: 1 | CG22: 1 | CL22: 1 | CX22: 2 | CY22: 1 | DA22: 1 | DU22: 1 | FA22: 2 | FB22: 1 | FC22: 3 | FD22: 1 | FE22: 3 | FI22: 2 | FS22: 1 | GP22: 1 | GQ22: 1 | GU22: 3 | HK22: 1 | HL22: 1 | IQ22: 2 | JD22: 3 | JP22: 1 | KL22: 1 | KX22: 1 | LA22: 1 | MH22: 1 | MO22: 3 | MQ22: 1 | MS22: 1 | MT22: 1 | MZ22: 1 | NB22: 1 | NH22: 3 | NI22: 1 | PR22: 1 | PS22: 2 | PT22: 1 | RF22: =SUM(E22:RE22)-QF22-QL22-SUM(QO22:QQ22)-SUM(QT22:QV22) | RH22: =SUM(E22:G22) | RI22: =SUM(H22:BN22) | RJ22: =SUM(BO22:CT22) | RK22: =SUM(CU22:CW22) | RL22: =SUM(CX22:DH22) | RM22: =SUM(DI22:DU22) | RN22: =SUM(DV22:EZ22) | RO22: =SUM(FA22:FB22) | RP22: =SUM(FC22:FH22) | RQ22: =SUM(FI22:GB22) | RR22: =SUM(GC22:GW22) | RS22: =SUM(GX22:IP22) | RT22: =SUM(IQ22:JC22) | RU22: =SUM(JD22:JV22) | RV22: =SUM(JW22:MA22) | RW22: =SUM(MB22:MN22) | RX22: =MO22 | RY22: =SUM(MP22:MQ22) | RZ22: =SUM(MR22:MT22) | SA22: =SUM(MU22:MW22) | SB22: =SUM(MX22:MZ22) | SC22: =SUM(NA22:NB22) | SD22: =SUM(NC22) | SE22: =SUM(ND22:NF22) | SF22: =SUM(NG22) | SG22: =SUM(NH22) | SH22: =NI22 | SI22: =NJ22 | SJ22: =SUM(NK22:NP22) | SK22: =SUM(NQ22:PN22) | SL22: =SUM(PO22:PX22) | SM22: =SUM(PY22:PZ22) | SN22: =SUM(QA22:QB22) | SO22: =SUM(QC22:QE22) | SP22: =SUM(QG22:QK22) | SQ22: =SUM(QM22:QN22) | SR22: =SUM(QO22) | SS22: =SUM(QP22)+QQ22 | ST22: =SUM(QR22) | SU22: =SUM(QS22) | SV22: =SUM(QT22) | SW22: =SUM(QU22) | SX22: =SUM(QV22) | SY22: =SUM(QW22:RE22) | SZ22: =SUM(RH22:SX22)-SUM(SR22:SS22)-SUM(SV22:SX22)
D23: SIN PERTENENCIA ETNICA | E23: 575 | F23: 10 | H23: 329 | I23: 261 | J23: 1 | K23: 1 | AY23: 1 | BG23: 25 | BH23: 4 | BI23: 3 | BJ23: 11 | BK23: 1 | BO23: 172 | BP23: 138 | BQ23: 125 | BT23: 4 | CG23: 105 | CH23: 8 | CI23: 1 | CL23: 124 | CU23: 3 | CW23: 1 | CX23: 171 | CY23: 136 | CZ23: 126 | DA23: 104 | DD23: 4 | DE23: 1 | DK23: 5 | DN23: 2 | DT23: 15 | DU23: 93 | DV23: 1 | DW23: 1 | EU23: 1 | FA23: 218 | FB23: 162 | FC23: 220 | FD23: 170 | FE23: 130 | FG23: 1 | FH23: 1 | FI23: 138 | FJ23: 1 | FM23: 1 | FS23: 127 | FT23: 7 | FU23: 2 | FW23: 13 | FX23: 2 | GC23: 101 | GD23: 1 | GK23: 1 | GL23: 3 | GM23: 2 | GO23: 1 | GP23: 2 | GQ23: 3 | GR23: 7 | GS23: 10 | GU23: 95 | GV23: 56 | GW23: 63 | GY23: 106 | GZ23: 8 | HA23: 2 | HC23: 1 | HE23: 1 | HI23: 2 | HJ23: 1 | HK23: 5 | HL23: 3 | HM23: 6 | HN23: 5 | HO23: 6 | HP23: 12 | HQ23: 17 | HR23: 11 | HS23: 183 | HT23: 155 | HU23: 107 | HV23: 84 | HW23: 2 | IQ23: 131 | IR23: 1 | IU23: 2 | JD23: 129 | JE23: 1 | JH23: 1 | JP23: 134 | JQ23: 2 | JR23: 1 | JS23: 1 | JT23: 1 | KB23: 5 | KC23: 6 | KG23: 28 | KH23: 15 | KI23: 10 | KJ23: 6 | KK23: 1 | KL23: 8 | KP23: 9 | KQ23: 3 | KU23: 63 | KV23: 36 | KW23: 45 | KX23: 21 | KY23: 7 | KZ23: 45 | LA23: 1 | LD23: 2 | LI23: 59 | LJ23: 7 | LK23: 1 | LM23: 3 | LN23: 7 | LO23: 2 | LR23: 1 | MB23: 9 | MH23: 164 | MO23: 177 | MP23: 113 | MQ23: 89 | MR23: 26 | MS23: 35 | MT23: 123 | MV23: 1 | MW23: 34 | MX23: 3 | MZ23: 107 | NA23: 31 | NB23: 597 | NC23: 165 | ND23: 7 | NF23: 26 | NG23: 134 | NH23: 886 | NI23: 120 | PO23: 78 | PP23: 30 | PQ23: 16 | PR23: 11 | PS23: 13 | PT23: 8 | PU23: 12 | PV23: 36 | PW23: 21 | QG23: 80 | QH23: 46 | QI23: 32 | QJ23: 24 | QK23: 1 | QQ23: 25 | QT23: 1 | RA23: 2 | RC23: 1 | RF23: =SUM(E23:RE23)-QF23-QL23-SUM(QO23:QQ23)-SUM(QT23:QV23) | RH23: =SUM(E23:G23) | RI23: =SUM(H23:BN23) | RJ23: =SUM(BO23:CT23) | RK23: =SUM(CU23:CW23) | RL23: =SUM(CX23:DH23) | RM23: =SUM(DI23:DU23) | RN23: =SUM(DV23:EZ23) | RO23: =SUM(FA23:FB23) | RP23: =SUM(FC23:FH23) | RQ23: =SUM(FI23:GB23) | RR23: =SUM(GC23:GW23) | RS23: =SUM(GX23:IP23) | RT23: =SUM(IQ23:JC23) | RU23: =SUM(JD23:JV23) | RV23: =SUM(JW23:MA23) | RW23: =SUM(MB23:MN23) | RX23: =MO23 | RY23: =SUM(MP23:MQ23) | RZ23: =SUM(MR23:MT23) | SA23: =SUM(MU23:MW23) | SB23: =SUM(MX23:MZ23) | SC23: =SUM(NA23:NB23) | SD23: =SUM(NC23) | SE23: =SUM(ND23:NF23) | SF23: =SUM(NG23) | SG23: =SUM(NH23) | SH23: =NI23 | SI23: =NJ23 | SJ23: =SUM(NK23:NP23) | SK23: =SUM(NQ23:PN23) | SL23: =SUM(PO23:PX23) | SM23: =SUM(PY23:PZ23) | SN23: =SUM(QA23:QB23) | SO23: =SUM(QC23:QE23) | SP23: =SUM(QG23:QK23) | SQ23: =SUM(QM23:QN23) | SR23: =SUM(QO23) | SS23: =SUM(QP23)+QQ23 | ST23: =SUM(QR23) | SU23: =SUM(QS23) | SV23: =SUM(QT23) | SW23: =SUM(QU23) | SX23: =SUM(QV23) | SY23: =SUM(QW23:RE23) | SZ23: =SUM(RH23:SX23)-SUM(SR23:SS23)-SUM(SV23:SX23) | TB23: 6 | TE23: 23 | TJ23: 22
D24: TOTAL ETNICOS | E24: =SUM(E18:E23) | F24: =SUM(F18:F23) | G24: =SUM(G18:G23) | H24: =SUM(H18:H23) | I24: =SUM(I18:I23) | J24: =SUM(J18:J23) | K24: =SUM(K18:K23) | L24: =SUM(L18:L23) | ... RF24: =SUM(RF18:RF23) | RG24: =IF(RF12=RF17,RF17=RF24,"FALSO") | RH24: =SUM(RH18:RH23) | RI24: =SUM(RI18:RI23) | RJ24: =SUM(RJ18:RJ23) | RK24: =SUM(RK18:RK23) | RL24: =SUM(RL18:RL23) | RM24: =SUM(RM18:RM23) | RN24: =SUM(RN18:RN23) | RO24: =SUM(RO18:RO23) | ... SZ24: =SUM(SZ18:SZ23) | TB24: =SUM(TB18:TB23) | TC24: =SUM(TC18:TC23) | TE24: =SUM(TE18:TE23) | TF24: =SUM(TF18:TF23) | TG24: =SUM(TG18:TG23) | TH24: =SUM(TH18:TH23) | TI24: =SUM(TI18:TI23) | TJ24: =SUM(TJ18:TJ23) | TK24: =SUM(TK18:TK23) | TL24: =SUM(TL18:TL23) | ... TU24: =SUM(TU18:TU23)
D25: EN SITUACION DE DESPLAZADO | RF25: =SUM(E25:RE25)-QF25-QL25-SUM(QO25:QQ25)-SUM(QT25:QV25) | RH25: =SUM(E25:G25) | RI25: =SUM(H25:BN25) | RJ25: =SUM(BO25:CT25) | RK25: =SUM(CU25:CW25) | RL25: =SUM(CX25:DH25) | RM25: =SUM(DI25:DU25) | RN25: =SUM(DV25:EZ25) | RO25: =SUM(FA25:FB25) | RP25: =SUM(FC25:FH25) | RQ25: =SUM(FI25:GB25) | RR25: =SUM(GC25:GW25) | RS25: =SUM(GX25:IP25) | RT25: =SUM(IQ25:JC25) | RU25: =SUM(JD25:JV25) | RV25: =SUM(JW25:MA25) | RW25: =SUM(MB25:MN25) | RX25: =MO25 | RY25: =SUM(MP25:MQ25) | RZ25: =SUM(MR25:MT25) | SA25: =SUM(MU25:MW25) | SB25: =SUM(MX25:MZ25) | SC25: =SUM(NA25:NB25) | SD25: =SUM(NC25) | SE25: =SUM(ND25:NF25) | SF25: =SUM(NG25) | SG25: =SUM(NH25) | SH25: =NI25 | SI25: =NJ25 | SJ25: =SUM(NK25:NP25) | SK25: =SUM(NQ25:PN25) | SL25: =SUM(PO25:PX25) | SM25: =SUM(PY25:PZ25) | SN25: =SUM(QA25:QB25) | SO25: =SUM(QC25:QE25) | SP25: =SUM(QG25:QK25) | SQ25: =SUM(QM25:QN25) | SR25: =SUM(QO25) | SS25: =SUM(QP25)+QQ25 | ST25: =SUM(QR25) | SU25: =SUM(QS25) | SV25: =SUM(QT25) | SW25: =SUM(QU25) | SX25: =SUM(QV25) | SY25: =SUM(QW25:RE25) | SZ25: =SUM(RH25:SX25)-SUM(SR25:SS25)-SUM(SV25:SX25)
D26: EN CONDICION DE DISCAPACIDAD | RF26: =SUM(E26:RE26)-QF26-QL26-SUM(QO26:QQ26)-SUM(QT26:QV26) | RH26: =SUM(E26:G26) | RI26: =SUM(H26:BN26) | RJ26: =SUM(BO26:CT26) | RK26: =SUM(CU26:CW26) | RL26: =SUM(CX26:DH26) | RM26: =SUM(DI26:DU26) | RN26: =SUM(DV26:EZ26) | RO26: =SUM(FA26:FB26) | RP26: =SUM(FC26:FH26) | RQ26: =SUM(FI26:GB26) | RR26: =SUM(GC26:GW26) | RS26: =SUM(GX26:IP26) | RT26: =SUM(IQ26:JC26) | RU26: =SUM(JD26:JV26) | RV26: =SUM(JW26:MA26) | RW26: =SUM(MB26:MN26) | RX26: =MO26 | RY26: =SUM(MP26:MQ26) | RZ26: =SUM(MR26:MT26) | SA26: =SUM(MU26:MW26) | SB26: =SUM(MX26:MZ26) | SC26: =SUM(NA26:NB26) | SD26: =SUM(NC26) | SE26: =SUM(ND26:NF26) | SF26: =SUM(NG26) | SG26: =SUM(NH26) | SH26: =NI26 | SI26: =NJ26 | SJ26: =SUM(NK26:NP26) | SK26: =SUM(NQ26:PN26) | SL26: =SUM(PO26:PX26) | SM26: =SUM(PY26:PZ26) | SN26: =SUM(QA26:QB26) | SO26: =SUM(QC26:QE26) | SP26: =SUM(QG26:QK26) | SQ26: =SUM(QM26:QN26) | SR26: =SUM(QO26) | SS26: =SUM(QP26)+QQ26 | ST26: =SUM(QR26) | SU26: =SUM(QS26) | SV26: =SUM(QT26) | SW26: =SUM(QU26) | SX26: =SUM(QV26) | SY26: =SUM(QW26:RE26) | SZ26: =SUM(RH26:SX26)-SUM(SR26:SS26)-SUM(SV26:SX26)
D27: VICTIMAS DEL CONFLICTO ARMADO | CG27: 20 | CL27: 20 | DA27: 20 | DU27: 21 | FS27: 20 | GU27: 42 | GV27: 21 | GW27: 21 | HP27: 20 | HS27: 40 | HT27: 20 | HU27: 20 | JP27: 20 | KP27: 20 | KQ27: 20 | KR27: 20 | MB27: 20 | MH27: 60 | MO27: 42 | MP27: 63 | MT27: 42 | MZ27: 105 | NB27: 42 | NC27: 84 | NG27: 21 | NH27: 105 | PO27: 20 | RB27: 63 | RF27: =SUM(E27:RE27)-QF27-QL27-SUM(QO27:QQ27)-SUM(QT27:QV27) | RH27: =SUM(E27:G27) | RI27: =SUM(H27:BN27) | RJ27: =SUM(BO27:CT27) | RK27: =SUM(CU27:CW27) | RL27: =SUM(CX27:DH27) | RM27: =SUM(DI27:DU27) | RN27: =SUM(DV27:EZ27) | RO27: =SUM(FA27:FB27) | RP27: =SUM(FC27:FH27) | RQ27: =SUM(FI27:GB27) | RR27: =SUM(GC27:GW27) | RS27: =SUM(GX27:IP27) | RT27: =SUM(IQ27:JC27) | RU27: =SUM(JD27:JV27) | RV27: =SUM(JW27:MA27) | RW27: =SUM(MB27:MN27) | RX27: =MO27 | RY27: =SUM(MP27:MQ27) | RZ27: =SUM(MR27:MT27) | SA27: =SUM(MU27:MW27) | SB27: =SUM(MX27:MZ27) | SC27: =SUM(NA27:NB27) | SD27: =SUM(NC27) | SE27: =SUM(ND27:NF27) | SF27: =SUM(NG27) | SG27: =SUM(NH27) | SH27: =NI27 | SI27: =NJ27 | SJ27: =SUM(NK27:NP27) | SK27: =SUM(NQ27:PN27) | SL27: =SUM(PO27:PX27) | SM27: =SUM(PY27:PZ27) | SN27: =SUM(QA27:QB27) | SO27: =SUM(QC27:QE27) | SP27: =SUM(QG27:QK27) | SQ27: =SUM(QM27:QN27) | SR27: =SUM(QO27) | SS27: =SUM(QP27)+QQ27 | ST27: =SUM(QR27) | SU27: =SUM(QS27) | SV27: =SUM(QT27) | SW27: =SUM(QU27) | SX27: =SUM(QV27) | SY27: =SUM(QW27:RE27) | SZ27: =SUM(RH27:SX27)-SUM(SR27:SS27)-SUM(SV27:SX27)
A28: 2 | B28: 045 | C28: APIA | D28: FEMENINO | BO28: 6 | BP28: 2 | BQ28: 5 | CG28: 6 | CL28: 3 | CX28: 6 | CY28: 2 | CZ28: 5 | DA28: 4 | DU28: 3 | FA28: 6 | FB28: 2 | FC28: 6 | FD28: 2 | FE28: 2 | FI28: 2 | FS28: 4 | GY28: 1 | HK28: 1 | HM28: 1 | HN28: 1 | HP28: 1 | HQ28: 2 | HS28: 2 | HT28: 2 | HV28: 2 | IQ28: 2 | JD28: 2 | JP28: 3 | KH28: 5 | KK28: 1 | KU28: 2 | KV28: 3 | KW28: 4 | KY28: 1 | KZ28: 2 | MB28: 2 | MH28: 9 | MO28: 6 | MP28: 4 | MQ28: 5 | MS28: 1 | MT28: 1 | MV28: 1 | MW28: 2 | MZ28: 6 | NB28: 11 | NC28: 11 | NH28: 6 | NI28: 1 | PO28: 6 | QH28: 1 | QI28: 1 | RF28: =SUM(E28:RE28)-QF28-QL28-SUM(QO28:QQ28)-SUM(QT28:QV28) | RH28: =SUM(E28:G28) | RI28: =SUM(H28:BN28) | RJ28: =SUM(BO28:CT28) | RK28: =SUM(CU28:CW28) | RL28: =SUM(CX28:DH28) | RM28: =SUM(DI28:DU28) | RN28: =SUM(DV28:EZ28) | RO28: =SUM(FA28:FB28) | RP28: =SUM(FC28:FH28) | RQ28: =SUM(FI28:GB28) | RR28: =SUM(GC28:GW28) | RS28: =SUM(GX28:IP28) | RT28: =SUM(IQ28:JC28) | RU28: =SUM(JD28:JV28) | RV28: =SUM(JW28:MA28) | RW28: =SUM(MB28:MN28) | RX28: =MO28 | RY28: =SUM(MP28:MQ28) | RZ28: =SUM(MR28:MT28) | SA28: =SUM(MU28:MW28) | SB28: =SUM(MX28:MZ28) | SC28: =SUM(NA28:NB28) | SD28: =SUM(NC28) | SE28: =SUM(ND28:NF28) | SF28: =SUM(NG28) | SG28: =SUM(NH28) | SH28: =NI28 | SI28: =NJ28 | SJ28: =SUM(NK28:NP28) | SK28: =SUM(NQ28:PN28) | SL28: =SUM(PO28:PX28) | SM28: =SUM(PY28:PZ28) | SN28: =SUM(QA28:QB28) | SO28: =SUM(QC28:QE28) | SP28: =SUM(QG28:QK28) | SQ28: =SUM(QM28:QN28) | SR28: =SUM(QO28) | SS28: =SUM(QP28)+QQ28 | ST28: =SUM(QR28) | SU28: =SUM(QS28) | SV28: =SUM(QT28) | SW28: =SUM(QU28) | SX28: =SUM(QV28) | SY28: =SUM(QW28:RE28) | SZ28: =SUM(RH28:SX28)-SUM(SR28:SS28)-SUM(SV28:SX28) | TP28: 5 | TQ28: 1 | TR28: 14 | TS28: 11 | TT28: 11
D29: MASCULINO | E29: 1 | H29: 1 | BO29: 4 | BP29: 4 | CG29: 3 | CH29: 1 | CJ29: 1 | CL29: 4 | CX29: 4 | CY29: 4 | DA29: 5 | DK29: 1 | DQ29: 1 | DU29: 4 | FA29: 4 | FB29: 4 | FC29: 4 | FD29: 4 | FE29: 2 | FI29: 2 | FS29: 5 | FT29: 1 | FV29: 1 | GY29: 1 | HN29: 2 | HS29: 1 | HU29: 1 | HV29: 1 | IQ29: 2 | JD29: 2 | JP29: 4 | LI29: 1 | MP29: 1 | MQ29: 7 | MW29: 2 | MZ29: 8 | NB29: 6 | NH29: 6 | PO29: 4 | PW29: 2 | RF29: =SUM(E29:RE29)-QF29-QL29-SUM(QO29:QQ29)-SUM(QT29:QV29) | RH29: =SUM(E29:G29) | RI29: =SUM(H29:BN29) | RJ29: =SUM(BO29:CT29) | RK29: =SUM(CU29:CW29) | RL29: =SUM(CX29:DH29) | RM29: =SUM(DI29:DU29) | RN29: =SUM(DV29:EZ29) | RO29: =SUM(FA29:FB29) | RP29: =SUM(FC29:FH29) | RQ29: =SUM(FI29:GB29) | RR29: =SUM(GC29:GW29) | RS29: =SUM(GX29:IP29) | RT29: =SUM(IQ29:JC29) | RU29: =SUM(JD29:JV29) | RV29: =SUM(JW29:MA29) | RW29: =SUM(MB29:MN29) | RX29: =MO29 | RY29: =SUM(MP29:MQ29) | RZ29: =SUM(MR29:MT29) | SA29: =SUM(MU29:MW29) | SB29: =SUM(MX29:MZ29) | SC29: =SUM(NA29:NB29) | SD29: =SUM(NC29) | SE29: =SUM(ND29:NF29) | SF29: =SUM(NG29) | SG29: =SUM(NH29) | SH29: =NI29 | SI29: =NJ29 | SJ29: =SUM(NK29:NP29) | SK29: =SUM(NQ29:PN29) | SL29: =SUM(PO29:PX29) | SM29: =SUM(PY29:PZ29) | SN29: =SUM(QA29:QB29) | SO29: =SUM(QC29:QE29) | SP29: =SUM(QG29:QK29) | SQ29: =SUM(QM29:QN29) | SR29: =SUM(QO29) | SS29: =SUM(QP29)+QQ29 | ST29: =SUM(QR29) | SU29: =SUM(QS29) | SV29: =SUM(QT29) | SW29: =SUM(QU29) | SX29: =SUM(QV29) | SY29: =SUM(QW29:RE29) | SZ29: =SUM(RH29:SX29)-SUM(SR29:SS29)-SUM(SV29:SX29) | TP29: 1 | TR29: 15 | TS29: 3 | TT29: 34
D30: OTRO | RF30: =SUM(E30:RE30)-QF30-QL30-SUM(QO30:QQ30)-SUM(QT30:QV30) | RH30: =SUM(E30:G30) | RI30: =SUM(H30:BN30) | RJ30: =SUM(BO30:CT30) | RK30: =SUM(CU30:CW30) | RL30: =SUM(CX30:DH30) | RM30: =SUM(DI30:DU30) | RN30: =SUM(DV30:EZ30) | RO30: =SUM(FA30:FB30) | RP30: =SUM(FC30:FH30) | RQ30: =SUM(FI30:GB30) | RR30: =SUM(GC30:GW30) | RS30: =SUM(GX30:IP30) | RT30: =SUM(IQ30:JC30) | RU30: =SUM(JD30:JV30) | RV30: =SUM(JW30:MA30) | RW30: =SUM(MB30:MN30) | RX30: =MO30 | RY30: =SUM(MP30:MQ30) | RZ30: =SUM(MR30:MT30) | SA30: =SUM(MU30:MW30) | SB30: =SUM(MX30:MZ30) | SC30: =SUM(NA30:NB30) | SD30: =SUM(NC30) | SE30: =SUM(ND30:NF30) | SF30: =SUM(NG30) | SG30: =SUM(NH30) | SH30: =NI30 | SI30: =NJ30 | SJ30: =SUM(NK30:NP30) | SK30: =SUM(NQ30:PN30) | SL30: =SUM(PO30:PX30) | SM30: =SUM(PY30:PZ30) | SN30: =SUM(QA30:QB30) | SO30: =SUM(QC30:QE30) | SP30: =SUM(QG30:QK30) | SQ30: =SUM(QM30:QN30) | SR30: =SUM(QO30) | SS30: =SUM(QP30)+QQ30 | ST30: =SUM(QR30) | SU30: =SUM(QS30) | SV30: =SUM(QT30) | SW30: =SUM(QU30) | SX30: =SUM(QV30) | SY30: =SUM(QW30:RE30) | SZ30: =SUM(RH30:SX30)-SUM(SR30:SS30)-SUM(SV30:SX30)
D31: TOTAL GENERO | E31: =SUM(E28:E30) | F31: =SUM(F28:F30) | G31: =SUM(G28:G30) | H31: =SUM(H28:H30) | I31: =SUM(I28:I30) | J31: =SUM(J28:J30) | K31: =SUM(K28:K30) | L31: =SUM(L28:L30) | ... RF31: =SUM(RF28:RF30) | RH31: =SUM(RH28:RH30) | RI31: =SUM(RI28:RI30) | RJ31: =SUM(RJ28:RJ30) | RK31: =SUM(RK28:RK30) | RL31: =SUM(RL28:RL30) | RM31: =SUM(RM28:RM30) | RN31: =SUM(RN28:RN30) | RO31: =SUM(RO28:RO30) | ... SZ31: =SUM(SZ28:SZ30) | TB31: =SUM(TB28:TB30) | TC31: =SUM(TC28:TC30) | TE31: =SUM(TE28:TE30) | TF31: =SUM(TF28:TF30) | TG31: =SUM(TG28:TG30) | TH31: =SUM(TH28:TH30) | TI31: =SUM(TI28:TI30) | TJ31: =SUM(TJ28:TJ30) | TK31: =SUM(TK28:TK30) | TL31: =SUM(TL28:TL30) | ... TU31: =SUM(TU28:TU30)
D32: CONTRIBUTIVO | BO32: 3 | BP32: 1 | CG32: 1 | CX32: 3 | CY32: 1 | DA32: 1 | FA32: 3 | FB32: 1 | FC32: 3 | FD32: 1 | FE32: 1 | FI32: 1 | FS32: 1 | HM32: 1 | IQ32: 1 | JD32: 1 | MH32: 2 | MQ32: 1 | MZ32: 1 | NB32: 3 | NC32: 1 | NH32: 4 | NI32: 1 | QH32: 1 | QI32: 1 | RF32: =SUM(E32:RE32)-QF32-QL32-SUM(QO32:QQ32)-SUM(QT32:QV32) | RH32: =SUM(E32:G32) | RI32: =SUM(H32:BN32) | RJ32: =SUM(BO32:CT32) | RK32: =SUM(CU32:CW32) | RL32: =SUM(CX32:DH32) | RM32: =SUM(DI32:DU32) | RN32: =SUM(DV32:EZ32) | RO32: =SUM(FA32:FB32) | RP32: =SUM(FC32:FH32) | RQ32: =SUM(FI32:GB32) | RR32: =SUM(GC32:GW32) | RS32: =SUM(GX32:IP32) | RT32: =SUM(IQ32:JC32) | RU32: =SUM(JD32:JV32) | RV32: =SUM(JW32:MA32) | RW32: =SUM(MB32:MN32) | RX32: =MO32 | RY32: =SUM(MP32:MQ32) | RZ32: =SUM(MR32:MT32) | SA32: =SUM(MU32:MW32) | SB32: =SUM(MX32:MZ32) | SC32: =SUM(NA32:NB32) | SD32: =SUM(NC32) | SE32: =SUM(ND32:NF32) | SF32: =SUM(NG32) | SG32: =SUM(NH32) | SH32: =NI32 | SI32: =NJ32 | SJ32: =SUM(NK32:NP32) | SK32: =SUM(NQ32:PN32) | SL32: =SUM(PO32:PX32) | SM32: =SUM(PY32:PZ32) | SN32: =SUM(QA32:QB32) | SO32: =SUM(QC32:QE32) | SP32: =SUM(QG32:QK32) | SQ32: =SUM(QM32:QN32) | SR32: =SUM(QO32) | SS32: =SUM(QP32)+QQ32 | ST32: =SUM(QR32) | SU32: =SUM(QS32) | SV32: =SUM(QT32) | SW32: =SUM(QU32) | SX32: =SUM(QV32) | SY32: =SUM(QW32:RE32) | SZ32: =SUM(RH32:SX32)-SUM(SR32:SS32)-SUM(SV32:SX32) | TR32: 2 | TS32: 2 | TT32: 5
D33: SUBSIDIADO | E33: 1 | H33: 1 | BO33: 7 | BP33: 5 | BQ33: 5 | CG33: 8 | CH33: 1 | CJ33: 1 | CL33: 7 | CX33: 7 | CY33: 5 | CZ33: 5 | DA33: 8 | DK33: 1 | DQ33: 1 | DU33: 7 | FA33: 7 | FB33: 5 | FC33: 7 | FD33: 5 | FE33: 3 | FI33: 3 | FS33: 8 | FT33: 1 | FV33: 1 | GY33: 2 | HK33: 1 | HN33: 3 | HP33: 1 | HQ33: 2 | HS33: 3 | HT33: 2 | HU33: 1 | HV33: 3 | IQ33: 3 | JD33: 3 | JP33: 7 | KH33: 5 | KK33: 1 | KU33: 2 | KV33: 2 | KW33: 4 | KY33: 1 | KZ33: 2 | LI33: 1 | MB33: 1 | MH33: 6 | MO33: 6 | MP33: 5 | MQ33: 11 | MS33: 1 | MT33: 1 | MV33: 1 | MW33: 4 | MZ33: 13 | NB33: 14 | NC33: 9 | NH33: 7 | PO33: 10 | PW33: 2 | RF33: =SUM(E33:RE33)-QF33-QL33-SUM(QO33:QQ33)-SUM(QT33:QV33) | RH33: =SUM(E33:G33) | RI33: =SUM(H33:BN33) | RJ33: =SUM(BO33:CT33) | RK33: =SUM(CU33:CW33) | RL33: =SUM(CX33:DH33) | RM33: =SUM(DI33:DU33) | RN33: =SUM(DV33:EZ33) | RO33: =SUM(FA33:FB33) | RP33: =SUM(FC33:FH33) | RQ33: =SUM(FI33:GB33) | RR33: =SUM(GC33:GW33) | RS33: =SUM(GX33:IP33) | RT33: =SUM(IQ33:JC33) | RU33: =SUM(JD33:JV33) | RV33: =SUM(JW33:MA33) | RW33: =SUM(MB33:MN33) | RX33: =MO33 | RY33: =SUM(MP33:MQ33) | RZ33: =SUM(MR33:MT33) | SA33: =SUM(MU33:MW33) | SB33: =SUM(MX33:MZ33) | SC33: =SUM(NA33:NB33) | SD33: =SUM(NC33) | SE33: =SUM(ND33:NF33) | SF33: =SUM(NG33) | SG33: =SUM(NH33) | SH33: =NI33 | SI33: =NJ33 | SJ33: =SUM(NK33:NP33) | SK33: =SUM(NQ33:PN33) | SL33: =SUM(PO33:PX33) | SM33: =SUM(PY33:PZ33) | SN33: =SUM(QA33:QB33) | SO33: =SUM(QC33:QE33) | SP33: =SUM(QG33:QK33) | SQ33: =SUM(QM33:QN33) | SR33: =SUM(QO33) | SS33: =SUM(QP33)+QQ33 | ST33: =SUM(QR33) | SU33: =SUM(QS33) | SV33: =SUM(QT33) | SW33: =SUM(QU33) | SX33: =SUM(QV33) | SY33: =SUM(QW33:RE33) | SZ33: =SUM(RH33:SX33)-SUM(SR33:SS33)-SUM(SV33:SX33) | TP33: 6 | TQ33: 1 | TR33: 27 | TS33: 12 | TT33: 38
D34: POBRE NO ASEGURADO | RF34: =SUM(E34:RE34)-QF34-QL34-SUM(QO34:QQ34)-SUM(QT34:QV34) | RH34: =SUM(E34:G34) | RI34: =SUM(H34:BN34) | RJ34: =SUM(BO34:CT34) | RK34: =SUM(CU34:CW34) | RL34: =SUM(CX34:DH34) | RM34: =SUM(DI34:DU34) | RN34: =SUM(DV34:EZ34) | RO34: =SUM(FA34:FB34) | RP34: =SUM(FC34:FH34) | RQ34: =SUM(FI34:GB34) | RR34: =SUM(GC34:GW34) | RS34: =SUM(GX34:IP34) | RT34: =SUM(IQ34:JC34) | RU34: =SUM(JD34:JV34) | RV34: =SUM(JW34:MA34) | RW34: =SUM(MB34:MN34) | RX34: =MO34 | RY34: =SUM(MP34:MQ34) | RZ34: =SUM(MR34:MT34) | SA34: =SUM(MU34:MW34) | SB34: =SUM(MX34:MZ34) | SC34: =SUM(NA34:NB34) | SD34: =SUM(NC34) | SE34: =SUM(ND34:NF34) | SF34: =SUM(NG34) | SG34: =SUM(NH34) | SH34: =NI34 | SI34: =NJ34 | SJ34: =SUM(NK34:NP34) | SK34: =SUM(NQ34:PN34) | SL34: =SUM(PO34:PX34) | SM34: =SUM(PY34:PZ34) | SN34: =SUM(QA34:QB34) | SO34: =SUM(QC34:QE34) | SP34: =SUM(QG34:QK34) | SQ34: =SUM(QM34:QN34) | SR34: =SUM(QO34) | SS34: =SUM(QP34)+QQ34 | ST34: =SUM(QR34) | SU34: =SUM(QS34) | SV34: =SUM(QT34) | SW34: =SUM(QU34) | SX34: =SUM(QV34) | SY34: =SUM(QW34:RE34) | SZ34: =SUM(RH34:SX34)-SUM(SR34:SS34)-SUM(SV34:SX34) | TT34: 2
D35: REGIMEN ESPECIAL | KV35: 1 | MB35: 1 | MH35: 1 | NC35: 1 | NH35: 1 | RF35: =SUM(E35:RE35)-QF35-QL35-SUM(QO35:QQ35)-SUM(QT35:QV35) | RH35: =SUM(E35:G35) | RI35: =SUM(H35:BN35) | RJ35: =SUM(BO35:CT35) | RK35: =SUM(CU35:CW35) | RL35: =SUM(CX35:DH35) | RM35: =SUM(DI35:DU35) | RN35: =SUM(DV35:EZ35) | RO35: =SUM(FA35:FB35) | RP35: =SUM(FC35:FH35) | RQ35: =SUM(FI35:GB35) | RR35: =SUM(GC35:GW35) | RS35: =SUM(GX35:IP35) | RT35: =SUM(IQ35:JC35) | RU35: =SUM(JD35:JV35) | RV35: =SUM(JW35:MA35) | RW35: =SUM(MB35:MN35) | RX35: =MO35 | RY35: =SUM(MP35:MQ35) | RZ35: =SUM(MR35:MT35) | SA35: =SUM(MU35:MW35) | SB35: =SUM(MX35:MZ35) | SC35: =SUM(NA35:NB35) | SD35: =SUM(NC35) | SE35: =SUM(ND35:NF35) | SF35: =SUM(NG35) | SG35: =SUM(NH35) | SH35: =NI35 | SI35: =NJ35 | SJ35: =SUM(NK35:NP35) | SK35: =SUM(NQ35:PN35) | SL35: =SUM(PO35:PX35) | SM35: =SUM(PY35:PZ35) | SN35: =SUM(QA35:QB35) | SO35: =SUM(QC35:QE35) | SP35: =SUM(QG35:QK35) | SQ35: =SUM(QM35:QN35) | SR35: =SUM(QO35) | SS35: =SUM(QP35)+QQ35 | ST35: =SUM(QR35) | SU35: =SUM(QS35) | SV35: =SUM(QT35) | SW35: =SUM(QU35) | SX35: =SUM(QV35) | SY35: =SUM(QW35:RE35) | SZ35: =SUM(RH35:SX35)-SUM(SR35:SS35)-SUM(SV35:SX35)
D36: TOTAL REGIMEN | E36: =SUM(E32:E35) | F36: =SUM(F32:F35) | G36: =SUM(G32:G35) | H36: =SUM(H32:H35) | I36: =SUM(I32:I35) | J36: =SUM(J32:J35) | K36: =SUM(K32:K35) | L36: =SUM(L32:L35) | ... RF36: =SUM(RF32:RF35) | RH36: =SUM(RH32:RH35) | RI36: =SUM(RI32:RI35) | RJ36: =SUM(RJ32:RJ35) | RK36: =SUM(RK32:RK35) | RL36: =SUM(RL32:RL35) | RM36: =SUM(RM32:RM35) | RN36: =SUM(RN32:RN35) | RO36: =SUM(RO32:RO35) | ... SZ36: =SUM(SZ32:SZ35) | TB36: =SUM(TB32:TB35) | TC36: =SUM(TC32:TC35) | TE36: =SUM(TE32:TE35) | TF36: =SUM(TF32:TF35) | TG36: =SUM(TG32:TG35) | TH36: =SUM(TH32:TH35) | TI36: =SUM(TI32:TI35) | TJ36: =SUM(TJ32:TJ35) | TK36: =SUM(TK32:TK35) | TL36: =SUM(TL32:TL35) | ... TU36: =SUM(TU32:TU35)
D37: INDIGENA | E37: 1 | H37: 1 | BP37: 2 | BQ37: 1 | CG37: 1 | CL37: 3 | CY37: 2 | CZ37: 1 | DA37: 1 | DU37: 3 | FB37: 2 | FD37: 2 | FS37: 1 | HN37: 1 | JP37: 3 | KW37: 1 | MB37: 1 | MQ37: 7 | MT37: 1 | MV37: 1 | MW37: 1 | MZ37: 4 | NB37: 1 | NC37: 2 | RF37: =SUM(E37:RE37)-QF37-QL37-SUM(QO37:QQ37)-SUM(QT37:QV37) | RH37: =SUM(E37:G37) | RI37: =SUM(H37:BN37) | RJ37: =SUM(BO37:CT37) | RK37: =SUM(CU37:CW37) | RL37: =SUM(CX37:DH37) | RM37: =SUM(DI37:DU37) | RN37: =SUM(DV37:EZ37) | RO37: =SUM(FA37:FB37) | RP37: =SUM(FC37:FH37) | RQ37: =SUM(FI37:GB37) | RR37: =SUM(GC37:GW37) | RS37: =SUM(GX37:IP37) | RT37: =SUM(IQ37:JC37) | RU37: =SUM(JD37:JV37) | RV37: =SUM(JW37:MA37) | RW37: =SUM(MB37:MN37) | RX37: =MO37 | RY37: =SUM(MP37:MQ37) | RZ37: =SUM(MR37:MT37) | SA37: =SUM(MU37:MW37) | SB37: =SUM(MX37:MZ37) | SC37: =SUM(NA37:NB37) | SD37: =SUM(NC37) | SE37: =SUM(ND37:NF37) | SF37: =SUM(NG37) | SG37: =SUM(NH37) | SH37: =NI37 | SI37: =NJ37 | SJ37: =SUM(NK37:NP37) | SK37: =SUM(NQ37:PN37) | SL37: =SUM(PO37:PX37) | SM37: =SUM(PY37:PZ37) | SN37: =SUM(QA37:QB37) | SO37: =SUM(QC37:QE37) | SP37: =SUM(QG37:QK37) | SQ37: =SUM(QM37:QN37) | SR37: =SUM(QO37) | SS37: =SUM(QP37)+QQ37 | ST37: =SUM(QR37) | SU37: =SUM(QS37) | SV37: =SUM(QT37) | SW37: =SUM(QU37) | SX37: =SUM(QV37) | SY37: =SUM(QW37:RE37) | SZ37: =SUM(RH37:SX37)-SUM(SR37:SS37)-SUM(SV37:SX37) | TP37: 1 | TR37: 6 | TS37: 1 | TT37: 3
D38: ROM (GITANO) | RF38: =SUM(E38:RE38)-QF38-QL38-SUM(QO38:QQ38)-SUM(QT38:QV38) | RH38: =SUM(E38:G38) | RI38: =SUM(H38:BN38) | RJ38: =SUM(BO38:CT38) | RK38: =SUM(CU38:CW38) | RL38: =SUM(CX38:DH38) | RM38: =SUM(DI38:DU38) | RN38: =SUM(DV38:EZ38) | RO38: =SUM(FA38:FB38) | RP38: =SUM(FC38:FH38) | RQ38: =SUM(FI38:GB38) | RR38: =SUM(GC38:GW38) | RS38: =SUM(GX38:IP38) | RT38: =SUM(IQ38:JC38) | RU38: =SUM(JD38:JV38) | RV38: =SUM(JW38:MA38) | RW38: =SUM(MB38:MN38) | RX38: =MO38 | RY38: =SUM(MP38:MQ38) | RZ38: =SUM(MR38:MT38) | SA38: =SUM(MU38:MW38) | SB38: =SUM(MX38:MZ38) | SC38: =SUM(NA38:NB38) | SD38: =SUM(NC38) | SE38: =SUM(ND38:NF38) | SF38: =SUM(NG38) | SG38: =SUM(NH38) | SH38: =NI38 | SI38: =NJ38 | SJ38: =SUM(NK38:NP38) | SK38: =SUM(NQ38:PN38) | SL38: =SUM(PO38:PX38) | SM38: =SUM(PY38:PZ38) | SN38: =SUM(QA38:QB38) | SO38: =SUM(QC38:QE38) | SP38: =SUM(QG38:QK38) | SQ38: =SUM(QM38:QN38) | SR38: =SUM(QO38) | SS38: =SUM(QP38)+QQ38 | ST38: =SUM(QR38) | SU38: =SUM(QS38) | SV38: =SUM(QT38) | SW38: =SUM(QU38) | SX38: =SUM(QV38) | SY38: =SUM(QW38:RE38) | SZ38: =SUM(RH38:SX38)-SUM(SR38:SS38)-SUM(SV38:SX38)
D39: RAIZAL | RF39: =SUM(E39:RE39)-QF39-QL39-SUM(QO39:QQ39)-SUM(QT39:QV39) | RH39: =SUM(E39:G39) | RI39: =SUM(H39:BN39) | RJ39: =SUM(BO39:CT39) | RK39: =SUM(CU39:CW39) | RL39: =SUM(CX39:DH39) | RM39: =SUM(DI39:DU39) | RN39: =SUM(DV39:EZ39) | RO39: =SUM(FA39:FB39) | RP39: =SUM(FC39:FH39) | RQ39: =SUM(FI39:GB39) | RR39: =SUM(GC39:GW39) | RS39: =SUM(GX39:IP39) | RT39: =SUM(IQ39:JC39) | RU39: =SUM(JD39:JV39) | RV39: =SUM(JW39:MA39) | RW39: =SUM(MB39:MN39) | RX39: =MO39 | RY39: =SUM(MP39:MQ39) | RZ39: =SUM(MR39:MT39) | SA39: =SUM(MU39:MW39) | SB39: =SUM(MX39:MZ39) | SC39: =SUM(NA39:NB39) | SD39: =SUM(NC39) | SE39: =SUM(ND39:NF39) | SF39: =SUM(NG39) | SG39: =SUM(NH39) | SH39: =NI39 | SI39: =NJ39 | SJ39: =SUM(NK39:NP39) | SK39: =SUM(NQ39:PN39) | SL39: =SUM(PO39:PX39) | SM39: =SUM(PY39:PZ39) | SN39: =SUM(QA39:QB39) | SO39: =SUM(QC39:QE39) | SP39: =SUM(QG39:QK39) | SQ39: =SUM(QM39:QN39) | SR39: =SUM(QO39) | SS39: =SUM(QP39)+QQ39 | ST39: =SUM(QR39) | SU39: =SUM(QS39) | SV39: =SUM(QT39) | SW39: =SUM(QU39) | SX39: =SUM(QV39) | SY39: =SUM(QW39:RE39) | SZ39: =SUM(RH39:SX39)-SUM(SR39:SS39)-SUM(SV39:SX39)
D40: PALENQUERO | RF40: =SUM(E40:RE40)-QF40-QL40-SUM(QO40:QQ40)-SUM(QT40:QV40) | RH40: =SUM(E40:G40) | RI40: =SUM(H40:BN40) | RJ40: =SUM(BO40:CT40) | RK40: =SUM(CU40:CW40) | RL40: =SUM(CX40:DH40) | RM40: =SUM(DI40:DU40) | RN40: =SUM(DV40:EZ40) | RO40: =SUM(FA40:FB40) | RP40: =SUM(FC40:FH40) | RQ40: =SUM(FI40:GB40) | RR40: =SUM(GC40:GW40) | RS40: =SUM(GX40:IP40) | RT40: =SUM(IQ40:JC40) | RU40: =SUM(JD40:JV40) | RV40: =SUM(JW40:MA40) | RW40: =SUM(MB40:MN40) | RX40: =MO40 | RY40: =SUM(MP40:MQ40) | RZ40: =SUM(MR40:MT40) | SA40: =SUM(MU40:MW40) | SB40: =SUM(MX40:MZ40) | SC40: =SUM(NA40:NB40) | SD40: =SUM(NC40) | SE40: =SUM(ND40:NF40) | SF40: =SUM(NG40) | SG40: =SUM(NH40) | SH40: =NI40 | SI40: =NJ40 | SJ40: =SUM(NK40:NP40) | SK40: =SUM(NQ40:PN40) | SL40: =SUM(PO40:PX40) | SM40: =SUM(PY40:PZ40) | SN40: =SUM(QA40:QB40) | SO40: =SUM(QC40:QE40) | SP40: =SUM(QG40:QK40) | SQ40: =SUM(QM40:QN40) | SR40: =SUM(QO40) | SS40: =SUM(QP40)+QQ40 | ST40: =SUM(QR40) | SU40: =SUM(QS40) | SV40: =SUM(QT40) | SW40: =SUM(QU40) | SX40: =SUM(QV40) | SY40: =SUM(QW40:RE40) | SZ40: =SUM(RH40:SX40)-SUM(SR40:SS40)-SUM(SV40:SX40)
D41: NEGRO(A), MULATO (A), AFROCOLOMBIANO (A) | RF41: =SUM(E41:RE41)-QF41-QL41-SUM(QO41:QQ41)-SUM(QT41:QV41) | RH41: =SUM(E41:G41) | RI41: =SUM(H41:BN41) | RJ41: =SUM(BO41:CT41) | RK41: =SUM(CU41:CW41) | RL41: =SUM(CX41:DH41) | RM41: =SUM(DI41:DU41) | RN41: =SUM(DV41:EZ41) | RO41: =SUM(FA41:FB41) | RP41: =SUM(FC41:FH41) | RQ41: =SUM(FI41:GB41) | RR41: =SUM(GC41:GW41) | RS41: =SUM(GX41:IP41) | RT41: =SUM(IQ41:JC41) | RU41: =SUM(JD41:JV41) | RV41: =SUM(JW41:MA41) | RW41: =SUM(MB41:MN41) | RX41: =MO41 | RY41: =SUM(MP41:MQ41) | RZ41: =SUM(MR41:MT41) | SA41: =SUM(MU41:MW41) | SB41: =SUM(MX41:MZ41) | SC41: =SUM(NA41:NB41) | SD41: =SUM(NC41) | SE41: =SUM(ND41:NF41) | SF41: =SUM(NG41) | SG41: =SUM(NH41) | SH41: =NI41 | SI41: =NJ41 | SJ41: =SUM(NK41:NP41) | SK41: =SUM(NQ41:PN41) | SL41: =SUM(PO41:PX41) | SM41: =SUM(PY41:PZ41) | SN41: =SUM(QA41:QB41) | SO41: =SUM(QC41:QE41) | SP41: =SUM(QG41:QK41) | SQ41: =SUM(QM41:QN41) | SR41: =SUM(QO41) | SS41: =SUM(QP41)+QQ41 | ST41: =SUM(QR41) | SU41: =SUM(QS41) | SV41: =SUM(QT41) | SW41: =SUM(QU41) | SX41: =SUM(QV41) | SY41: =SUM(QW41:RE41) | SZ41: =SUM(RH41:SX41)-SUM(SR41:SS41)-SUM(SV41:SX41)
D42: SIN PERTENENCIA ETNICA | BO42: 10 | BP42: 4 | BQ42: 4 | CG42: 8 | CH42: 1 | CJ42: 1 | CL42: 4 | CX42: 10 | CY42: 4 | CZ42: 4 | DA42: 8 | DK42: 1 | DQ42: 1 | DU42: 4 | FA42: 10 | FB42: 4 | FC42: 10 | FD42: 4 | FE42: 4 | FI42: 4 | FS42: 8 | FT42: 1 | FV42: 1 | GY42: 2 | HK42: 1 | HM42: 1 | HN42: 2 | HP42: 1 | HQ42: 2 | HS42: 3 | HT42: 2 | HU42: 1 | HV42: 3 | IQ42: 4 | JD42: 4 | JP42: 4 | KH42: 5 | KK42: 1 | KU42: 2 | KV42: 3 | KW42: 3 | KY42: 1 | KZ42: 2 | LI42: 1 | MB42: 1 | MH42: 9 | MO42: 6 | MP42: 5 | MQ42: 5 | MS42: 1 | MW42: 3 | MZ42: 10 | NB42: 16 | NC42: 9 | NH42: 12 | NI42: 1 | PO42: 10 | PW42: 2 | QH42: 1 | QI42: 1 | RF42: =SUM(E42:RE42)-QF42-QL42-SUM(QO42:QQ42)-SUM(QT42:QV42) | RH42: =SUM(E42:G42) | RI42: =SUM(H42:BN42) | RJ42: =SUM(BO42:CT42) | RK42: =SUM(CU42:CW42) | RL42: =SUM(CX42:DH42) | RM42: =SUM(DI42:DU42) | RN42: =SUM(DV42:EZ42) | RO42: =SUM(FA42:FB42) | RP42: =SUM(FC42:FH42) | RQ42: =SUM(FI42:GB42) | RR42: =SUM(GC42:GW42) | RS42: =SUM(GX42:IP42) | RT42: =SUM(IQ42:JC42) | RU42: =SUM(JD42:JV42) | RV42: =SUM(JW42:MA42) | RW42: =SUM(MB42:MN42) | RX42: =MO42 | RY42: =SUM(MP42:MQ42) | RZ42: =SUM(MR42:MT42) | SA42: =SUM(MU42:MW42) | SB42: =SUM(MX42:MZ42) | SC42: =SUM(NA42:NB42) | SD42: =SUM(NC42) | SE42: =SUM(ND42:NF42) | SF42: =SUM(NG42) | SG42: =SUM(NH42) | SH42: =NI42 | SI42: =NJ42 | SJ42: =SUM(NK42:NP42) | SK42: =SUM(NQ42:PN42) | SL42: =SUM(PO42:PX42) | SM42: =SUM(PY42:PZ42) | SN42: =SUM(QA42:QB42) | SO42: =SUM(QC42:QE42) | SP42: =SUM(QG42:QK42) | SQ42: =SUM(QM42:QN42) | SR42: =SUM(QO42) | SS42: =SUM(QP42)+QQ42 | ST42: =SUM(QR42) | SU42: =SUM(QS42) | SV42: =SUM(QT42) | SW42: =SUM(QU42) | SX42: =SUM(QV42) | SY42: =SUM(QW42:RE42) | SZ42: =SUM(RH42:SX42)-SUM(SR42:SS42)-SUM(SV42:SX42) | TP42: 5 | TQ42: 1 | TR42: 23 | TS42: 13 | TT42: 42
D43: TOTAL ETNICOS | E43: =SUM(E37:E42) | F43: =SUM(F37:F42) | G43: =SUM(G37:G42) | H43: =SUM(H37:H42) | I43: =SUM(I37:I42) | J43: =SUM(J37:J42) | K43: =SUM(K37:K42) | L43: =SUM(L37:L42) | ... RF43: =SUM(RF37:RF42) | RG43: =IF(RF31=RF36,RF36=RF43,"FALSO") | RH43: =SUM(RH37:RH42) | RI43: =SUM(RI37:RI42) | RJ43: =SUM(RJ37:RJ42) | RK43: =SUM(RK37:RK42) | RL43: =SUM(RL37:RL42) | RM43: =SUM(RM37:RM42) | RN43: =SUM(RN37:RN42) | RO43: =SUM(RO37:RO42) | ... SZ43: =SUM(SZ37:SZ42) | TB43: =SUM(TB37:TB42) | TC43: =SUM(TC37:TC42) | TE43: =SUM(TE37:TE42) | TF43: =SUM(TF37:TF42) | TG43: =SUM(TG37:TG42) | TH43: =SUM(TH37:TH42) | TI43: =SUM(TI37:TI42) | TJ43: =SUM(TJ37:TJ42) | TK43: =SUM(TK37:TK42) | TL43: =SUM(TL37:TL42) | ... TU43: =SUM(TU37:TU42)
D44: EN SITUACION DE DESPLAZADO | RF44: =SUM(E44:RE44)-QF44-QL44-SUM(QO44:QQ44)-SUM(QT44:QV44) | RH44: =SUM(E44:G44) | RI44: =SUM(H44:BN44) | RJ44: =SUM(BO44:CT44) | RK44: =SUM(CU44:CW44) | RL44: =SUM(CX44:DH44) | RM44: =SUM(DI44:DU44) | RN44: =SUM(DV44:EZ44) | RO44: =SUM(FA44:FB44) | RP44: =SUM(FC44:FH44) | RQ44: =SUM(FI44:GB44) | RR44: =SUM(GC44:GW44) | RS44: =SUM(GX44:IP44) | RT44: =SUM(IQ44:JC44) | RU44: =SUM(JD44:JV44) | RV44: =SUM(JW44:MA44) | RW44: =SUM(MB44:MN44) | RX44: =MO44 | RY44: =SUM(MP44:MQ44) | RZ44: =SUM(MR44:MT44) | SA44: =SUM(MU44:MW44) | SB44: =SUM(MX44:MZ44) | SC44: =SUM(NA44:NB44) | SD44: =SUM(NC44) | SE44: =SUM(ND44:NF44) | SF44: =SUM(NG44) | SG44: =SUM(NH44) | SH44: =NI44 | SI44: =NJ44 | SJ44: =SUM(NK44:NP44) | SK44: =SUM(NQ44:PN44) | SL44: =SUM(PO44:PX44) | SM44: =SUM(PY44:PZ44) | SN44: =SUM(QA44:QB44) | SO44: =SUM(QC44:QE44) | SP44: =SUM(QG44:QK44) | SQ44: =SUM(QM44:QN44) | SR44: =SUM(QO44) | SS44: =SUM(QP44)+QQ44 | ST44: =SUM(QR44) | SU44: =SUM(QS44) | SV44: =SUM(QT44) | SW44: =SUM(QU44) | SX44: =SUM(QV44) | SY44: =SUM(QW44:RE44) | SZ44: =SUM(RH44:SX44)-SUM(SR44:SS44)-SUM(SV44:SX44)
D45: EN CONDICION DE DISCAPACIDAD | RF45: =SUM(E45:RE45)-QF45-QL45-SUM(QO45:QQ45)-SUM(QT45:QV45) | RH45: =SUM(E45:G45) | RI45: =SUM(H45:BN45) | RJ45: =SUM(BO45:CT45) | RK45: =SUM(CU45:CW45) | RL45: =SUM(CX45:DH45) | RM45: =SUM(DI45:DU45) | RN45: =SUM(DV45:EZ45) | RO45: =SUM(FA45:FB45) | RP45: =SUM(FC45:FH45) | RQ45: =SUM(FI45:GB45) | RR45: =SUM(GC45:GW45) | RS45: =SUM(GX45:IP45) | RT45: =SUM(IQ45:JC45) | RU45: =SUM(JD45:JV45) | RV45: =SUM(JW45:MA45) | RW45: =SUM(MB45:MN45) | RX45: =MO45 | RY45: =SUM(MP45:MQ45) | RZ45: =SUM(MR45:MT45) | SA45: =SUM(MU45:MW45) | SB45: =SUM(MX45:MZ45) | SC45: =SUM(NA45:NB45) | SD45: =SUM(NC45) | SE45: =SUM(ND45:NF45) | SF45: =SUM(NG45) | SG45: =SUM(NH45) | SH45: =NI45 | SI45: =NJ45 | SJ45: =SUM(NK45:NP45) | SK45: =SUM(NQ45:PN45) | SL45: =SUM(PO45:PX45) | SM45: =SUM(PY45:PZ45) | SN45: =SUM(QA45:QB45) | SO45: =SUM(QC45:QE45) | SP45: =SUM(QG45:QK45) | SQ45: =SUM(QM45:QN45) | SR45: =SUM(QO45) | SS45: =SUM(QP45)+QQ45 | ST45: =SUM(QR45) | SU45: =SUM(QS45) | SV45: =SUM(QT45) | SW45: =SUM(QU45) | SX45: =SUM(QV45) | SY45: =SUM(QW45:RE45) | SZ45: =SUM(RH45:SX45)-SUM(SR45:SS45)-SUM(SV45:SX45)
D46: VICTIMAS DEL CONFLICTO ARMADO | HS46: 1 | MH46: 2 | MO46: 2 | MT46: 1 | NB46: 1 | NC46: 2 | NH46: 2 | RB46: 3 | RF46: =SUM(E46:RE46)-QF46-QL46-SUM(QO46:QQ46)-SUM(QT46:QV46) | RH46: =SUM(E46:G46) | RI46: =SUM(H46:BN46) | RJ46: =SUM(BO46:CT46) | RK46: =SUM(CU46:CW46) | RL46: =SUM(CX46:DH46) | RM46: =SUM(DI46:DU46) | RN46: =SUM(DV46:EZ46) | RO46: =SUM(FA46:FB46) | RP46: =SUM(FC46:FH46) | RQ46: =SUM(FI46:GB46) | RR46: =SUM(GC46:GW46) | RS46: =SUM(GX46:IP46) | RT46: =SUM(IQ46:JC46) | RU46: =SUM(JD46:JV46) | RV46: =SUM(JW46:MA46) | RW46: =SUM(MB46:MN46) | RX46: =MO46 | RY46: =SUM(MP46:MQ46) | RZ46: =SUM(MR46:MT46) | SA46: =SUM(MU46:MW46) | SB46: =SUM(MX46:MZ46) | SC46: =SUM(NA46:NB46) | SD46: =SUM(NC46) | SE46: =SUM(ND46:NF46) | SF46: =SUM(NG46) | SG46: =SUM(NH46) | SH46: =NI46 | SI46: =NJ46 | SJ46: =SUM(NK46:NP46) | SK46: =SUM(NQ46:PN46) | SL46: =SUM(PO46:PX46) | SM46: =SUM(PY46:PZ46) | SN46: =SUM(QA46:QB46) | SO46: =SUM(QC46:QE46) | SP46: =SUM(QG46:QK46) | SQ46: =SUM(QM46:QN46) | SR46: =SUM(QO46) | SS46: =SUM(QP46)+QQ46 | ST46: =SUM(QR46) | SU46: =SUM(QS46) | SV46: =SUM(QT46) | SW46: =SUM(QU46) | SX46: =SUM(QV46) | SY46: =SUM(QW46:RE46) | SZ46: =SUM(RH46:SX46)-SUM(SR46:SS46)-SUM(SV46:SX46)
A47: 3 | B47: 075 | C47: BALBOA | D47: FEMENINO | E47: 1 | H47: 1 | BM47: 1 | BO47: 2 | BP47: 3 | BQ47: 1 | CG47: 3 | CL47: 3 | CX47: 2 | CY47: 3 | CZ47: 1 | DA47: 3 | DU47: 3 | FA47: 1 | FB47: 3 | FC47: 2 | FD47: 3 | FE47: 1 | FI47: 1 | FS47: 3 | GC47: 1 | GU47: 2 | GV47: 3 | GW47: 3 | GX47: 2 | HS47: 2 | HT47: 2 | HU47: 1 | IQ47: 1 | JD47: 1 | JP47: 3 | KP47: 4 | KQ47: 8 | KR47: 4 | KS47: 1 | KU47: 2 | KV47: 3 | KW47: 5 | KX47: 2 | MH47: 2 | MO47: 2 | MP47: 1 | MQ47: 2 | MT47: 4 | MZ47: 4 | NA47: 3 | NB47: 12 | NC47: 2 | NF47: 5 | NG47: 11 | NH47: 16 | PO47: 4 | PP47: 1 | PR47: 1 | PU47: 1 | RF47: =SUM(E47:RE47)-QF47-QL47-SUM(QO47:QQ47)-SUM(QT47:QV47) | RH47: =SUM(E47:G47) | RI47: =SUM(H47:BN47) | RJ47: =SUM(BO47:CT47) | RK47: =SUM(CU47:CW47) | RL47: =SUM(CX47:DH47) | RM47: =SUM(DI47:DU47) | RN47: =SUM(DV47:EZ47) | RO47: =SUM(FA47:FB47) | RP47: =SUM(FC47:FH47) | RQ47: =SUM(FI47:GB47) | RR47: =SUM(GC47:GW47) | RS47: =SUM(GX47:IP47) | RT47: =SUM(IQ47:JC47) | RU47: =SUM(JD47:JV47) | RV47: =SUM(JW47:MA47) | RW47: =SUM(MB47:MN47) | RX47: =MO47 | RY47: =SUM(MP47:MQ47) | RZ47: =SUM(MR47:MT47) | SA47: =SUM(MU47:MW47) | SB47: =SUM(MX47:MZ47) | SC47: =SUM(NA47:NB47) | SD47: =SUM(NC47) | SE47: =SUM(ND47:NF47) | SF47: =SUM(NG47) | SG47: =SUM(NH47) | SH47: =NI47 | SI47: =NJ47 | SJ47: =SUM(NK47:NP47) | SK47: =SUM(NQ47:PN47) | SL47: =SUM(PO47:PX47) | SM47: =SUM(PY47:PZ47) | SN47: =SUM(QA47:QB47) | SO47: =SUM(QC47:QE47) | SP47: =SUM(QG47:QK47) | SQ47: =SUM(QM47:QN47) | SR47: =SUM(QO47) | SS47: =SUM(QP47)+QQ47 | ST47: =SUM(QR47) | SU47: =SUM(QS47) | SV47: =SUM(QT47) | SW47: =SUM(QU47) | SX47: =SUM(QV47) | SY47: =SUM(QW47:RE47) | SZ47: =SUM(RH47:SX47)-SUM(SR47:SS47)-SUM(SV47:SX47) | TB47: 1
D48: MASCULINO | BK48: 1 | BM48: 1 | BO48: 1 | BP48: 2 | CG48: 2 | CL48: 1 | CX48: 1 | CY48: 2 | DA48: 2 | DU48: 1 | FA48: 2 | FB48: 2 | FC48: 1 | FD48: 2 | FE48: 1 | FI48: 1 | FS48: 2 | GW48: 3 | GX48: 1 | HS48: 1 | HT48: 2 | HU48: 2 | IQ48: 1 | JD48: 1 | JP48: 1 | MP48: 2 | MQ48: 1 | MT48: 1 | MW48: 2 | MZ48: 3 | NA48: 4 | NB48: 8 | NF48: 8 | NG48: 8 | NH48: 8 | PO48: 1 | RF48: =SUM(E48:RE48)-QF48-QL48-SUM(QO48:QQ48)-SUM(QT48:QV48) | RH48: =SUM(E48:G48) | RI48: =SUM(H48:BN48) | RJ48: =SUM(BO48:CT48) | RK48: =SUM(CU48:CW48) | RL48: =SUM(CX48:DH48) | RM48: =SUM(DI48:DU48) | RN48: =SUM(DV48:EZ48) | RO48: =SUM(FA48:FB48) | RP48: =SUM(FC48:FH48) | RQ48: =SUM(FI48:GB48) | RR48: =SUM(GC48:GW48) | RS48: =SUM(GX48:IP48) | RT48: =SUM(IQ48:JC48) | RU48: =SUM(JD48:JV48) | RV48: =SUM(JW48:MA48) | RW48: =SUM(MB48:MN48) | RX48: =MO48 | RY48: =SUM(MP48:MQ48) | RZ48: =SUM(MR48:MT48) | SA48: =SUM(MU48:MW48) | SB48: =SUM(MX48:MZ48) | SC48: =SUM(NA48:NB48) | SD48: =SUM(NC48) | SE48: =SUM(ND48:NF48) | SF48: =SUM(NG48) | SG48: =SUM(NH48) | SH48: =NI48 | SI48: =NJ48 | SJ48: =SUM(NK48:NP48) | SK48: =SUM(NQ48:PN48) | SL48: =SUM(PO48:PX48) | SM48: =SUM(PY48:PZ48) | SN48: =SUM(QA48:QB48) | SO48: =SUM(QC48:QE48) | SP48: =SUM(QG48:QK48) | SQ48: =SUM(QM48:QN48) | SR48: =SUM(QO48) | SS48: =SUM(QP48)+QQ48 | ST48: =SUM(QR48) | SU48: =SUM(QS48) | SV48: =SUM(QT48) | SW48: =SUM(QU48) | SX48: =SUM(QV48) | SY48: =SUM(QW48:RE48) | SZ48: =SUM(RH48:SX48)-SUM(SR48:SS48)-SUM(SV48:SX48) | TB48: 4
D49: OTRO | RF49: =SUM(E49:RE49)-QF49-QL49-SUM(QO49:QQ49)-SUM(QT49:QV49) | RH49: =SUM(E49:G49) | RI49: =SUM(H49:BN49) | RJ49: =SUM(BO49:CT49) | RK49: =SUM(CU49:CW49) | RL49: =SUM(CX49:DH49) | RM49: =SUM(DI49:DU49) | RN49: =SUM(DV49:EZ49) | RO49: =SUM(FA49:FB49) | RP49: =SUM(FC49:FH49) | RQ49: =SUM(FI49:GB49) | RR49: =SUM(GC49:GW49) | RS49: =SUM(GX49:IP49) | RT49: =SUM(IQ49:JC49) | RU49: =SUM(JD49:JV49) | RV49: =SUM(JW49:MA49) | RW49: =SUM(MB49:MN49) | RX49: =MO49 | RY49: =SUM(MP49:MQ49) | RZ49: =SUM(MR49:MT49) | SA49: =SUM(MU49:MW49) | SB49: =SUM(MX49:MZ49) | SC49: =SUM(NA49:NB49) | SD49: =SUM(NC49) | SE49: =SUM(ND49:NF49) | SF49: =SUM(NG49) | SG49: =SUM(NH49) | SH49: =NI49 | SI49: =NJ49 | SJ49: =SUM(NK49:NP49) | SK49: =SUM(NQ49:PN49) | SL49: =SUM(PO49:PX49) | SM49: =SUM(PY49:PZ49) | SN49: =SUM(QA49:QB49) | SO49: =SUM(QC49:QE49) | SP49: =SUM(QG49:QK49) | SQ49: =SUM(QM49:QN49) | SR49: =SUM(QO49) | SS49: =SUM(QP49)+QQ49 | ST49: =SUM(QR49) | SU49: =SUM(QS49) | SV49: =SUM(QT49) | SW49: =SUM(QU49) | SX49: =SUM(QV49) | SY49: =SUM(QW49:RE49) | SZ49: =SUM(RH49:SX49)-SUM(SR49:SS49)-SUM(SV49:SX49)
D50: TOTAL GENERO | E50: =SUM(E47:E49) | F50: =SUM(F47:F49) | G50: =SUM(G47:G49) | H50: =SUM(H47:H49) | I50: =SUM(I47:I49) | J50: =SUM(J47:J49) | K50: =SUM(K47:K49) | L50: =SUM(L47:L49) | ... RF50: =SUM(RF47:RF49) | RH50: =SUM(RH47:RH49) | RI50: =SUM(RI47:RI49) | RJ50: =SUM(RJ47:RJ49) | RK50: =SUM(RK47:RK49) | RL50: =SUM(RL47:RL49) | RM50: =SUM(RM47:RM49) | RN50: =SUM(RN47:RN49) | RO50: =SUM(RO47:RO49) | ... SZ50: =SUM(SZ47:SZ49) | TB50: =SUM(TB47:TB49) | TC50: =SUM(TC47:TC49) | TE50: =SUM(TE47:TE49) | TF50: =SUM(TF47:TF49) | TG50: =SUM(TG47:TG49) | TH50: =SUM(TH47:TH49) | TI50: =SUM(TI47:TI49) | TJ50: =SUM(TJ47:TJ49) | TK50: =SUM(TK47:TK49) | TL50: =SUM(TL47:TL49) | ... TU50: =SUM(TU47:TU49)
D51: CONTRIBUTIVO | BK51: 1 | BM51: 2 | FE51: 1 | FI51: 1 | GU51: 2 | GV51: 3 | GW51: 6 | HT51: 2 | HU51: 1 | IQ51: 1 | JD51: 1 | KW51: 2 | KX51: 1 | MP51: 1 | MW51: 1 | MZ51: 2 | NA51: 6 | NB51: 4 | NC51: 1 | NF51: 8 | NG51: 1 | NH51: 11 | RF51: =SUM(E51:RE51)-QF51-QL51-SUM(QO51:QQ51)-SUM(QT51:QV51) | RH51: =SUM(E51:G51) | RI51: =SUM(H51:BN51) | RJ51: =SUM(BO51:CT51) | RK51: =SUM(CU51:CW51) | RL51: =SUM(CX51:DH51) | RM51: =SUM(DI51:DU51) | RN51: =SUM(DV51:EZ51) | RO51: =SUM(FA51:FB51) | RP51: =SUM(FC51:FH51) | RQ51: =SUM(FI51:GB51) | RR51: =SUM(GC51:GW51) | RS51: =SUM(GX51:IP51) | RT51: =SUM(IQ51:JC51) | RU51: =SUM(JD51:JV51) | RV51: =SUM(JW51:MA51) | RW51: =SUM(MB51:MN51) | RX51: =MO51 | RY51: =SUM(MP51:MQ51) | RZ51: =SUM(MR51:MT51) | SA51: =SUM(MU51:MW51) | SB51: =SUM(MX51:MZ51) | SC51: =SUM(NA51:NB51) | SD51: =SUM(NC51) | SE51: =SUM(ND51:NF51) | SF51: =SUM(NG51) | SG51: =SUM(NH51) | SH51: =NI51 | SI51: =NJ51 | SJ51: =SUM(NK51:NP51) | SK51: =SUM(NQ51:PN51) | SL51: =SUM(PO51:PX51) | SM51: =SUM(PY51:PZ51) | SN51: =SUM(QA51:QB51) | SO51: =SUM(QC51:QE51) | SP51: =SUM(QG51:QK51) | SQ51: =SUM(QM51:QN51) | SR51: =SUM(QO51) | SS51: =SUM(QP51)+QQ51 | ST51: =SUM(QR51) | SU51: =SUM(QS51) | SV51: =SUM(QT51) | SW51: =SUM(QU51) | SX51: =SUM(QV51) | SY51: =SUM(QW51:RE51) | SZ51: =SUM(RH51:SX51)-SUM(SR51:SS51)-SUM(SV51:SX51) | TB51: 1
D52: SUBSIDIADO | E52: 1 | H52: 1 | BO52: 3 | BP52: 5 | BQ52: 1 | CG52: 5 | CL52: 4 | CX52: 3 | CY52: 5 | CZ52: 1 | DA52: 5 | DU52: 4 | FA52: 3 | FB52: 5 | FC52: 3 | FD52: 5 | FE52: 1 | FI52: 1 | FS52: 5 | GC52: 1 | GX52: 3 | HS52: 3 | HT52: 2 | HU52: 2 | IQ52: 1 | JD52: 1 | JP52: 4 | KP52: 4 | KQ52: 8 | KR52: 4 | KS52: 1 | KU52: 2 | KV52: 3 | KW52: 3 | KX52: 1 | MH52: 2 | MO52: 2 | MP52: 2 | MQ52: 3 | MT52: 5 | MW52: 1 | MZ52: 5 | NA52: 1 | NB52: 16 | NC52: 1 | NF52: 5 | NG52: 18 | NH52: 12 | PO52: 5 | PP52: 1 | PR52: 1 | PU52: 1 | RF52: =SUM(E52:RE52)-QF52-QL52-SUM(QO52:QQ52)-SUM(QT52:QV52) | RH52: =SUM(E52:G52) | RI52: =SUM(H52:BN52) | RJ52: =SUM(BO52:CT52) | RK52: =SUM(CU52:CW52) | RL52: =SUM(CX52:DH52) | RM52: =SUM(DI52:DU52) | RN52: =SUM(DV52:EZ52) | RO52: =SUM(FA52:FB52) | RP52: =SUM(FC52:FH52) | RQ52: =SUM(FI52:GB52) | RR52: =SUM(GC52:GW52) | RS52: =SUM(GX52:IP52) | RT52: =SUM(IQ52:JC52) | RU52: =SUM(JD52:JV52) | RV52: =SUM(JW52:MA52) | RW52: =SUM(MB52:MN52) | RX52: =MO52 | RY52: =SUM(MP52:MQ52) | RZ52: =SUM(MR52:MT52) | SA52: =SUM(MU52:MW52) | SB52: =SUM(MX52:MZ52) | SC52: =SUM(NA52:NB52) | SD52: =SUM(NC52) | SE52: =SUM(ND52:NF52) | SF52: =SUM(NG52) | SG52: =SUM(NH52) | SH52: =NI52 | SI52: =NJ52 | SJ52: =SUM(NK52:NP52) | SK52: =SUM(NQ52:PN52) | SL52: =SUM(PO52:PX52) | SM52: =SUM(PY52:PZ52) | SN52: =SUM(QA52:QB52) | SO52: =SUM(QC52:QE52) | SP52: =SUM(QG52:QK52) | SQ52: =SUM(QM52:QN52) | SR52: =SUM(QO52) | SS52: =SUM(QP52)+QQ52 | ST52: =SUM(QR52) | SU52: =SUM(QS52) | SV52: =SUM(QT52) | SW52: =SUM(QU52) | SX52: =SUM(QV52) | SY52: =SUM(QW52:RE52) | SZ52: =SUM(RH52:SX52)-SUM(SR52:SS52)-SUM(SV52:SX52) | TB52: 4
D53: POBRE NO ASEGURADO | RF53: =SUM(E53:RE53)-QF53-QL53-SUM(QO53:QQ53)-SUM(QT53:QV53) | RH53: =SUM(E53:G53) | RI53: =SUM(H53:BN53) | RJ53: =SUM(BO53:CT53) | RK53: =SUM(CU53:CW53) | RL53: =SUM(CX53:DH53) | RM53: =SUM(DI53:DU53) | RN53: =SUM(DV53:EZ53) | RO53: =SUM(FA53:FB53) | RP53: =SUM(FC53:FH53) | RQ53: =SUM(FI53:GB53) | RR53: =SUM(GC53:GW53) | RS53: =SUM(GX53:IP53) | RT53: =SUM(IQ53:JC53) | RU53: =SUM(JD53:JV53) | RV53: =SUM(JW53:MA53) | RW53: =SUM(MB53:MN53) | RX53: =MO53 | RY53: =SUM(MP53:MQ53) | RZ53: =SUM(MR53:MT53) | SA53: =SUM(MU53:MW53) | SB53: =SUM(MX53:MZ53) | SC53: =SUM(NA53:NB53) | SD53: =SUM(NC53) | SE53: =SUM(ND53:NF53) | SF53: =SUM(NG53) | SG53: =SUM(NH53) | SH53: =NI53 | SI53: =NJ53 | SJ53: =SUM(NK53:NP53) | SK53: =SUM(NQ53:PN53) | SL53: =SUM(PO53:PX53) | SM53: =SUM(PY53:PZ53) | SN53: =SUM(QA53:QB53) | SO53: =SUM(QC53:QE53) | SP53: =SUM(QG53:QK53) | SQ53: =SUM(QM53:QN53) | SR53: =SUM(QO53) | SS53: =SUM(QP53)+QQ53 | ST53: =SUM(QR53) | SU53: =SUM(QS53) | SV53: =SUM(QT53) | SW53: =SUM(QU53) | SX53: =SUM(QV53) | SY53: =SUM(QW53:RE53) | SZ53: =SUM(RH53:SX53)-SUM(SR53:SS53)-SUM(SV53:SX53)
D54: REGIMEN ESPECIAL | NH54: 1 | RF54: =SUM(E54:RE54)-QF54-QL54-SUM(QO54:QQ54)-SUM(QT54:QV54) | RH54: =SUM(E54:G54) | RI54: =SUM(H54:BN54) | RJ54: =SUM(BO54:CT54) | RK54: =SUM(CU54:CW54) | RL54: =SUM(CX54:DH54) | RM54: =SUM(DI54:DU54) | RN54: =SUM(DV54:EZ54) | RO54: =SUM(FA54:FB54) | RP54: =SUM(FC54:FH54) | RQ54: =SUM(FI54:GB54) | RR54: =SUM(GC54:GW54) | RS54: =SUM(GX54:IP54) | RT54: =SUM(IQ54:JC54) | RU54: =SUM(JD54:JV54) | RV54: =SUM(JW54:MA54) | RW54: =SUM(MB54:MN54) | RX54: =MO54 | RY54: =SUM(MP54:MQ54) | RZ54: =SUM(MR54:MT54) | SA54: =SUM(MU54:MW54) | SB54: =SUM(MX54:MZ54) | SC54: =SUM(NA54:NB54) | SD54: =SUM(NC54) | SE54: =SUM(ND54:NF54) | SF54: =SUM(NG54) | SG54: =SUM(NH54) | SH54: =NI54 | SI54: =NJ54 | SJ54: =SUM(NK54:NP54) | SK54: =SUM(NQ54:PN54) | SL54: =SUM(PO54:PX54) | SM54: =SUM(PY54:PZ54) | SN54: =SUM(QA54:QB54) | SO54: =SUM(QC54:QE54) | SP54: =SUM(QG54:QK54) | SQ54: =SUM(QM54:QN54) | SR54: =SUM(QO54) | SS54: =SUM(QP54)+QQ54 | ST54: =SUM(QR54) | SU54: =SUM(QS54) | SV54: =SUM(QT54) | SW54: =SUM(QU54) | SX54: =SUM(QV54) | SY54: =SUM(QW54:RE54) | SZ54: =SUM(RH54:SX54)-SUM(SR54:SS54)-SUM(SV54:SX54)
D55: TOTAL REGIMEN | E55: =SUM(E51:E54) | F55: =SUM(F51:F54) | G55: =SUM(G51:G54) | H55: =SUM(H51:H54) | I55: =SUM(I51:I54) | J55: =SUM(J51:J54) | K55: =SUM(K51:K54) | L55: =SUM(L51:L54) | ... RF55: =SUM(RF51:RF54) | RH55: =SUM(RH51:RH54) | RI55: =SUM(RI51:RI54) | RJ55: =SUM(RJ51:RJ54) | RK55: =SUM(RK51:RK54) | RL55: =SUM(RL51:RL54) | RM55: =SUM(RM51:RM54) | RN55: =SUM(RN51:RN54) | RO55: =SUM(RO51:RO54) | ... SZ55: =SUM(SZ51:SZ54) | TB55: =SUM(TB51:TB54) | TC55: =SUM(TC51:TC54) | TE55: =SUM(TE51:TE54) | TF55: =SUM(TF51:TF54) | TG55: =SUM(TG51:TG54) | TH55: =SUM(TH51:TH54) | TI55: =SUM(TI51:TI54) | TJ55: =SUM(TJ51:TJ54) | TK55: =SUM(TK51:TK54) | TL55: =SUM(TL51:TL54) | ... TU55: =SUM(TU51:TU54)
D56: INDIGENA | E56: 1 | H56: 1 | BO56: 2 | BP56: 1 | BQ56: 1 | CG56: 1 | CL56: 1 | CX56: 2 | CY56: 1 | CZ56: 1 | DA56: 1 | DU56: 1 | FA56: 2 | FB56: 1 | FC56: 2 | FD56: 1 | FE56: 2 | FI56: 2 | FS56: 1 | GC56: 1 | GX56: 1 | IQ56: 2 | JD56: 2 | JP56: 1 | KP56: 1 | KX56: 1 | MH56: 1 | MP56: 1 | MQ56: 1 | NC56: 1 | NG56: 2 | NH56: 1 | PO56: 1 | PU56: 1 | RF56: =SUM(E56:RE56)-QF56-QL56-SUM(QO56:QQ56)-SUM(QT56:QV56) | RH56: =SUM(E56:G56) | RI56: =SUM(H56:BN56) | RJ56: =SUM(BO56:CT56) | RK56: =SUM(CU56:CW56) | RL56: =SUM(CX56:DH56) | RM56: =SUM(DI56:DU56) | RN56: =SUM(DV56:EZ56) | RO56: =SUM(FA56:FB56) | RP56: =SUM(FC56:FH56) | RQ56: =SUM(FI56:GB56) | RR56: =SUM(GC56:GW56) | RS56: =SUM(GX56:IP56) | RT56: =SUM(IQ56:JC56) | RU56: =SUM(JD56:JV56) | RV56: =SUM(JW56:MA56) | RW56: =SUM(MB56:MN56) | RX56: =MO56 | RY56: =SUM(MP56:MQ56) | RZ56: =SUM(MR56:MT56) | SA56: =SUM(MU56:MW56) | SB56: =SUM(MX56:MZ56) | SC56: =SUM(NA56:NB56) | SD56: =SUM(NC56) | SE56: =SUM(ND56:NF56) | SF56: =SUM(NG56) | SG56: =SUM(NH56) | SH56: =NI56 | SI56: =NJ56 | SJ56: =SUM(NK56:NP56) | SK56: =SUM(NQ56:PN56) | SL56: =SUM(PO56:PX56) | SM56: =SUM(PY56:PZ56) | SN56: =SUM(QA56:QB56) | SO56: =SUM(QC56:QE56) | SP56: =SUM(QG56:QK56) | SQ56: =SUM(QM56:QN56) | SR56: =SUM(QO56) | SS56: =SUM(QP56)+QQ56 | ST56: =SUM(QR56) | SU56: =SUM(QS56) | SV56: =SUM(QT56) | SW56: =SUM(QU56) | SX56: =SUM(QV56) | SY56: =SUM(QW56:RE56) | SZ56: =SUM(RH56:SX56)-SUM(SR56:SS56)-SUM(SV56:SX56) | TB56: 2
D57: ROM (GITANO) | RF57: =SUM(E57:RE57)-QF57-QL57-SUM(QO57:QQ57)-SUM(QT57:QV57) | RH57: =SUM(E57:G57) | RI57: =SUM(H57:BN57) | RJ57: =SUM(BO57:CT57) | RK57: =SUM(CU57:CW57) | RL57: =SUM(CX57:DH57) | RM57: =SUM(DI57:DU57) | RN57: =SUM(DV57:EZ57) | RO57: =SUM(FA57:FB57) | RP57: =SUM(FC57:FH57) | RQ57: =SUM(FI57:GB57) | RR57: =SUM(GC57:GW57) | RS57: =SUM(GX57:IP57) | RT57: =SUM(IQ57:JC57) | RU57: =SUM(JD57:JV57) | RV57: =SUM(JW57:MA57) | RW57: =SUM(MB57:MN57) | RX57: =MO57 | RY57: =SUM(MP57:MQ57) | RZ57: =SUM(MR57:MT57) | SA57: =SUM(MU57:MW57) | SB57: =SUM(MX57:MZ57) | SC57: =SUM(NA57:NB57) | SD57: =SUM(NC57) | SE57: =SUM(ND57:NF57) | SF57: =SUM(NG57) | SG57: =SUM(NH57) | SH57: =NI57 | SI57: =NJ57 | SJ57: =SUM(NK57:NP57) | SK57: =SUM(NQ57:PN57) | SL57: =SUM(PO57:PX57) | SM57: =SUM(PY57:PZ57) | SN57: =SUM(QA57:QB57) | SO57: =SUM(QC57:QE57) | SP57: =SUM(QG57:QK57) | SQ57: =SUM(QM57:QN57) | SR57: =SUM(QO57) | SS57: =SUM(QP57)+QQ57 | ST57: =SUM(QR57) | SU57: =SUM(QS57) | SV57: =SUM(QT57) | SW57: =SUM(QU57) | SX57: =SUM(QV57) | SY57: =SUM(QW57:RE57) | SZ57: =SUM(RH57:SX57)-SUM(SR57:SS57)-SUM(SV57:SX57)
D58: RAIZAL | RF58: =SUM(E58:RE58)-QF58-QL58-SUM(QO58:QQ58)-SUM(QT58:QV58) | RH58: =SUM(E58:G58) | RI58: =SUM(H58:BN58) | RJ58: =SUM(BO58:CT58) | RK58: =SUM(CU58:CW58) | RL58: =SUM(CX58:DH58) | RM58: =SUM(DI58:DU58) | RN58: =SUM(DV58:EZ58) | RO58: =SUM(FA58:FB58) | RP58: =SUM(FC58:FH58) | RQ58: =SUM(FI58:GB58) | RR58: =SUM(GC58:GW58) | RS58: =SUM(GX58:IP58) | RT58: =SUM(IQ58:JC58) | RU58: =SUM(JD58:JV58) | RV58: =SUM(JW58:MA58) | RW58: =SUM(MB58:MN58) | RX58: =MO58 | RY58: =SUM(MP58:MQ58) | RZ58: =SUM(MR58:MT58) | SA58: =SUM(MU58:MW58) | SB58: =SUM(MX58:MZ58) | SC58: =SUM(NA58:NB58) | SD58: =SUM(NC58) | SE58: =SUM(ND58:NF58) | SF58: =SUM(NG58) | SG58: =SUM(NH58) | SH58: =NI58 | SI58: =NJ58 | SJ58: =SUM(NK58:NP58) | SK58: =SUM(NQ58:PN58) | SL58: =SUM(PO58:PX58) | SM58: =SUM(PY58:PZ58) | SN58: =SUM(QA58:QB58) | SO58: =SUM(QC58:QE58) | SP58: =SUM(QG58:QK58) | SQ58: =SUM(QM58:QN58) | SR58: =SUM(QO58) | SS58: =SUM(QP58)+QQ58 | ST58: =SUM(QR58) | SU58: =SUM(QS58) | SV58: =SUM(QT58) | SW58: =SUM(QU58) | SX58: =SUM(QV58) | SY58: =SUM(QW58:RE58) | SZ58: =SUM(RH58:SX58)-SUM(SR58:SS58)-SUM(SV58:SX58)
D59: PALENQUERO | RF59: =SUM(E59:RE59)-QF59-QL59-SUM(QO59:QQ59)-SUM(QT59:QV59) | RH59: =SUM(E59:G59) | RI59: =SUM(H59:BN59) | RJ59: =SUM(BO59:CT59) | RK59: =SUM(CU59:CW59) | RL59: =SUM(CX59:DH59) | RM59: =SUM(DI59:DU59) | RN59: =SUM(DV59:EZ59) | RO59: =SUM(FA59:FB59) | RP59: =SUM(FC59:FH59) | RQ59: =SUM(FI59:GB59) | RR59: =SUM(GC59:GW59) | RS59: =SUM(GX59:IP59) | RT59: =SUM(IQ59:JC59) | RU59: =SUM(JD59:JV59) | RV59: =SUM(JW59:MA59) | RW59: =SUM(MB59:MN59) | RX59: =MO59 | RY59: =SUM(MP59:MQ59) | RZ59: =SUM(MR59:MT59) | SA59: =SUM(MU59:MW59) | SB59: =SUM(MX59:MZ59) | SC59: =SUM(NA59:NB59) | SD59: =SUM(NC59) | SE59: =SUM(ND59:NF59) | SF59: =SUM(NG59) | SG59: =SUM(NH59) | SH59: =NI59 | SI59: =NJ59 | SJ59: =SUM(NK59:NP59) | SK59: =SUM(NQ59:PN59) | SL59: =SUM(PO59:PX59) | SM59: =SUM(PY59:PZ59) | SN59: =SUM(QA59:QB59) | SO59: =SUM(QC59:QE59) | SP59: =SUM(QG59:QK59) | SQ59: =SUM(QM59:QN59) | SR59: =SUM(QO59) | SS59: =SUM(QP59)+QQ59 | ST59: =SUM(QR59) | SU59: =SUM(QS59) | SV59: =SUM(QT59) | SW59: =SUM(QU59) | SX59: =SUM(QV59) | SY59: =SUM(QW59:RE59) | SZ59: =SUM(RH59:SX59)-SUM(SR59:SS59)-SUM(SV59:SX59)
D60: NEGRO(A), MULATO (A), AFROCOLOMBIANO (A) | RF60: =SUM(E60:RE60)-QF60-QL60-SUM(QO60:QQ60)-SUM(QT60:QV60) | RH60: =SUM(E60:G60) | RI60: =SUM(H60:BN60) | RJ60: =SUM(BO60:CT60) | RK60: =SUM(CU60:CW60) | RL60: =SUM(CX60:DH60) | RM60: =SUM(DI60:DU60) | RN60: =SUM(DV60:EZ60) | RO60: =SUM(FA60:FB60) | RP60: =SUM(FC60:FH60) | RQ60: =SUM(FI60:GB60) | RR60: =SUM(GC60:GW60) | RS60: =SUM(GX60:IP60) | RT60: =SUM(IQ60:JC60) | RU60: =SUM(JD60:JV60) | RV60: =SUM(JW60:MA60) | RW60: =SUM(MB60:MN60) | RX60: =MO60 | RY60: =SUM(MP60:MQ60) | RZ60: =SUM(MR60:MT60) | SA60: =SUM(MU60:MW60) | SB60: =SUM(MX60:MZ60) | SC60: =SUM(NA60:NB60) | SD60: =SUM(NC60) | SE60: =SUM(ND60:NF60) | SF60: =SUM(NG60) | SG60: =SUM(NH60) | SH60: =NI60 | SI60: =NJ60 | SJ60: =SUM(NK60:NP60) | SK60: =SUM(NQ60:PN60) | SL60: =SUM(PO60:PX60) | SM60: =SUM(PY60:PZ60) | SN60: =SUM(QA60:QB60) | SO60: =SUM(QC60:QE60) | SP60: =SUM(QG60:QK60) | SQ60: =SUM(QM60:QN60) | SR60: =SUM(QO60) | SS60: =SUM(QP60)+QQ60 | ST60: =SUM(QR60) | SU60: =SUM(QS60) | SV60: =SUM(QT60) | SW60: =SUM(QU60) | SX60: =SUM(QV60) | SY60: =SUM(QW60:RE60) | SZ60: =SUM(RH60:SX60)-SUM(SR60:SS60)-SUM(SV60:SX60)
D61: SIN PERTENENCIA ETNICA | BK61: 1 | BM61: 2 | BO61: 1 | BP61: 4 | CG61: 4 | CL61: 3 | CX61: 1 | CY61: 4 | DA61: 4 | DU61: 3 | FA61: 1 | FB61: 4 | FC61: 1 | FD61: 4 | FS61: 4 | GU61: 2 | GV61: 3 | GW61: 6 | GX61: 2 | HS61: 3 | HT61: 4 | HU61: 3 | JP61: 3 | KP61: 3 | KQ61: 8 | KR61: 4 | KS61: 1 | KU61: 2 | KV61: 3 | KW61: 5 | KX61: 1 | MH61: 1 | MO61: 2 | MP61: 2 | MQ61: 2 | MT61: 5 | MW61: 2 | MZ61: 7 | NA61: 7 | NB61: 20 | NC61: 1 | NF61: 13 | NG61: 17 | NH61: 23 | PO61: 4 | PP61: 1 | PR61: 1 | RF61: =SUM(E61:RE61)-QF61-QL61-SUM(QO61:QQ61)-SUM(QT61:QV61) | RH61: =SUM(E61:G61) | RI61: =SUM(H61:BN61) | RJ61: =SUM(BO61:CT61) | RK61: =SUM(CU61:CW61) | RL61: =SUM(CX61:DH61) | RM61: =SUM(DI61:DU61) | RN61: =SUM(DV61:EZ61) | RO61: =SUM(FA61:FB61) | RP61: =SUM(FC61:FH61) | RQ61: =SUM(FI61:GB61) | RR61: =SUM(GC61:GW61) | RS61: =SUM(GX61:IP61) | RT61: =SUM(IQ61:JC61) | RU61: =SUM(JD61:JV61) | RV61: =SUM(JW61:MA61) | RW61: =SUM(MB61:MN61) | RX61: =MO61 | RY61: =SUM(MP61:MQ61) | RZ61: =SUM(MR61:MT61) | SA61: =SUM(MU61:MW61) | SB61: =SUM(MX61:MZ61) | SC61: =SUM(NA61:NB61) | SD61: =SUM(NC61) | SE61: =SUM(ND61:NF61) | SF61: =SUM(NG61) | SG61: =SUM(NH61) | SH61: =NI61 | SI61: =NJ61 | SJ61: =SUM(NK61:NP61) | SK61: =SUM(NQ61:PN61) | SL61: =SUM(PO61:PX61) | SM61: =SUM(PY61:PZ61) | SN61: =SUM(QA61:QB61) | SO61: =SUM(QC61:QE61) | SP61: =SUM(QG61:QK61) | SQ61: =SUM(QM61:QN61) | SR61: =SUM(QO61) | SS61: =SUM(QP61)+QQ61 | ST61: =SUM(QR61) | SU61: =SUM(QS61) | SV61: =SUM(QT61) | SW61: =SUM(QU61) | SX61: =SUM(QV61) | SY61: =SUM(QW61:RE61) | SZ61: =SUM(RH61:SX61)-SUM(SR61:SS61)-SUM(SV61:SX61) | TB61: 3
D62: TOTAL ETNICOS | E62: =SUM(E56:E61) | F62: =SUM(F56:F61) | G62: =SUM(G56:G61) | H62: =SUM(H56:H61) | I62: =SUM(I56:I61) | J62: =SUM(J56:J61) | K62: =SUM(K56:K61) | L62: =SUM(L56:L61) | ... KC62: =SUM(KC56:KC61) | KE62: =SUM(KE56:KE61) | KF62: =SUM(KF56:KF61) | KG62: =SUM(KG56:KG61) | KH62: =SUM(KH56:KH61) | KI62: =SUM(KI56:KI61) | KJ62: =SUM(KJ56:KJ61) | KK62: =SUM(KK56:KK61) | KL62: =SUM(KL56:KL61) | ... RF62: =SUM(RF56:RF61) | RG62: =IF(RF50=RF55,RF55=RF62,"FALSO") | RH62: =SUM(RH56:RH61) | RI62: =SUM(RI56:RI61) | RJ62: =SUM(RJ56:RJ61) | RK62: =SUM(RK56:RK61) | RL62: =SUM(RL56:RL61) | RM62: =SUM(RM56:RM61) | RN62: =SUM(RN56:RN61) | RO62: =SUM(RO56:RO61) | ... SZ62: =SUM(SZ56:SZ61) | TB62: =SUM(TB56:TB61) | TC62: =SUM(TC56:TC61) | TE62: =SUM(TE56:TE61) | TF62: =SUM(TF56:TF61) | TG62: =SUM(TG56:TG61) | TH62: =SUM(TH56:TH61) | TI62: =SUM(TI56:TI61) | TJ62: =SUM(TJ56:TJ61) | TK62: =SUM(TK56:TK61) | TL62: =SUM(TL56:TL61) | ... TU62: =SUM(TU56:TU61)
D63: EN SITUACION DE DESPLAZADO | RF63: =SUM(E63:RE63)-QF63-QL63-SUM(QO63:QQ63)-SUM(QT63:QV63) | RH63: =SUM(E63:G63) | RI63: =SUM(H63:BN63) | RJ63: =SUM(BO63:CT63) | RK63: =SUM(CU63:CW63) | RL63: =SUM(CX63:DH63) | RM63: =SUM(DI63:DU63) | RN63: =SUM(DV63:EZ63) | RO63: =SUM(FA63:FB63) | RP63: =SUM(FC63:FH63) | RQ63: =SUM(FI63:GB63) | RR63: =SUM(GC63:GW63) | RS63: =SUM(GX63:IP63) | RT63: =SUM(IQ63:JC63) | RU63: =SUM(JD63:JV63) | RV63: =SUM(JW63:MA63) | RW63: =SUM(MB63:MN63) | RX63: =MO63 | RY63: =SUM(MP63:MQ63) | RZ63: =SUM(MR63:MT63) | SA63: =SUM(MU63:MW63) | SB63: =SUM(MX63:MZ63) | SC63: =SUM(NA63:NB63) | SD63: =SUM(NC63) | SE63: =SUM(ND63:NF63) | SF63: =SUM(NG63) | SG63: =SUM(NH63) | SH63: =NI63 | SI63: =NJ63 | SJ63: =SUM(NK63:NP63) | SK63: =SUM(NQ63:PN63) | SL63: =SUM(PO63:PX63) | SM63: =SUM(PY63:PZ63) | SN63: =SUM(QA63:QB63) | SO63: =SUM(QC63:QE63) | SP63: =SUM(QG63:QK63) | SQ63: =SUM(QM63:QN63) | SR63: =SUM(QO63) | SS63: =SUM(QP63)+QQ63 | ST63: =SUM(QR63) | SU63: =SUM(QS63) | SV63: =SUM(QT63) | SW63: =SUM(QU63) | SX63: =SUM(QV63) | SY63: =SUM(QW63:RE63) | SZ63: =SUM(RH63:SX63)-SUM(SR63:SS63)-SUM(SV63:SX63)
D64: EN CONDICION DE DISCAPACIDAD | RF64: =SUM(E64:RE64)-QF64-QL64-SUM(QO64:QQ64)-SUM(QT64:QV64) | RH64: =SUM(E64:G64) | RI64: =SUM(H64:BN64) | RJ64: =SUM(BO64:CT64) | RK64: =SUM(CU64:CW64) | RL64: =SUM(CX64:DH64) | RM64: =SUM(DI64:DU64) | RN64: =SUM(DV64:EZ64) | RO64: =SUM(FA64:FB64) | RP64: =SUM(FC64:FH64) | RQ64: =SUM(FI64:GB64) | RR64: =SUM(GC64:GW64) | RS64: =SUM(GX64:IP64) | RT64: =SUM(IQ64:JC64) | RU64: =SUM(JD64:JV64) | RV64: =SUM(JW64:MA64) | RW64: =SUM(MB64:MN64) | RX64: =MO64 | RY64: =SUM(MP64:MQ64) | RZ64: =SUM(MR64:MT64) | SA64: =SUM(MU64:MW64) | SB64: =SUM(MX64:MZ64) | SC64: =SUM(NA64:NB64) | SD64: =SUM(NC64) | SE64: =SUM(ND64:NF64) | SF64: =SUM(NG64) | SG64: =SUM(NH64) | SH64: =NI64 | SI64: =NJ64 | SJ64: =SUM(NK64:NP64) | SK64: =SUM(NQ64:PN64) | SL64: =SUM(PO64:PX64) | SM64: =SUM(PY64:PZ64) | SN64: =SUM(QA64:QB64) | SO64: =SUM(QC64:QE64) | SP64: =SUM(QG64:QK64) | SQ64: =SUM(QM64:QN64) | SR64: =SUM(QO64) | SS64: =SUM(QP64)+QQ64 | ST64: =SUM(QR64) | SU64: =SUM(QS64) | SV64: =SUM(QT64) | SW64: =SUM(QU64) | SX64: =SUM(QV64) | SY64: =SUM(QW64:RE64) | SZ64: =SUM(RH64:SX64)-SUM(SR64:SS64)-SUM(SV64:SX64)
D65: VICTIMAS DEL CONFLICTO ARMADO | HS65: 1 | MH65: 2 | MO65: 2 | MT65: 1 | NB65: 1 | NC65: 2 | NH65: 2 | RB65: 3 | RF65: =SUM(E65:RE65)-QF65-QL65-SUM(QO65:QQ65)-SUM(QT65:QV65) | RH65: =SUM(E65:G65) | RI65: =SUM(H65:BN65) | RJ65: =SUM(BO65:CT65) | RK65: =SUM(CU65:CW65) | RL65: =SUM(CX65:DH65) | RM65: =SUM(DI65:DU65) | RN65: =SUM(DV65:EZ65) | RO65: =SUM(FA65:FB65) | RP65: =SUM(FC65:FH65) | RQ65: =SUM(FI65:GB65) | RR65: =SUM(GC65:GW65) | RS65: =SUM(GX65:IP65) | RT65: =SUM(IQ65:JC65) | RU65: =SUM(JD65:JV65) | RV65: =SUM(JW65:MA65) | RW65: =SUM(MB65:MN65) | RX65: =MO65 | RY65: =SUM(MP65:MQ65) | RZ65: =SUM(MR65:MT65) | SA65: =SUM(MU65:MW65) | SB65: =SUM(MX65:MZ65) | SC65: =SUM(NA65:NB65) | SD65: =SUM(NC65) | SE65: =SUM(ND65:NF65) | SF65: =SUM(NG65) | SG65: =SUM(NH65) | SH65: =NI65 | SI65: =NJ65 | SJ65: =SUM(NK65:NP65) | SK65: =SUM(NQ65:PN65) | SL65: =SUM(PO65:PX65) | SM65: =SUM(PY65:PZ65) | SN65: =SUM(QA65:QB65) | SO65: =SUM(QC65:QE65) | SP65: =SUM(QG65:QK65) | SQ65: =SUM(QM65:QN65) | SR65: =SUM(QO65) | SS65: =SUM(QP65)+QQ65 | ST65: =SUM(QR65) | SU65: =SUM(QS65) | SV65: =SUM(QT65) | SW65: =SUM(QU65) | SX65: =SUM(QV65) | SY65: =SUM(QW65:RE65) | SZ65: =SUM(RH65:SX65)-SUM(SR65:SS65)-SUM(SV65:SX65)
A66: 4 | B66: 088 | C66: BELEN DE UMBRIA | D66: FEMENINO | RF66: =SUM(E66:RE66)-QF66-QL66-SUM(QO66:QQ66)-SUM(QT66:QV66) | RH66: =SUM(E66:G66) | RI66: =SUM(H66:BN66) | RJ66: =SUM(BO66:CT66) | RK66: =SUM(CU66:CW66) | RL66: =SUM(CX66:DH66) | RM66: =SUM(DI66:DU66) | RN66: =SUM(DV66:EZ66) | RO66: =SUM(FA66:FB66) | RP66: =SUM(FC66:FH66) | RQ66: =SUM(FI66:GB66) | RR66: =SUM(GC66:GW66) | RS66: =SUM(GX66:IP66) | RT66: =SUM(IQ66:JC66) | RU66: =SUM(JD66:JV66) | RV66: =SUM(JW66:MA66) | RW66: =SUM(MB66:MN66) | RX66: =MO66 | RY66: =SUM(MP66:MQ66) | RZ66: =SUM(MR66:MT66) | SA66: =SUM(MU66:MW66) | SB66: =SUM(MX66:MZ66) | SC66: =SUM(NA66:NB66) | SD66: =SUM(NC66) | SE66: =SUM(ND66:NF66) | SF66: =SUM(NG66) | SG66: =SUM(NH66) | SH66: =NI66 | SI66: =NJ66 | SJ66: =SUM(NK66:NP66) | SK66: =SUM(NQ66:PN66) | SL66: =SUM(PO66:PX66) | SM66: =SUM(PY66:PZ66) | SN66: =SUM(QA66:QB66) | SO66: =SUM(QC66:QE66) | SP66: =SUM(QG66:QK66) | SQ66: =SUM(QM66:QN66) | SR66: =SUM(QO66) | SS66: =SUM(QP66)+QQ66 | ST66: =SUM(QR66) | SU66: =SUM(QS66) | SV66: =SUM(QT66) | SW66: =SUM(QU66) | SX66: =SUM(QV66) | SY66: =SUM(QW66:RE66) | SZ66: =SUM(RH66:SX66)-SUM(SR66:SS66)-SUM(SV66:SX66)
D67: MASCULINO | RF67: =SUM(E67:RE67)-QF67-QL67-SUM(QO67:QQ67)-SUM(QT67:QV67) | RH67: =SUM(E67:G67) | RI67: =SUM(H67:BN67) | RJ67: =SUM(BO67:CT67) | RK67: =SUM(CU67:CW67) | RL67: =SUM(CX67:DH67) | RM67: =SUM(DI67:DU67) | RN67: =SUM(DV67:EZ67) | RO67: =SUM(FA67:FB67) | RP67: =SUM(FC67:FH67) | RQ67: =SUM(FI67:GB67) | RR67: =SUM(GC67:GW67) | RS67: =SUM(GX67:IP67) | RT67: =SUM(IQ67:JC67) | RU67: =SUM(JD67:JV67) | RV67: =SUM(JW67:MA67) | RW67: =SUM(MB67:MN67) | RX67: =MO67 | RY67: =SUM(MP67:MQ67) | RZ67: =SUM(MR67:MT67) | SA67: =SUM(MU67:MW67) | SB67: =SUM(MX67:MZ67) | SC67: =SUM(NA67:NB67) | SD67: =SUM(NC67) | SE67: =SUM(ND67:NF67) | SF67: =SUM(NG67) | SG67: =SUM(NH67) | SH67: =NI67 | SI67: =NJ67 | SJ67: =SUM(NK67:NP67) | SK67: =SUM(NQ67:PN67) | SL67: =SUM(PO67:PX67) | SM67: =SUM(PY67:PZ67) | SN67: =SUM(QA67:QB67) | SO67: =SUM(QC67:QE67) | SP67: =SUM(QG67:QK67) | SQ67: =SUM(QM67:QN67) | SR67: =SUM(QO67) | SS67: =SUM(QP67)+QQ67 | ST67: =SUM(QR67) | SU67: =SUM(QS67) | SV67: =SUM(QT67) | SW67: =SUM(QU67) | SX67: =SUM(QV67) | SY67: =SUM(QW67:RE67) | SZ67: =SUM(RH67:SX67)-SUM(SR67:SS67)-SUM(SV67:SX67)
D68: OTRO | RF68: =SUM(E68:RE68)-QF68-QL68-SUM(QO68:QQ68)-SUM(QT68:QV68) | RH68: =SUM(E68:G68) | RI68: =SUM(H68:BN68) | RJ68: =SUM(BO68:CT68) | RK68: =SUM(CU68:CW68) | RL68: =SUM(CX68:DH68) | RM68: =SUM(DI68:DU68) | RN68: =SUM(DV68:EZ68) | RO68: =SUM(FA68:FB68) | RP68: =SUM(FC68:FH68) | RQ68: =SUM(FI68:GB68) | RR68: =SUM(GC68:GW68) | RS68: =SUM(GX68:IP68) | RT68: =SUM(IQ68:JC68) | RU68: =SUM(JD68:JV68) | RV68: =SUM(JW68:MA68) | RW68: =SUM(MB68:MN68) | RX68: =MO68 | RY68: =SUM(MP68:MQ68) | RZ68: =SUM(MR68:MT68) | SA68: =SUM(MU68:MW68) | SB68: =SUM(MX68:MZ68) | SC68: =SUM(NA68:NB68) | SD68: =SUM(NC68) | SE68: =SUM(ND68:NF68) | SF68: =SUM(NG68) | SG68: =SUM(NH68) | SH68: =NI68 | SI68: =NJ68 | SJ68: =SUM(NK68:NP68) | SK68: =SUM(NQ68:PN68) | SL68: =SUM(PO68:PX68) | SM68: =SUM(PY68:PZ68) | SN68: =SUM(QA68:QB68) | SO68: =SUM(QC68:QE68) | SP68: =SUM(QG68:QK68) | SQ68: =SUM(QM68:QN68) | SR68: =SUM(QO68) | SS68: =SUM(QP68)+QQ68 | ST68: =SUM(QR68) | SU68: =SUM(QS68) | SV68: =SUM(QT68) | SW68: =SUM(QU68) | SX68: =SUM(QV68) | SY68: =SUM(QW68:RE68) | SZ68: =SUM(RH68:SX68)-SUM(SR68:SS68)-SUM(SV68:SX68)
D69: TOTAL GENERO | E69: =SUM(E66:E68) | F69: =SUM(F66:F68) | G69: =SUM(G66:G68) | H69: =SUM(H66:H68) | I69: =SUM(I66:I68) | J69: =SUM(J66:J68) | K69: =SUM(K66:K68) | L69: =SUM(L66:L68) | ... RF69: =SUM(RF66:RF68) | RH69: =SUM(RH66:RH68) | RI69: =SUM(RI66:RI68) | RJ69: =SUM(RJ66:RJ68) | RK69: =SUM(RK66:RK68) | RL69: =SUM(RL66:RL68) | RM69: =SUM(RM66:RM68) | RN69: =SUM(RN66:RN68) | RO69: =SUM(RO66:RO68) | ... SZ69: =SUM(SZ66:SZ68) | TB69: =SUM(TB66:TB68) | TC69: =SUM(TC66:TC68) | TE69: =SUM(TE66:TE68) | TF69: =SUM(TF66:TF68) | TG69: =SUM(TG66:TG68) | TH69: =SUM(TH66:TH68) | TI69: =SUM(TI66:TI68) | TJ69: =SUM(TJ66:TJ68) | TK69: =SUM(TK66:TK68) | TL69: =SUM(TL66:TL68) | ... TU69: =SUM(TU66:TU68)
D70: CONTRIBUTIVO | RF70: =SUM(E70:RE70)-QF70-QL70-SUM(QO70:QQ70)-SUM(QT70:QV70) | RH70: =SUM(E70:G70) | RI70: =SUM(H70:BN70) | RJ70: =SUM(BO70:CT70) | RK70: =SUM(CU70:CW70) | RL70: =SUM(CX70:DH70) | RM70: =SUM(DI70:DU70) | RN70: =SUM(DV70:EZ70) | RO70: =SUM(FA70:FB70) | RP70: =SUM(FC70:FH70) | RQ70: =SUM(FI70:GB70) | RR70: =SUM(GC70:GW70) | RS70: =SUM(GX70:IP70) | RT70: =SUM(IQ70:JC70) | RU70: =SUM(JD70:JV70) | RV70: =SUM(JW70:MA70) | RW70: =SUM(MB70:MN70) | RX70: =MO70 | RY70: =SUM(MP70:MQ70) | RZ70: =SUM(MR70:MT70) | SA70: =SUM(MU70:MW70) | SB70: =SUM(MX70:MZ70) | SC70: =SUM(NA70:NB70) | SD70: =SUM(NC70) | SE70: =SUM(ND70:NF70) | SF70: =SUM(NG70) | SG70: =SUM(NH70) | SH70: =NI70 | SI70: =NJ70 | SJ70: =SUM(NK70:NP70) | SK70: =SUM(NQ70:PN70) | SL70: =SUM(PO70:PX70) | SM70: =SUM(PY70:PZ70) | SN70: =SUM(QA70:QB70) | SO70: =SUM(QC70:QE70) | SP70: =SUM(QG70:QK70) | SQ70: =SUM(QM70:QN70) | SR70: =SUM(QO70) | SS70: =SUM(QP70)+QQ70 | ST70: =SUM(QR70) | SU70: =SUM(QS70) | SV70: =SUM(QT70) | SW70: =SUM(QU70) | SX70: =SUM(QV70) | SY70: =SUM(QW70:RE70) | SZ70: =SUM(RH70:SX70)-SUM(SR70:SS70)-SUM(SV70:SX70)
D71: SUBSIDIADO | RF71: =SUM(E71:RE71)-QF71-QL71-SUM(QO71:QQ71)-SUM(QT71:QV71) | RH71: =SUM(E71:G71) | RI71: =SUM(H71:BN71) | RJ71: =SUM(BO71:CT71) | RK71: =SUM(CU71:CW71) | RL71: =SUM(CX71:DH71) | RM71: =SUM(DI71:DU71) | RN71: =SUM(DV71:EZ71) | RO71: =SUM(FA71:FB71) | RP71: =SUM(FC71:FH71) | RQ71: =SUM(FI71:GB71) | RR71: =SUM(GC71:GW71) | RS71: =SUM(GX71:IP71) | RT71: =SUM(IQ71:JC71) | RU71: =SUM(JD71:JV71) | RV71: =SUM(JW71:MA71) | RW71: =SUM(MB71:MN71) | RX71: =MO71 | RY71: =SUM(MP71:MQ71) | RZ71: =SUM(MR71:MT71) | SA71: =SUM(MU71:MW71) | SB71: =SUM(MX71:MZ71) | SC71: =SUM(NA71:NB71) | SD71: =SUM(NC71) | SE71: =SUM(ND71:NF71) | SF71: =SUM(NG71) | SG71: =SUM(NH71) | SH71: =NI71 | SI71: =NJ71 | SJ71: =SUM(NK71:NP71) | SK71: =SUM(NQ71:PN71) | SL71: =SUM(PO71:PX71) | SM71: =SUM(PY71:PZ71) | SN71: =SUM(QA71:QB71) | SO71: =SUM(QC71:QE71) | SP71: =SUM(QG71:QK71) | SQ71: =SUM(QM71:QN71) | SR71: =SUM(QO71) | SS71: =SUM(QP71)+QQ71 | ST71: =SUM(QR71) | SU71: =SUM(QS71) | SV71: =SUM(QT71) | SW71: =SUM(QU71) | SX71: =SUM(QV71) | SY71: =SUM(QW71:RE71) | SZ71: =SUM(RH71:SX71)-SUM(SR71:SS71)-SUM(SV71:SX71)
D72: POBRE NO ASEGURADO | RF72: =SUM(E72:RE72)-QF72-QL72-SUM(QO72:QQ72)-SUM(QT72:QV72) | RH72: =SUM(E72:G72) | RI72: =SUM(H72:BN72) | RJ72: =SUM(BO72:CT72) | RK72: =SUM(CU72:CW72) | RL72: =SUM(CX72:DH72) | RM72: =SUM(DI72:DU72) | RN72: =SUM(DV72:EZ72) | RO72: =SUM(FA72:FB72) | RP72: =SUM(FC72:FH72) | RQ72: =SUM(FI72:GB72) | RR72: =SUM(GC72:GW72) | RS72: =SUM(GX72:IP72) | RT72: =SUM(IQ72:JC72) | RU72: =SUM(JD72:JV72) | RV72: =SUM(JW72:MA72) | RW72: =SUM(MB72:MN72) | RX72: =MO72 | RY72: =SUM(MP72:MQ72) | RZ72: =SUM(MR72:MT72) | SA72: =SUM(MU72:MW72) | SB72: =SUM(MX72:MZ72) | SC72: =SUM(NA72:NB72) | SD72: =SUM(NC72) | SE72: =SUM(ND72:NF72) | SF72: =SUM(NG72) | SG72: =SUM(NH72) | SH72: =NI72 | SI72: =NJ72 | SJ72: =SUM(NK72:NP72) | SK72: =SUM(NQ72:PN72) | SL72: =SUM(PO72:PX72) | SM72: =SUM(PY72:PZ72) | SN72: =SUM(QA72:QB72) | SO72: =SUM(QC72:QE72) | SP72: =SUM(QG72:QK72) | SQ72: =SUM(QM72:QN72) | SR72: =SUM(QO72) | SS72: =SUM(QP72)+QQ72 | ST72: =SUM(QR72) | SU72: =SUM(QS72) | SV72: =SUM(QT72) | SW72: =SUM(QU72) | SX72: =SUM(QV72) | SY72: =SUM(QW72:RE72) | SZ72: =SUM(RH72:SX72)-SUM(SR72:SS72)-SUM(SV72:SX72)
D73: REGIMEN ESPECIAL | RF73: =SUM(E73:RE73)-QF73-QL73-SUM(QO73:QQ73)-SUM(QT73:QV73) | RH73: =SUM(E73:G73) | RI73: =SUM(H73:BN73) | RJ73: =SUM(BO73:CT73) | RK73: =SUM(CU73:CW73) | RL73: =SUM(CX73:DH73) | RM73: =SUM(DI73:DU73) | RN73: =SUM(DV73:EZ73) | RO73: =SUM(FA73:FB73) | RP73: =SUM(FC73:FH73) | RQ73: =SUM(FI73:GB73) | RR73: =SUM(GC73:GW73) | RS73: =SUM(GX73:IP73) | RT73: =SUM(IQ73:JC73) | RU73: =SUM(JD73:JV73) | RV73: =SUM(JW73:MA73) | RW73: =SUM(MB73:MN73) | RX73: =MO73 | RY73: =SUM(MP73:MQ73) | RZ73: =SUM(MR73:MT73) | SA73: =SUM(MU73:MW73) | SB73: =SUM(MX73:MZ73) | SC73: =SUM(NA73:NB73) | SD73: =SUM(NC73) | SE73: =SUM(ND73:NF73) | SF73: =SUM(NG73) | SG73: =SUM(NH73) | SH73: =NI73 | SI73: =NJ73 | SJ73: =SUM(NK73:NP73) | SK73: =SUM(NQ73:PN73) | SL73: =SUM(PO73:PX73) | SM73: =SUM(PY73:PZ73) | SN73: =SUM(QA73:QB73) | SO73: =SUM(QC73:QE73) | SP73: =SUM(QG73:QK73) | SQ73: =SUM(QM73:QN73) | SR73: =SUM(QO73) | SS73: =SUM(QP73)+QQ73 | ST73: =SUM(QR73) | SU73: =SUM(QS73) | SV73: =SUM(QT73) | SW73: =SUM(QU73) | SX73: =SUM(QV73) | SY73: =SUM(QW73:RE73) | SZ73: =SUM(RH73:SX73)-SUM(SR73:SS73)-SUM(SV73:SX73)
D74: TOTAL REGIMEN | E74: =SUM(E70:E73) | F74: =SUM(F70:F73) | G74: =SUM(G70:G73) | H74: =SUM(H70:H73) | I74: =SUM(I70:I73) | J74: =SUM(J70:J73) | K74: =SUM(K70:K73) | L74: =SUM(L70:L73) | ... RF74: =SUM(RF70:RF73) | RH74: =SUM(RH70:RH73) | RI74: =SUM(RI70:RI73) | RJ74: =SUM(RJ70:RJ73) | RK74: =SUM(RK70:RK73) | RL74: =SUM(RL70:RL73) | RM74: =SUM(RM70:RM73) | RN74: =SUM(RN70:RN73) | RO74: =SUM(RO70:RO73) | ... SZ74: =SUM(SZ70:SZ73) | TB74: =SUM(TB70:TB73) | TC74: =SUM(TC70:TC73) | TE74: =SUM(TE70:TE73) | TF74: =SUM(TF70:TF73) | TG74: =SUM(TG70:TG73) | TH74: =SUM(TH70:TH73) | TI74: =SUM(TI70:TI73) | TJ74: =SUM(TJ70:TJ73) | TK74: =SUM(TK70:TK73) | TL74: =SUM(TL70:TL73) | ... TU74: =SUM(TU70:TU73)
