Workbook

Sheet 1_BRASIL
E1: =D1+1 -> 1 | F1: =E1+1 -> 2 | G1: =F1+1 -> 3 | H1: =G1+1 -> 4 | I1: =H1+1 -> 5 | J1: =I1+1 -> 6 | K1: =J1+1 -> 7 | L1: =K1+1 -> 8 | ... ON1: =OM1+1 -> 400
A2: NOMBRE DEPARTAMENTO: | D2: ='6_VENEZOLANOS'!D2 -> RISARALDA | E2: CODIGO DEPARTAMENTO: | G2: ='6_VENEZOLANOS'!G2 -> 66 | H2: =G2 -> 66
A3: AÑO: | D3: ='6_VENEZOLANOS'!D3 -> 2026 | HE3: DE 1 AÑO 2022 | HF3: DE 2 AÑOS 2021 | HG3: DE 3 AÑOS 2020 | HH3: DE 4 AÑOS 2019 | HI3: DE 5 AÑOS 2018 | HJ3: DE 6 AÑOS 2017 | HK3: DE 7 AÑOS 2016 | HL3: DE 8 AÑOS 2015 | HM3: DE 9 AÑOS 2014 | HN3: DE 10 AÑOS 2013 | HO3: DE 11 AÑOS 2012 | HP3: DE 12 AÑOS 2011 | HQ3: DE 13 AÑOS 2010 | HR3: DE 14 AÑOS 2009 | HS3: DE 15 AÑOS 2008 | HT3: DE 16 AÑOS 2007 | HU3: DE 17 AÑOS 2006 | OG3: .
A4: MES DE REPORTE | D4: ='6_VENEZOLANOS'!D4 -> agosto | F4: VACUNAS PAI | S4: VACUNAS PAI | BV4: VACUNAS PAI | CW4: VACUNAS PAI | EI4: VACUNAS PAI | FE4: VACUNAS PAI | JZ4: VACUNAS PAI | NH4: VACUNAS PAI | OF4: VACUNAS PAI
A5: MUNICIPIO | D5: REGIMEN / GRUPO ETNICO | E5: BCG | H5: HEPATITIS B | AE5: HEPATITIS B (RESOLUCION. 0459/2012 y Circular 031/2014) | BK5: POBLACION PRIORIZADA PARA HEPATITIS B | BO5: ANTIPOLIO INACTIVADA (VIP) | CU5: HEXAVALENTE (DPTa-HB-Hib-VIP) | CX5: PENTAVALENTE DPT - HB - Hib | DI5: DPT | DV5: TDaP Acelular Pediatrica | FA5: ROTAVIRUS | FC5: NEUMOCOCO CONJUGADA DECAVALENTE | FI5: NEUMOCOCO CONJUGADA TRECEVALENTE | FO5: SRP (TRIPLE VIRAL) | GI5: SR (DOBLE VIRAL) | HD5: FIEBRE AMARILLA DOSIS UNICA | IC5: HEPATITIS A (Cohorte de nacidos a partir de 1 de enero de 2012) | IP5: VARICELA (Cohorte de nacidos a partir de 1 de julio de 2014) | JH5: TOXOIDE TETANICO-DIFTERICO DE ADULTOS (Td) | LM5: Tdap ACELULAR (Se debe garantizar una dosis por cada embarazo y se aplica a partir de las semana 26 y zona rural a partir de la semana 20 y otros grupos de dificil acceso o captación) | LZ5: INFLUENZA | MR5: MENINGOCOCO USO EN BROTES (Serogrupo A, C, Y y W-135) | MX5: V P H | NH5: ANTIRRABICA HUMANA PRE/POST-EXPOSICION | NW5: INMUNOGLOBULINA ANTI HEPATITIS B | OB5: INMUNOGLOBULINAS /ANTITOXINAS TETÁNICAS | OD5: ANTI TOXINA DIFTERICA (Suero heterólogo) | OF5: COVID 19
E6: RECIEN NACIDO (DE 0 HASTA 29 DÍAS) | F6: MENOR DE UN AÑO (A PARTIR DE 30 DIAS HASTA 11 MESES 29 DIAS) | G6: POBLACION INDIGENA Y RURAL DISPERSA (DE 1 AÑO A 5 AÑOS, 11 MESES, 29 DIAS) | H6: RECIEN NACIDO (HASTA 29 DÍAS) | J6: DE 2 A 11 MESES 29 DÍAS | M6: DE 1 AÑO | P6: DE 2 AÑOS | S6: DE 3 AÑOS | V6: DE 4 AÑOS | Y6: DE 5 AÑOS | AB6: DE 6 a 17 AÑOS 11 MESES Y 29 DIAS (ICBF) | AE6: DE 1 AÑO | AI6: DE 2 AÑOS | AM6: DE 3 AÑOS | AQ6: DE 4 AÑOS | AU6: DE 5 AÑOS | AY6: 6 A 14 AÑOS | BC6: DE 15 AÑOS A 17 AÑOS | BG6: DE 18 AÑOS Y MAS | BO6: < DE 1 AÑO | BR6: DE 1 AÑO | BU6: DE 2 AÑOS | BX6: DE 3 AÑOS | CA6: DE 4 AÑOS | CD6: DE 5 AÑOS | CG6: AL AÑO DE LA 3ra DOSIS (De 18 a 23 meses) | CH6: DE 2 AÑOS | CI6: DE 3 AÑOS | CJ6: DE 4 AÑOS | CK6: DE 5 AÑOS | CL6: DE 5 AÑOS | CM6: DE 6 AÑOS | CP6: DE 7 A 17 AÑOS (AUTORIZADAS POR EL MINISTERIO) | CS6: DE 18 A 60 AÑOS (AUTORIZADAS POR EL MINISTERIO) | CU6: < DE 1 AÑO (Prematuros Extremos (MENOR DE 1500 GRAMOS según lineamientos) | CX6: < DE 1 AÑO | DA6: De 18 a 23 meses | DB6: DE 1 AÑO (12 a 23 meses) Sin antecedente de Penta | DE6: DE 2 AÑOS (24 a 35 meses) Sin antecedente de Penta | DF6: DE 3 AÑOS (36 a 47 meses) Sin antecedente de Penta | DG6: DE 4 AÑOS (48 a 70 meses) Sin antecedente de Penta | DH6: 5 AÑOS HASTA UN DIA ANTES DE CUMPLIR LOS 6 AÑOS | DI6: DE 2 AÑOS | DL6: DE 3 AÑOS | DO6: DE 4 AÑOS | DR6: DE 5 AÑOS | DV6: < DE 1 AÑO | DY6: DE 1 AÑO | EB6: DE 2 AÑOS | EE6: DE 3 AÑOS | EH6: DE 4 AÑOS | EK6: DE 5 AÑOS | EN6: De 18 a 23 meses | EO6: DE 2 AÑOS | EP6: DE 3 AÑOS | EQ6: DE 4 AÑOS | ER6: DE 5 AÑOS | ES6: 3 AÑOS | ET6: 4 AÑOS | EU6: 5 AÑOS | EV6: DE 6 AÑOS | FA6: DE 2 MESES A 3 MESES y 21 DIAS | FB6: DE 4 MESES A LOS 11 MESES y 29 DIAS | FC6: DE 2 A 11 MESES 29 DIAS | FE6: DE 12 MESES A 23 MESES | FH6: DE 24 MESES A 71 MESES 29 DIAS | FI6: DE 2 A 11 MESES 29 DIAS | FK6: DE 12 A 23 MESES | FL6: DE 12 A 23 MESES | FN6: DE 24 MESES A 71 MESES 29 DIAS | FO6: PRIMERA DOSIS (Se deben registrar las dosis aplicadas en población nacida del 1 de enero al 31 de diciembre de cada año) | FY6: SEGUNDA DOSIS | GI6: DOSIS CERO | GJ6: DOSIS UNICA | HD6: DE 1 AÑO 2024 | HE6: DE 2 AÑOS 2023 | HF6: DE 3 AÑOS 2022 | HG6: DE 4 AÑOS 2021 | HH6: DE 5 AÑOS 2020 | HI6: DE 6 AÑOS 2019 | HJ6: DE 7 AÑOS 2018 | HK6: DE 8 AÑOS 2017 | HL6: DE 9 AÑOS 2016 | HM6: DE 10 AÑOS 2015 | HN6: DE 11 AÑOS 2014 | HO6: DE 12 AÑOS 2013 | HP6: DE 13 AÑOS 2012 | HQ6: DE 14 AÑOS 2011 | HR6: DE 15 AÑOS 2010 | HS6: DE 16 AÑOS 2009 | HT6: DE 17 AÑOS 2008 | HU6: DE 18 AÑOS 2007 | HV6: DE 19 AÑOS 2006 | HW6: 20 A 30 AÑOS (2007-1994) | HX6: 31 A 40 AÑOS | HY6: 41 A 50 AÑOS | HZ6: 51 A 59 AÑOS | IA6: 60 A 69 AÑOS (previa autorizacion del Ministerio). | IB6: EN SITUACIÓN DE BROTE Y PAISES QUE EXIGEN ANTECEDENTE VACUNAL | IC6: DOSIS ÚNICA | IP6: PRIMERA DOSIS | JA6: REFUERZO (aplicadas a partir del 1 de julio de 2019) | JH6: NIÑOS Y NIÑAS DE 7 A 9 AÑOS | JM6: GESTANTES DE 9 AÑOS A 17 AÑOS | JR6: GESTANTES DE 18 AÑOS Y MAS | JW6: REFUERZOS GESTANTES 15 A 49 AÑOS | KA6: MUJERES EN EDAD FERTIL (MEF) DE 10 AÑOS A 17 AÑOS | KF6: MUJERES EN EDAD FERTIL (MEF) DE 18 A 49 AÑOS | KK6: REFUERZOS MEF DE 15 A 49 AÑOS | KO6: HOMBRES DE 10 A 17 AÑOS | KT6: HOMBRES DE 18 A 49 AÑOS | KY6: REFUERZOS HOMBRES DE 15 A 49 AÑOS | LC6: OTROS DE 50 A 59 AÑOS | LH6: OTROS DE 60 AÑOS Y MAS | LM6: GESTANTES DE 9 A 17 AÑOS de acuerdo al lineamiento | LS6: GESTANTES DE 18 AÑOS Y MAS, de acuerdo al lineamiento | LY6: UNICA DOSIS OTROS GRUPOS (Con Autorizacion del MSPS ) | LZ6: DE 6 MESES A 11 MESES | MB6: DE 12 MESES A 23 MESES | ME6: 24 A 35 MESES SEGÚN AUTORIZACION DEL MINISTERIO | MH6: DE 50 a 59 AÑOS (SEGÚN AUTORIZACION DEL MINISTERIO) | MI6: DE 60 Y MAS AÑOS | MJ6: GESTANTES A PARTIR DE LA SEMANA 14 | MK6: DE 3 A 8 AÑOS (Poblaciones autorizadas de acuerdo a los lineamientos emitidos por el MSPS ) | MN6: DE 9 A 17 AÑOS (Poblaciones con diagnóstico de riesgo, recibir de acuerdo a los lineamientos emitidos por el MSPS ) | MO6: DE 18 A 59 AÑOS (Poblaciones con diagnóstico de riesgo de acuerdo a los lineamientos emitidos por el MSPS) | MP6: PERSONAL DE LA SALUD | MQ6: Familiares y convivientes de menores de 18 años con Cancér (Ley 1388/2010) | MR6: DE 6 A 11 MESES | MU6: 12 A 23 MESES | MW6: MAYORES DE 2 AÑOS | MX6: 9 AÑOS | MY6: 10 AÑOS | MZ6: 11 AÑOS | NA6: 12 AÑOS | NB6: 13 AÑOS | NC6: 14 AÑOS | ND6: 15 AÑOS | NE6: 16 AÑOS | NF6: 17 AÑOS | NG6: 2as Dosis Inmunosuprimidos, según linemientos del 30 de septiembre/2023 | NH6: ESQUEMA PRE EXPOSICIÓN OPCION 1 (I.D.) (Se aplica previa autorización del Ministerio) | NJ6: ESQUEMA PRE EXPOSICIÓN OPCION 2 (I.M.) (Se aplica previa autorización del Ministerio) | NL6: ESQUEMA POST EXPOSICION Número de dosis aplicadas | NQ6: ESQUEMA RE-EXPOSICIÓN | NT6: TOTAL DE ESQUEMAS POST EXPOSICION (USUARIOS CON ESQUEMA DE VACUNACION COMPLETO) | NU6: INMUNOGLOBULINA ANTIRRÁBICA (Número de frascos utilizados) | NV6: No. De personas que recibieron inmunoglobulina antirrabica. | NW6: RECIEN NACIDO (Hijo de Madre Antigenos + para HB) | NZ6: RESOLUCION 0459/2012- Circular 031/2014) | OB6: INMUNOGLOBULINA ANTI TETANICA (Suero homólogo) | OF6: DE 6 MESES A 4 AÑOS | OI6: DE 5 AÑOS A 11 AÑOS | OJ6: DE 12 A 59 AÑOS | OK6: GESTANTES | OL6: MAYORES DE 60 AÑOS | OM6: TALENTO HUMANO EN SALUD | ON6: DE 12 AÑOS A 59 AÑOS PERSONAS CON COMORBILIDADES
A7: Nº | B7: COD DANE MPIO | C7: NOMBRE MUNICIPIO/ IPS | H7: RECIEN NACIDO (Primeras 12 Horas) | I7: RECIEN NACIDO Entre 12 horas y 29 dias | J7: 1a | K7: 2a | L7: 3a | M7: 1a | N7: 2a | O7: 3a | P7: 1a | Q7: 2a | R7: 3a | S7: 1a | T7: 2a | U7: 3a | V7: 1a | W7: 2a | X7: 3a | Y7: 1a | Z7: 2a | AA7: 3a | AB7: 1a | AC7: 2a | AD7: 3a | AE7: 1a | AF7: 2a | AG7: 3a | AH7: Ref. | AI7: 1a | AJ7: 2a | AK7: 3a | AL7: Ref. | AM7: 1a | AN7: 2a | AO7: 3a | AP7: Ref. | AQ7: 1a | AR7: 2a | AS7: 3a | AT7: Ref. | AU7: 1a | AV7: 2a | AW7: 3a | AX7: Ref. | AY7: 1a | AZ7: 2a | BA7: 3a | BB7: Ref. | BC7: 1a | BD7: 2a | BE7: 3a | BF7: Ref. | BG7: 1a | BH7: 2a | BI7: 3a | BJ7: Ref. | BK7: 1a | BL7: 2a | BM7: 3a | BN7: Ref- | BO7: 1a | BP7: 2a | BQ7: 3a | BR7: 1a | BS7: 2a | BT7: 3a | BU7: 1a | BV7: 2a | BW7: 3a | BX7: 1a | BY7: 2a | BZ7: 3a | CA7: 1a | CB7: 2a | CC7: 3a | CD7: 1a | CE7: 2a | CF7: 3a | CG7: Primer Refuerzo | CL7: Segundo Refuerzo | CM7: 1a | CN7: 2a | CO7: 3a | CP7: 1a | CQ7: 2a | CR7: 3a | CS7: 1a | CT7: 2a | CU7: 1a | CV7: 2a | CW7: 3a | CX7: 1a | CY7: 2a | CZ7: 3a | DA7: 1er REF de acuerdo a lineamiento | DB7: 1a | DC7: 2a | DD7: 3a | DE7: Unica | DF7: Unica | DG7: Unica | DH7: Unica | DI7: 2a | DJ7: 3a | DK7: REF. | DL7: 2a | DM7: 3a | DN7: REF. | DO7: 2a | DP7: 3a | DQ7: REF. | DR7: 2a | DS7: 3a | DT7: 1° REF. | DU7: 2° REF. | DV7: 1a | DW7: 2a | DX7: 3a | DY7: 1a | DZ7: 2a | EA7: 3a | EB7: 1a | EC7: 2a | ED7: 3a | EE7: 1a | EF7: 2a | EG7: 3a | EH7: 1a | EI7: 2a | EJ7: 3a | EK7: 1a | EL7: 2a | EM7: 3a | EN7: 1er REF. | ES7: 2° REF. | EV7: 1a | EW7: 2a | EX7: 3a | EY7: 1er REF. | EZ7: 2° REF. | FA7: 1a | FB7: 2a | FC7: 1a | FD7: 2a | FE7: REF. | FF7: 1a | FG7: 2a | FH7: ÚNICA | FI7: 1a | FJ7: 2a | FK7: REF. | FL7: 1a | FM7: 2a | FN7: ÚNICA | FO7: Nacidos 2024 1 año | FP7: Nacidos 2023 2 años | FQ7: Nacidos 2022 3 años | FR7: Nacidos 2021 4 años | FS7: Nacidos 2020 5 años | FT7: Nacidos 2019 6 años | FU7: Nacidos 2018 7 años | FV7: Nacidos 2017 8 años | FW7: Nacidos 2016 9 años | FX7: Nacidos 2015 10 años | FY7: De 18 a 23 meses | FZ7: Nacidos 2023 (Seguimiento) 2 años | GA7: Nacidos 2022 (Seguimiento) 3 años | GB7: Nacidos 2021 (Seguimiento) 4 años | GC7: Nacidos 2020 5 años | GD7: Nacidos 2019 6 años | GE7: Nacidos 2018 7 años | GF7: Nacidos 2017 8 años | GG7: Nacidos 2016 9 años | GH7: Nacidos 2015 10 años | GI7: SR * 6 a 11 MESES 29 DIAS | GJ7: DE 1 AÑO 2024 | GK7: DE 2 AÑOS 2023 | GL7: DE 3 AÑOS 2022 | GM7: DE 4 AÑOS 2021 | GN7: DE 5 AÑOS 2020 | GO7: DE 6 AÑOS 2019 | GP7: DE 7 AÑOS 2018 | GQ7: DE 8 AÑOS 2017 | GR7: DE 9 AÑOS 2016 | GS7: DE 10 AÑOS 2015 | GT7: DE 11 AÑOS 2014 | GU7: DE 12 AÑOS 2013 | GV7: DE 13 AÑOS 2012 | GW7: DE 14 AÑOS 2011 | GX7: DE 15 AÑOS 2010 | GY7: DE 16 AÑOS 2009 | GZ7: DE 17 AÑOS 2008 | HA7: 18 A 30 AÑOS | HB7: 31 A 40 AÑOS | HC7: 41 Y MAS AÑOS | IB7: 9 meses a 11 meses (Con Autorizacion del MSPS de acuerdo a Lineamientos) | IC7: DE 1 AÑO 2024 | ID7: DE 2 AÑOS 2023 | IE7: DE 3 AÑOS 2022 | IF7: DE 4 AÑOS 2021 | IG7: DE 5 AÑOS 2020 | IH7: DE 6 AÑOS 2019 | II7: DE 7 AÑOS 2018 | IJ7: DE 8 AÑOS 2017 | IK7: DE 9 AÑOS 2016 | IL7: DE 10 AÑOS 2015 | IM7: DE 11 AÑOS 2014 | IN7: DE 12 AÑOS 2013 | IO7: DE 13 AÑOS 2012 | IP7: DE 1 AÑO 2024 | IQ7: DE 2 AÑOS 2023 | IR7: DE 3 AÑOS 2022 | IS7: DE 4 AÑOS 2021 | IT7: DE 5 AÑOS 2020 | IU7: DE 6 AÑOS 2019 | IV7: DE 7 AÑOS 2018 | IW7: DE 8 AÑOS 2017 | IX7: DE 9 AÑOS 2016 | IY7: DE 10 AÑOS 2015 | IZ7: DE 11 AÑOS 2014 | JA7: DE 5 AÑOS 2024 | JB7: DE 6 AÑOS 2023 | JC7: DE 7 AÑOS 2022 | JD7: DE 8 AÑOS 2021 | JE7: DE 9 AÑOS 2020 | JF7: DE 10 AÑOS 2019 | JG7: DE 11 AÑOS 2018 | JH7: Td1 | JI7: Td2 | JJ7: Td3 | JK7: Ref 1 | JL7: Ref 2 | JM7: Td1 | JN7: Td2 | JO7: Td3 | JP7: Td4 | JQ7: Td5 | JR7: Td1 | JS7: Td2 | JT7: Td3 | JU7: Td4 | JV7: Td5 | JW7: REF. 1 | JX7: REF. 2 | JY7: REF. 3 | JZ7: REF. 4 | KA7: Td1 | KB7: Td2 | KC7: Td3 | KD7: Td4 | KE7: Td5 | KF7: Td1 | KG7: Td2 | KH7: Td3 | KI7: Td4 | KJ7: Td5 | KK7: REF. 1 | KL7: REF. 2 | KM7: REF. 3 | KN7: REF. 4 | KO7: Td1 | KP7: Td2 | KQ7: Td3 | KR7: Td4 | KS7: Td5 | KT7: Td1 | KU7: Td2 | KV7: Td3 | KW7: Td4 | KX7: Td5 | KY7: REF. 1 | KZ7: REF. 2 | LA7: REF. 3 | LB7: REF. 4 | LC7: Td1 | LD7: Td2 | LE7: Td3 | LF7: Td4 | LG7: Td5 | LH7: Td1 | LI7: Td2 | LJ7: Td3 | LK7: Td4 | LL7: Td5 | LM7: UNICA DOSIS EN CADA EMBARAZO | LN7: Td1 | LO7: Td2 | LP7: Td3 | LQ7: Td4 | LR7: Td5 | LS7: UNICA DOSIS EN CADA EMBARAZO | LT7: Td1 | LU7: Td2 | LV7: Td3 | LW7: Td4 | LX7: Td5 | LZ7: 1a | MA7: 2a | MB7: 1a | MC7: 2a | MD7: ÚNICA | ME7: 1a | MF7: 2a | MG7: ÚNICA | MH7: ÚNICA | MI7: ÚNICA | MJ7: ÚNICA | MK7: 1a | ML7: 2a | MM7: ÚNICA | MN7: ÚNICA | MO7: ÚNICA | MP7: ÚNICA | MQ7: ÚNICA | MR7: 1a | MS7: 2a | MT7: 3a | MU7: 1a | MV7: 2a | MW7: ÚNICA | MX7: Dosis Ùnica | NH7: 1a. y 2a día 0 | NI7: 3a y 4a. día 7 | NJ7: 1a . día 0 | NK7: 2a. día 7 | NL7: 1a. día 0 | NM7: 2a. dia 3 | NN7: 3a. día 7 | NO7: 4a . día 14 | NP7: 5a . día 21 a 28 | NQ7: 1a . día 0 | NR7: 2a. día 3 | NS7: 3a. día 7 a 14 | NT7: Número de usuarios | NW7: Número de frascos utilizados | NX7: N° recién nacidos que recibieron dosis de Ig en las primeras 12 horas | NY7: N° recién nacidos que recibieron dosis de Ig despues de las primeras 12 horas | NZ7: Número de frascos utilizados | OA7: N° Personas que recibieron dosis de Ig | OB7: Número de frascos utilizados | OC7: N° Personas que recibieron dosis de Ig | OD7: Número de frascos utilizados | OE7: N° Personas que recibieron dosis de antitoxina | OF7: Primera dosis | OG7: Segunda dosis | OH7: Adicional | OI7: Adicional | OJ7: Adicional | OK7: Adicional | OL7: Adicional | OM7: Adicional | ON7: Adicional | OO7: TOTAL DOSIS
A8: 1 | B8: ='[1]6_VENEZOLANOS'!B8:B16 -> 001 | C8: ENERO | D8: FEMENINO | OO8: =SUM(E8:ON8)-SUM(NT8:NW8)-SUM(NZ8:OE8) -> 0
D9: MASCULINO | OO9: =SUM(E9:ON9)-SUM(NT9:NW9)-SUM(NZ9:OE9) -> 0
D10: OTRO | OO10: =SUM(E10:ON10)-SUM(NT10:NW10)-SUM(NZ10:OE10) -> 0
D11: TOTAL GENERO | E11: =SUM(E8:E10) -> 0 | F11: =SUM(F8:F10) -> 0 | G11: =SUM(G8:G10) -> 0 | H11: =SUM(H8:H10) -> 0 | I11: =SUM(I8:I10) -> 0 | J11: =SUM(J8:J10) -> 0 | K11: =SUM(K8:K10) -> 0 | L11: =SUM(L8:L10) -> 0 | ... OO11: =SUM(OO8:OO10) -> 0
D12: CONTRIBUTIVO | OO12: =SUM(E12:ON12)-SUM(NT12:NW12)-SUM(NZ12:OE12) -> 0
D13: SUBSIDIADO | OO13: =SUM(E13:ON13)-SUM(NT13:NW13)-SUM(NZ13:OE13) -> 0
D14: POBRE NO ASEGURADO | OO14: =SUM(E14:ON14)-SUM(NT14:NW14)-SUM(NZ14:OE14) -> 0
D15: REGIMEN ESPECIAL | OO15: =SUM(E15:ON15)-SUM(NT15:NW15)-SUM(NZ15:OE15) -> 0
D16: TOTAL REGIMEN | E16: =SUM(E12:E15) -> 0 | F16: =SUM(F12:F15) -> 0 | G16: =SUM(G12:G15) -> 0 | H16: =SUM(H12:H15) -> 0 | I16: =SUM(I12:I15) -> 0 | J16: =SUM(J12:J15) -> 0 | K16: =SUM(K12:K15) -> 0 | L16: =SUM(L12:L15) -> 0 | ... OO16: =SUM(OO12:OO15) -> 0
A17: 2 | B17: ='[1]6_VENEZOLANOS'!B17:B25 -> 045 | C17: FEBRERO | D17: FEMENINO | OO17: =SUM(E17:ON17)-SUM(NT17:NW17)-SUM(NZ17:OE17) -> 0
D18: MASCULINO | OO18: =SUM(E18:ON18)-SUM(NT18:NW18)-SUM(NZ18:OE18) -> 0
D19: OTRO | OO19: =SUM(E19:ON19)-SUM(NT19:NW19)-SUM(NZ19:OE19) -> 0
D20: TOTAL GENERO | E20: =SUM(E17:E19) -> 0 | F20: =SUM(F17:F19) -> 0 | G20: =SUM(G17:G19) -> 0 | H20: =SUM(H17:H19) -> 0 | I20: =SUM(I17:I19) -> 0 | J20: =SUM(J17:J19) -> 0 | K20: =SUM(K17:K19) -> 0 | L20: =SUM(L17:L19) -> 0 | ... OO20: =SUM(OO17:OO19) -> 0
D21: CONTRIBUTIVO | OO21: =SUM(E21:ON21)-SUM(NT21:NW21)-SUM(NZ21:OE21) -> 0
D22: SUBSIDIADO | OO22: =SUM(E22:ON22)-SUM(NT22:NW22)-SUM(NZ22:OE22) -> 0
D23: POBRE NO ASEGURADO | OO23: =SUM(E23:ON23)-SUM(NT23:NW23)-SUM(NZ23:OE23) -> 0
D24: REGIMEN ESPECIAL | OO24: =SUM(E24:ON24)-SUM(NT24:NW24)-SUM(NZ24:OE24) -> 0
D25: TOTAL REGIMEN | E25: =SUM(E21:E24) -> 0 | F25: =SUM(F21:F24) -> 0 | G25: =SUM(G21:G24) -> 0 | H25: =SUM(H21:H24) -> 0 | I25: =SUM(I21:I24) -> 0 | J25: =SUM(J21:J24) -> 0 | K25: =SUM(K21:K24) -> 0 | L25: =SUM(L21:L24) -> 0 | ... OO25: =SUM(OO21:OO24) -> 0
A26: 3 | B26: ='[1]6_VENEZOLANOS'!B26:B34 -> 075 | C26: MARZO | D26: FEMENINO | OO26: =SUM(E26:ON26)-SUM(NT26:NW26)-SUM(NZ26:OE26) -> 0
D27: MASCULINO | OO27: =SUM(E27:ON27)-SUM(NT27:NW27)-SUM(NZ27:OE27) -> 0
D28: OTRO | OO28: =SUM(E28:ON28)-SUM(NT28:NW28)-SUM(NZ28:OE28) -> 0
D29: TOTAL GENERO | E29: =SUM(E26:E28) -> 0 | F29: =SUM(F26:F28) -> 0 | G29: =SUM(G26:G28) -> 0 | H29: =SUM(H26:H28) -> 0 | I29: =SUM(I26:I28) -> 0 | J29: =SUM(J26:J28) -> 0 | K29: =SUM(K26:K28) -> 0 | L29: =SUM(L26:L28) -> 0 | ... OO29: =SUM(OO26:OO28) -> 0
D30: CONTRIBUTIVO | OO30: =SUM(E30:ON30)-SUM(NT30:NW30)-SUM(NZ30:OE30) -> 0
D31: SUBSIDIADO | OO31: =SUM(E31:ON31)-SUM(NT31:NW31)-SUM(NZ31:OE31) -> 0
D32: POBRE NO ASEGURADO | OO32: =SUM(E32:ON32)-SUM(NT32:NW32)-SUM(NZ32:OE32) -> 0
D33: REGIMEN ESPECIAL | OO33: =SUM(E33:ON33)-SUM(NT33:NW33)-SUM(NZ33:OE33) -> 0
D34: TOTAL REGIMEN | E34: =SUM(E30:E33) -> 0 | F34: =SUM(F30:F33) -> 0 | G34: =SUM(G30:G33) -> 0 | H34: =SUM(H30:H33) -> 0 | I34: =SUM(I30:I33) -> 0 | J34: =SUM(J30:J33) -> 0 | K34: =SUM(K30:K33) -> 0 | L34: =SUM(L30:L33) -> 0 | ... OO34: =SUM(OO30:OO33) -> 0
A35: 4 | B35: ='[1]6_VENEZOLANOS'!B35:B43 -> 088 | C35: ABRIL | D35: FEMENINO | OO35: =SUM(E35:ON35)-SUM(NT35:NW35)-SUM(NZ35:OE35) -> 0
D36: MASCULINO | OO36: =SUM(E36:ON36)-SUM(NT36:NW36)-SUM(NZ36:OE36) -> 0
D37: OTRO | OO37: =SUM(E37:ON37)-SUM(NT37:NW37)-SUM(NZ37:OE37) -> 0
D38: TOTAL GENERO | E38: =SUM(E35:E37) -> 0 | F38: =SUM(F35:F37) -> 0 | G38: =SUM(G35:G37) -> 0 | H38: =SUM(H35:H37) -> 0 | I38: =SUM(I35:I37) -> 0 | J38: =SUM(J35:J37) -> 0 | K38: =SUM(K35:K37) -> 0 | L38: =SUM(L35:L37) -> 0 | ... OO38: =SUM(OO35:OO37) -> 0
D39: CONTRIBUTIVO | OO39: =SUM(E39:ON39)-SUM(NT39:NW39)-SUM(NZ39:OE39) -> 0
D40: SUBSIDIADO | OO40: =SUM(E40:ON40)-SUM(NT40:NW40)-SUM(NZ40:OE40) -> 0
D41: POBRE NO ASEGURADO | OO41: =SUM(E41:ON41)-SUM(NT41:NW41)-SUM(NZ41:OE41) -> 0
D42: REGIMEN ESPECIAL | OO42: =SUM(E42:ON42)-SUM(NT42:NW42)-SUM(NZ42:OE42) -> 0
D43: TOTAL REGIMEN | E43: =SUM(E39:E42) -> 0 | F43: =SUM(F39:F42) -> 0 | G43: =SUM(G39:G42) -> 0 | H43: =SUM(H39:H42) -> 0 | I43: =SUM(I39:I42) -> 0 | J43: =SUM(J39:J42) -> 0 | K43: =SUM(K39:K42) -> 0 | L43: =SUM(L39:L42) -> 0 | ... OO43: =SUM(OO39:OO42) -> 0
A44: 5 | B44: ='[1]6_VENEZOLANOS'!B44:B52 -> 170 | C44: MAYO | D44: FEMENINO | OO44: =SUM(E44:ON44)-SUM(NT44:NW44)-SUM(NZ44:OE44) -> 0
D45: MASCULINO | OO45: =SUM(E45:ON45)-SUM(NT45:NW45)-SUM(NZ45:OE45) -> 0
D46: OTRO | OO46: =SUM(E46:ON46)-SUM(NT46:NW46)-SUM(NZ46:OE46) -> 0
D47: TOTAL GENERO | E47: =SUM(E44:E46) -> 0 | F47: =SUM(F44:F46) -> 0 | G47: =SUM(G44:G46) -> 0 | H47: =SUM(H44:H46) -> 0 | I47: =SUM(I44:I46) -> 0 | J47: =SUM(J44:J46) -> 0 | K47: =SUM(K44:K46) -> 0 | L47: =SUM(L44:L46) -> 0 | ... OO47: =SUM(OO44:OO46) -> 0
D48: CONTRIBUTIVO | OO48: =SUM(E48:ON48)-SUM(NT48:NW48)-SUM(NZ48:OE48) -> 0
D49: SUBSIDIADO | OO49: =SUM(E49:ON49)-SUM(NT49:NW49)-SUM(NZ49:OE49) -> 0
D50: POBRE NO ASEGURADO | OO50: =SUM(E50:ON50)-SUM(NT50:NW50)-SUM(NZ50:OE50) -> 0
D51: REGIMEN ESPECIAL | OO51: =SUM(E51:ON51)-SUM(NT51:NW51)-SUM(NZ51:OE51) -> 0
D52: TOTAL REGIMEN | E52: =SUM(E48:E51) -> 0 | F52: =SUM(F48:F51) -> 0 | G52: =SUM(G48:G51) -> 0 | H52: =SUM(H48:H51) -> 0 | I52: =SUM(I48:I51) -> 0 | J52: =SUM(J48:J51) -> 0 | K52: =SUM(K48:K51) -> 0 | L52: =SUM(L48:L51) -> 0 | ... OO52: =SUM(OO48:OO51) -> 0
A53: 6 | B53: ='[1]6_VENEZOLANOS'!B53:B61 -> 318 | C53: JUNIO | D53: FEMENINO | OO53: =SUM(E53:ON53)-SUM(NT53:NW53)-SUM(NZ53:OE53) -> 0
D54: MASCULINO | OO54: =SUM(E54:ON54)-SUM(NT54:NW54)-SUM(NZ54:OE54) -> 0
D55: OTRO | OO55: =SUM(E55:ON55)-SUM(NT55:NW55)-SUM(NZ55:OE55) -> 0
D56: TOTAL GENERO | E56: =SUM(E53:E55) -> 0 | F56: =SUM(F53:F55) -> 0 | G56: =SUM(G53:G55) -> 0 | H56: =SUM(H53:H55) -> 0 | I56: =SUM(I53:I55) -> 0 | J56: =SUM(J53:J55) -> 0 | K56: =SUM(K53:K55) -> 0 | L56: =SUM(L53:L55) -> 0 | ... OO56: =SUM(OO53:OO55) -> 0
D57: CONTRIBUTIVO | OO57: =SUM(E57:ON57)-SUM(NT57:NW57)-SUM(NZ57:OE57) -> 0
D58: SUBSIDIADO | OO58: =SUM(E58:ON58)-SUM(NT58:NW58)-SUM(NZ58:OE58) -> 0
D59: POBRE NO ASEGURADO | OO59: =SUM(E59:ON59)-SUM(NT59:NW59)-SUM(NZ59:OE59) -> 0
D60: REGIMEN ESPECIAL | OO60: =SUM(E60:ON60)-SUM(NT60:NW60)-SUM(NZ60:OE60) -> 0
D61: TOTAL REGIMEN | E61: =SUM(E57:E60) -> 0 | F61: =SUM(F57:F60) -> 0 | G61: =SUM(G57:G60) -> 0 | H61: =SUM(H57:H60) -> 0 | I61: =SUM(I57:I60) -> 0 | J61: =SUM(J57:J60) -> 0 | K61: =SUM(K57:K60) -> 0 | L61: =SUM(L57:L60) -> 0 | ... OO61: =SUM(OO57:OO60) -> 0
A62: 7 | B62: ='[1]6_VENEZOLANOS'!B62:B70 -> 383 | C62: JULIO | D62: FEMENINO | OO62: =SUM(E62:ON62)-SUM(NT62:NW62)-SUM(NZ62:OE62) -> 0
D63: MASCULINO | OO63: =SUM(E63:ON63)-SUM(NT63:NW63)-SUM(NZ63:OE63) -> 0
D64: OTRO | OO64: =SUM(E64:ON64)-SUM(NT64:NW64)-SUM(NZ64:OE64) -> 0
D65: TOTAL GENERO | E65: =SUM(E62:E64) -> 0 | F65: =SUM(F62:F64) -> 0 | G65: =SUM(G62:G64) -> 0 | H65: =SUM(H62:H64) -> 0 | I65: =SUM(I62:I64) -> 0 | J65: =SUM(J62:J64) -> 0 | K65: =SUM(K62:K64) -> 0 | L65: =SUM(L62:L64) -> 0 | ... OO65: =SUM(OO62:OO64) -> 0
D66: CONTRIBUTIVO | OO66: =SUM(E66:ON66)-SUM(NT66:NW66)-SUM(NZ66:OE66) -> 0
D67: SUBSIDIADO | OO67: =SUM(E67:ON67)-SUM(NT67:NW67)-SUM(NZ67:OE67) -> 0
D68: POBRE NO ASEGURADO | OO68: =SUM(E68:ON68)-SUM(NT68:NW68)-SUM(NZ68:OE68) -> 0
D69: REGIMEN ESPECIAL | OO69: =SUM(E69:ON69)-SUM(NT69:NW69)-SUM(NZ69:OE69) -> 0
D70: TOTAL REGIMEN | E70: =SUM(E66:E69) -> 0 | F70: =SUM(F66:F69) -> 0 | G70: =SUM(G66:G69) -> 0 | H70: =SUM(H66:H69) -> 0 | I70: =SUM(I66:I69) -> 0 | J70: =SUM(J66:J69) -> 0 | K70: =SUM(K66:K69) -> 0 | L70: =SUM(L66:L69) -> 0 | ... OO70: =SUM(OO66:OO69) -> 0
A71: 8 | B71: ='[1]6_VENEZOLANOS'!B71:B79 -> 400 | C71: AGOSTO | D71: FEMENINO | OO71: =SUM(E71:ON71)-SUM(NT71:NW71)-SUM(NZ71:OE71) -> 0
D72: MASCULINO | OO72: =SUM(E72:ON72)-SUM(NT72:NW72)-SUM(NZ72:OE72) -> 0
D73: OTRO | OO73: =SUM(E73:ON73)-SUM(NT73:NW73)-SUM(NZ73:OE73) -> 0
D74: TOTAL GENERO | E74: =SUM(E71:E73) -> 0 | F74: =SUM(F71:F73) -> 0 | G74: =SUM(G71:G73) -> 0 | H74: =SUM(H71:H73) -> 0 | I74: =SUM(I71:I73) -> 0 | J74: =SUM(J71:J73) -> 0 | K74: =SUM(K71:K73) -> 0 | L74: =SUM(L71:L73) -> 0 | ... OO74: =SUM(OO71:OO73) -> 0
D75: CONTRIBUTIVO | OO75: =SUM(E75:ON75)-SUM(NT75:NW75)-SUM(NZ75:OE75) -> 0
D76: SUBSIDIADO | OO76: =SUM(E76:ON76)-SUM(NT76:NW76)-SUM(NZ76:OE76) -> 0
D77: POBRE NO ASEGURADO | OO77: =SUM(E77:ON77)-SUM(NT77:NW77)-SUM(NZ77:OE77) -> 0
D78: REGIMEN ESPECIAL | OO78: =SUM(E78:ON78)-SUM(NT78:NW78)-SUM(NZ78:OE78) -> 0
D79: TOTAL REGIMEN | E79: =SUM(E75:E78) -> 0 | F79: =SUM(F75:F78) -> 0 | G79: =SUM(G75:G78) -> 0 | H79: =SUM(H75:H78) -> 0 | I79: =SUM(I75:I78) -> 0 | J79: =SUM(J75:J78) -> 0 | K79: =SUM(K75:K78) -> 0 | L79: =SUM(L75:L78) -> 0 | ... OO79: =SUM(OO75:OO78) -> 0
A80: 9 | B80: ='[1]6_VENEZOLANOS'!B80:B88 -> 440 | C80: SEPTIEMBRE | D80: FEMENINO | OO80: =SUM(E80:ON80)-SUM(NT80:NW80)-SUM(NZ80:OE80) -> 0
D81: MASCULINO | OO81: =SUM(E81:ON81)-SUM(NT81:NW81)-SUM(NZ81:OE81) -> 0
D82: OTRO | OO82: =SUM(E82:ON82)-SUM(NT82:NW82)-SUM(NZ82:OE82) -> 0
D83: TOTAL GENERO | E83: =SUM(E80:E82) -> 0 | F83: =SUM(F80:F82) -> 0 | G83: =SUM(G80:G82) -> 0 | H83: =SUM(H80:H82) -> 0 | I83: =SUM(I80:I82) -> 0 | J83: =SUM(J80:J82) -> 0 | K83: =SUM(K80:K82) -> 0 | L83: =SUM(L80:L82) -> 0 | ... OO83: =SUM(OO80:OO82) -> 0
D84: CONTRIBUTIVO | OO84: =SUM(E84:ON84)-SUM(NT84:NW84)-SUM(NZ84:OE84) -> 0
D85: SUBSIDIADO | OO85: =SUM(E85:ON85)-SUM(NT85:NW85)-SUM(NZ85:OE85) -> 0
D86: POBRE NO ASEGURADO | OO86: =SUM(E86:ON86)-SUM(NT86:NW86)-SUM(NZ86:OE86) -> 0
D87: REGIMEN ESPECIAL | OO87: =SUM(E87:ON87)-SUM(NT87:NW87)-SUM(NZ87:OE87) -> 0
D88: TOTAL REGIMEN | E88: =SUM(E84:E87) -> 0 | F88: =SUM(F84:F87) -> 0 | G88: =SUM(G84:G87) -> 0 | H88: =SUM(H84:H87) -> 0 | I88: =SUM(I84:I87) -> 0 | J88: =SUM(J84:J87) -> 0 | K88: =SUM(K84:K87) -> 0 | L88: =SUM(L84:L87) -> 0 | ... OO88: =SUM(OO84:OO87) -> 0
A89: 10 | B89: ='[1]6_VENEZOLANOS'!B89:B97 -> 456 | C89: OCTUBRE | D89: FEMENINO | OO89: =SUM(E89:ON89)-SUM(NT89:NW89)-SUM(NZ89:OE89) -> 0
D90: MASCULINO | OO90: =SUM(E90:ON90)-SUM(NT90:NW90)-SUM(NZ90:OE90) -> 0
D91: OTRO | OO91: =SUM(E91:ON91)-SUM(NT91:NW91)-SUM(NZ91:OE91) -> 0
D92: TOTAL GENERO | E92: =SUM(E89:E91) -> 0 | F92: =SUM(F89:F91) -> 0 | G92: =SUM(G89:G91) -> 0 | H92: =SUM(H89:H91) -> 0 | I92: =SUM(I89:I91) -> 0 | J92: =SUM(J89:J91) -> 0 | K92: =SUM(K89:K91) -> 0 | L92: =SUM(L89:L91) -> 0 | ... OO92: =SUM(OO89:OO91) -> 0
D93: CONTRIBUTIVO | OO93: =SUM(E93:ON93)-SUM(NT93:NW93)-SUM(NZ93:OE93) -> 0
D94: SUBSIDIADO | OO94: =SUM(E94:ON94)-SUM(NT94:NW94)-SUM(NZ94:OE94) -> 0
D95: POBRE NO ASEGURADO | OO95: =SUM(E95:ON95)-SUM(NT95:NW95)-SUM(NZ95:OE95) -> 0
D96: REGIMEN ESPECIAL | OO96: =SUM(E96:ON96)-SUM(NT96:NW96)-SUM(NZ96:OE96) -> 0
D97: TOTAL REGIMEN | E97: =SUM(E93:E96) -> 0 | F97: =SUM(F93:F96) -> 0 | G97: =SUM(G93:G96) -> 0 | H97: =SUM(H93:H96) -> 0 | I97: =SUM(I93:I96) -> 0 | J97: =SUM(J93:J96) -> 0 | K97: =SUM(K93:K96) -> 0 | L97: =SUM(L93:L96) -> 0 | ... OO97: =SUM(OO93:OO96) -> 0
A98: 11 | B98: ='[1]6_VENEZOLANOS'!B98:B106 -> 572 | C98: NOVIEMBRE | D98: FEMENINO | OO98: =SUM(E98:ON98)-SUM(NT98:NW98)-SUM(NZ98:OE98) -> 0
D99: MASCULINO | OO99: =SUM(E99:ON99)-SUM(NT99:NW99)-SUM(NZ99:OE99) -> 0
D100: OTRO | OO100: =SUM(E100:ON100)-SUM(NT100:NW100)-SUM(NZ100:OE100) -> 0
...

Sheet 2_ECUADOR
E1: =D1+1 -> 1 | F1: =E1+1 -> 2 | G1: =F1+1 -> 3 | H1: =G1+1 -> 4 | I1: =H1+1 -> 5 | J1: =I1+1 -> 6 | K1: =J1+1 -> 7 | L1: =K1+1 -> 8 | ... ON1: =OM1+1 -> 400
A2: NOMBRE DEPARTAMENTO: | D2: ='6_VENEZOLANOS'!D2 -> RISARALDA | E2: CODIGO DEPARTAMENTO: | G2: ='6_VENEZOLANOS'!G2 -> 66 | H2: =G2 -> 66
A3: AÑO: | D3: ='6_VENEZOLANOS'!D3 -> 2026 | HE3: DE 1 AÑO 2022 | HF3: DE 2 AÑOS 2021 | HG3: DE 3 AÑOS 2020 | HH3: DE 4 AÑOS 2019 | HI3: DE 5 AÑOS 2018 | HJ3: DE 6 AÑOS 2017 | HK3: DE 7 AÑOS 2016 | HL3: DE 8 AÑOS 2015 | HM3: DE 9 AÑOS 2014 | HN3: DE 10 AÑOS 2013 | HO3: DE 11 AÑOS 2012 | HP3: DE 12 AÑOS 2011 | HQ3: DE 13 AÑOS 2010 | HR3: DE 14 AÑOS 2009 | HS3: DE 15 AÑOS 2008 | HT3: DE 16 AÑOS 2007 | HU3: DE 17 AÑOS 2006 | OG3: .
A4: MES DE REPORTE | D4: ='6_VENEZOLANOS'!D4 -> agosto | F4: VACUNAS PAI | S4: VACUNAS PAI | BV4: VACUNAS PAI | CW4: VACUNAS PAI | EI4: VACUNAS PAI | FE4: VACUNAS PAI | JZ4: VACUNAS PAI | NH4: VACUNAS PAI | OF4: VACUNAS PAI
A5: MUNICIPIO | D5: REGIMEN / GRUPO ETNICO | E5: BCG | H5: HEPATITIS B | AE5: HEPATITIS B (RESOLUCION. 0459/2012 y Circular 031/2014) | BK5: POBLACION PRIORIZADA PARA HEPATITIS B | BO5: ANTIPOLIO INACTIVADA (VIP) | CU5: HEXAVALENTE (DPTa-HB-Hib-VIP) | CX5: PENTAVALENTE DPT - HB - Hib | DI5: DPT | DV5: TDaP Acelular Pediatrica | FA5: ROTAVIRUS | FC5: NEUMOCOCO CONJUGADA DECAVALENTE | FI5: NEUMOCOCO CONJUGADA TRECEVALENTE | FO5: SRP (TRIPLE VIRAL) | GI5: SR (DOBLE VIRAL) | HD5: FIEBRE AMARILLA DOSIS UNICA | IC5: HEPATITIS A (Cohorte de nacidos a partir de 1 de enero de 2012) | IP5: VARICELA (Cohorte de nacidos a partir de 1 de julio de 2014) | JH5: TOXOIDE TETANICO-DIFTERICO DE ADULTOS (Td) | LM5: Tdap ACELULAR (Se debe garantizar una dosis por cada embarazo y se aplica a partir de las semana 26 y zona rural a partir de la semana 20 y otros grupos de dificil acceso o captación) | LZ5: INFLUENZA | MR5: MENINGOCOCO USO EN BROTES (Serogrupo A, C, Y y W-135) | MX5: V P H | NH5: ANTIRRABICA HUMANA PRE/POST-EXPOSICION | NW5: INMUNOGLOBULINA ANTI HEPATITIS B | OB5: INMUNOGLOBULINAS /ANTITOXINAS TETÁNICAS | OD5: ANTI TOXINA DIFTERICA (Suero heterólogo) | OF5: COVID 19
E6: RECIEN NACIDO (DE 0 HASTA 29 DÍAS) | F6: MENOR DE UN AÑO (A PARTIR DE 30 DIAS HASTA 11 MESES 29 DIAS) | G6: POBLACION INDIGENA Y RURAL DISPERSA (DE 1 AÑO A 5 AÑOS, 11 MESES, 29 DIAS) | H6: RECIEN NACIDO (HASTA 29 DÍAS) | J6: DE 2 A 11 MESES 29 DÍAS | M6: DE 1 AÑO | P6: DE 2 AÑOS | S6: DE 3 AÑOS | V6: DE 4 AÑOS | Y6: DE 5 AÑOS | AB6: DE 6 a 17 AÑOS 11 MESES Y 29 DIAS (ICBF) | AE6: DE 1 AÑO | AI6: DE 2 AÑOS | AM6: DE 3 AÑOS | AQ6: DE 4 AÑOS | AU6: DE 5 AÑOS | AY6: 6 A 14 AÑOS | BC6: DE 15 AÑOS A 17 AÑOS | BG6: DE 18 AÑOS Y MAS | BO6: < DE 1 AÑO | BR6: DE 1 AÑO | BU6: DE 2 AÑOS | BX6: DE 3 AÑOS | CA6: DE 4 AÑOS | CD6: DE 5 AÑOS | CG6: AL AÑO DE LA 3ra DOSIS (De 18 a 23 meses) | CH6: DE 2 AÑOS | CI6: DE 3 AÑOS | CJ6: DE 4 AÑOS | CK6: DE 5 AÑOS | CL6: DE 5 AÑOS | CM6: DE 6 AÑOS | CP6: DE 7 A 17 AÑOS (AUTORIZADAS POR EL MINISTERIO) | CS6: DE 18 A 60 AÑOS (AUTORIZADAS POR EL MINISTERIO) | CU6: < DE 1 AÑO (Prematuros Extremos (MENOR DE 1500 GRAMOS según lineamientos) | CX6: < DE 1 AÑO | DA6: De 18 a 23 meses | DB6: DE 1 AÑO (12 a 23 meses) Sin antecedente de Penta | DE6: DE 2 AÑOS (24 a 35 meses) Sin antecedente de Penta | DF6: DE 3 AÑOS (36 a 47 meses) Sin antecedente de Penta | DG6: DE 4 AÑOS (48 a 70 meses) Sin antecedente de Penta | DH6: 5 AÑOS HASTA UN DIA ANTES DE CUMPLIR LOS 6 AÑOS | DI6: DE 2 AÑOS | DL6: DE 3 AÑOS | DO6: DE 4 AÑOS | DR6: DE 5 AÑOS | DV6: < DE 1 AÑO | DY6: DE 1 AÑO | EB6: DE 2 AÑOS | EE6: DE 3 AÑOS | EH6: DE 4 AÑOS | EK6: DE 5 AÑOS | EN6: De 18 a 23 meses | EO6: DE 2 AÑOS | EP6: DE 3 AÑOS | EQ6: DE 4 AÑOS | ER6: DE 5 AÑOS | ES6: 3 AÑOS | ET6: 4 AÑOS | EU6: 5 AÑOS | EV6: DE 6 AÑOS | FA6: DE 2 MESES A 3 MESES y 21 DIAS | FB6: DE 4 MESES A LOS 11 MESES y 29 DIAS | FC6: DE 2 A 11 MESES 29 DIAS | FE6: DE 12 MESES A 23 MESES | FH6: DE 24 MESES A 71 MESES 29 DIAS | FI6: DE 2 A 11 MESES 29 DIAS | FK6: DE 12 A 23 MESES | FL6: DE 12 A 23 MESES | FN6: DE 24 MESES A 71 MESES 29 DIAS | FO6: PRIMERA DOSIS (Se deben registrar las dosis aplicadas en población nacida del 1 de enero al 31 de diciembre de cada año) | FY6: SEGUNDA DOSIS | GI6: DOSIS CERO | GJ6: DOSIS UNICA | HD6: DE 1 AÑO 2024 | HE6: DE 2 AÑOS 2023 | HF6: DE 3 AÑOS 2022 | HG6: DE 4 AÑOS 2021 | HH6: DE 5 AÑOS 2020 | HI6: DE 6 AÑOS 2019 | HJ6: DE 7 AÑOS 2018 | HK6: DE 8 AÑOS 2017 | HL6: DE 9 AÑOS 2016 | HM6: DE 10 AÑOS 2015 | HN6: DE 11 AÑOS 2014 | HO6: DE 12 AÑOS 2013 | HP6: DE 13 AÑOS 2012 | HQ6: DE 14 AÑOS 2011 | HR6: DE 15 AÑOS 2010 | HS6: DE 16 AÑOS 2009 | HT6: DE 17 AÑOS 2008 | HU6: DE 18 AÑOS 2007 | HV6: DE 19 AÑOS 2006 | HW6: 20 A 30 AÑOS (2007-1994) | HX6: 31 A 40 AÑOS | HY6: 41 A 50 AÑOS | HZ6: 51 A 59 AÑOS | IA6: 60 A 69 AÑOS (previa autorizacion del Ministerio). | IB6: EN SITUACIÓN DE BROTE Y PAISES QUE EXIGEN ANTECEDENTE VACUNAL | IC6: DOSIS ÚNICA | IP6: PRIMERA DOSIS | JA6: REFUERZO (aplicadas a partir del 1 de julio de 2019) | JH6: NIÑOS Y NIÑAS DE 7 A 9 AÑOS | JM6: GESTANTES DE 9 AÑOS A 17 AÑOS | JR6: GESTANTES DE 18 AÑOS Y MAS | JW6: REFUERZOS GESTANTES 15 A 49 AÑOS | KA6: MUJERES EN EDAD FERTIL (MEF) DE 10 AÑOS A 17 AÑOS | KF6: MUJERES EN EDAD FERTIL (MEF) DE 18 A 49 AÑOS | KK6: REFUERZOS MEF DE 15 A 49 AÑOS | KO6: HOMBRES DE 10 A 17 AÑOS | KT6: HOMBRES DE 18 A 49 AÑOS | KY6: REFUERZOS HOMBRES DE 15 A 49 AÑOS | LC6: OTROS DE 50 A 59 AÑOS | LH6: OTROS DE 60 AÑOS Y MAS | LM6: GESTANTES DE 9 A 17 AÑOS de acuerdo al lineamiento | LS6: GESTANTES DE 18 AÑOS Y MAS, de acuerdo al lineamiento | LY6: UNICA DOSIS OTROS GRUPOS (Con Autorizacion del MSPS ) | LZ6: DE 6 MESES A 11 MESES | MB6: DE 12 MESES A 23 MESES | ME6: 24 A 35 MESES SEGÚN AUTORIZACION DEL MINISTERIO | MH6: DE 50 a 59 AÑOS (SEGÚN AUTORIZACION DEL MINISTERIO) | MI6: DE 60 Y MAS AÑOS | MJ6: GESTANTES A PARTIR DE LA SEMANA 14 | MK6: DE 3 A 8 AÑOS (Poblaciones autorizadas de acuerdo a los lineamientos emitidos por el MSPS ) | MN6: DE 9 A 17 AÑOS (Poblaciones con diagnóstico de riesgo, recibir de acuerdo a los lineamientos emitidos por el MSPS ) | MO6: DE 18 A 59 AÑOS (Poblaciones con diagnóstico de riesgo de acuerdo a los lineamientos emitidos por el MSPS) | MP6: PERSONAL DE LA SALUD | MQ6: Familiares y convivientes de menores de 18 años con Cancér (Ley 1388/2010) | MR6: DE 6 A 11 MESES | MU6: 12 A 23 MESES | MW6: MAYORES DE 2 AÑOS | MX6: 9 AÑOS | MY6: 10 AÑOS | MZ6: 11 AÑOS | NA6: 12 AÑOS | NB6: 13 AÑOS | NC6: 14 AÑOS | ND6: 15 AÑOS | NE6: 16 AÑOS | NF6: 17 AÑOS | NG6: 2as Dosis Inmunosuprimidos, según linemientos del 30 de septiembre/2023 | NH6: ESQUEMA PRE EXPOSICIÓN OPCION 1 (I.D.) (Se aplica previa autorización del Ministerio) | NJ6: ESQUEMA PRE EXPOSICIÓN OPCION 2 (I.M.) (Se aplica previa autorización del Ministerio) | NL6: ESQUEMA POST EXPOSICION Número de dosis aplicadas | NQ6: ESQUEMA RE-EXPOSICIÓN | NT6: TOTAL DE ESQUEMAS POST EXPOSICION (USUARIOS CON ESQUEMA DE VACUNACION COMPLETO) | NU6: INMUNOGLOBULINA ANTIRRÁBICA (Número de frascos utilizados) | NV6: No. De personas que recibieron inmunoglobulina antirrabica. | NW6: RECIEN NACIDO (Hijo de Madre Antigenos + para HB) | NZ6: RESOLUCION 0459/2012- Circular 031/2014) | OB6: INMUNOGLOBULINA ANTI TETANICA (Suero homólogo) | OF6: DE 6 MESES A 4 AÑOS | OI6: DE 5 AÑOS A 11 AÑOS | OJ6: DE 12 A 59 AÑOS | OK6: GESTANTES | OL6: MAYORES DE 60 AÑOS | OM6: TALENTO HUMANO EN SALUD | ON6: DE 12 AÑOS A 59 AÑOS PERSONAS CON COMORBILIDADES
A7: Nº | B7: COD DANE MPIO | C7: NOMBRE MUNICIPIO/ IPS | H7: RECIEN NACIDO (Primeras 12 Horas) | I7: RECIEN NACIDO Entre 12 horas y 29 dias | J7: 1a | K7: 2a | L7: 3a | M7: 1a | N7: 2a | O7: 3a | P7: 1a | Q7: 2a | R7: 3a | S7: 1a | T7: 2a | U7: 3a | V7: 1a | W7: 2a | X7: 3a | Y7: 1a | Z7: 2a | AA7: 3a | AB7: 1a | AC7: 2a | AD7: 3a | AE7: 1a | AF7: 2a | AG7: 3a | AH7: Ref. | AI7: 1a | AJ7: 2a | AK7: 3a | AL7: Ref. | AM7: 1a | AN7: 2a | AO7: 3a | AP7: Ref. | AQ7: 1a | AR7: 2a | AS7: 3a | AT7: Ref. | AU7: 1a | AV7: 2a | AW7: 3a | AX7: Ref. | AY7: 1a | AZ7: 2a | BA7: 3a | BB7: Ref. | BC7: 1a | BD7: 2a | BE7: 3a | BF7: Ref. | BG7: 1a | BH7: 2a | BI7: 3a | BJ7: Ref. | BK7: 1a | BL7: 2a | BM7: 3a | BN7: Ref- | BO7: 1a | BP7: 2a | BQ7: 3a | BR7: 1a | BS7: 2a | BT7: 3a | BU7: 1a | BV7: 2a | BW7: 3a | BX7: 1a | BY7: 2a | BZ7: 3a | CA7: 1a | CB7: 2a | CC7: 3a | CD7: 1a | CE7: 2a | CF7: 3a | CG7: Primer Refuerzo | CL7: Segundo Refuerzo | CM7: 1a | CN7: 2a | CO7: 3a | CP7: 1a | CQ7: 2a | CR7: 3a | CS7: 1a | CT7: 2a | CU7: 1a | CV7: 2a | CW7: 3a | CX7: 1a | CY7: 2a | CZ7: 3a | DA7: 1er REF de acuerdo a lineamiento | DB7: 1a | DC7: 2a | DD7: 3a | DE7: Unica | DF7: Unica | DG7: Unica | DH7: Unica | DI7: 2a | DJ7: 3a | DK7: REF. | DL7: 2a | DM7: 3a | DN7: REF. | DO7: 2a | DP7: 3a | DQ7: REF. | DR7: 2a | DS7: 3a | DT7: 1° REF. | DU7: 2° REF. | DV7: 1a | DW7: 2a | DX7: 3a | DY7: 1a | DZ7: 2a | EA7: 3a | EB7: 1a | EC7: 2a | ED7: 3a | EE7: 1a | EF7: 2a | EG7: 3a | EH7: 1a | EI7: 2a | EJ7: 3a | EK7: 1a | EL7: 2a | EM7: 3a | EN7: 1er REF. | ES7: 2° REF. | EV7: 1a | EW7: 2a | EX7: 3a | EY7: 1er REF. | EZ7: 2° REF. | FA7: 1a | FB7: 2a | FC7: 1a | FD7: 2a | FE7: REF. | FF7: 1a | FG7: 2a | FH7: ÚNICA | FI7: 1a | FJ7: 2a | FK7: REF. | FL7: 1a | FM7: 2a | FN7: ÚNICA | FO7: Nacidos 2024 1 año | FP7: Nacidos 2023 2 años | FQ7: Nacidos 2022 3 años | FR7: Nacidos 2021 4 años | FS7: Nacidos 2020 5 años | FT7: Nacidos 2019 6 años | FU7: Nacidos 2018 7 años | FV7: Nacidos 2017 8 años | FW7: Nacidos 2016 9 años | FX7: Nacidos 2015 10 años | FY7: De 18 a 23 meses | FZ7: Nacidos 2023 (Seguimiento) 2 años | GA7: Nacidos 2022 (Seguimiento) 3 años | GB7: Nacidos 2021 (Seguimiento) 4 años | GC7: Nacidos 2020 5 años | GD7: Nacidos 2019 6 años | GE7: Nacidos 2018 7 años | GF7: Nacidos 2017 8 años | GG7: Nacidos 2016 9 años | GH7: Nacidos 2015 10 años | GI7: SR * 6 a 11 MESES 29 DIAS | GJ7: DE 1 AÑO 2024 | GK7: DE 2 AÑOS 2023 | GL7: DE 3 AÑOS 2022 | GM7: DE 4 AÑOS 2021 | GN7: DE 5 AÑOS 2020 | GO7: DE 6 AÑOS 2019 | GP7: DE 7 AÑOS 2018 | GQ7: DE 8 AÑOS 2017 | GR7: DE 9 AÑOS 2016 | GS7: DE 10 AÑOS 2015 | GT7: DE 11 AÑOS 2014 | GU7: DE 12 AÑOS 2013 | GV7: DE 13 AÑOS 2012 | GW7: DE 14 AÑOS 2011 | GX7: DE 15 AÑOS 2010 | GY7: DE 16 AÑOS 2009 | GZ7: DE 17 AÑOS 2008 | HA7: 18 A 30 AÑOS | HB7: 31 A 40 AÑOS | HC7: 41 Y MAS AÑOS | IB7: 9 meses a 11 meses (Con Autorizacion del MSPS de acuerdo a Lineamientos) | IC7: DE 1 AÑO 2024 | ID7: DE 2 AÑOS 2023 | IE7: DE 3 AÑOS 2022 | IF7: DE 4 AÑOS 2021 | IG7: DE 5 AÑOS 2020 | IH7: DE 6 AÑOS 2019 | II7: DE 7 AÑOS 2018 | IJ7: DE 8 AÑOS 2017 | IK7: DE 9 AÑOS 2016 | IL7: DE 10 AÑOS 2015 | IM7: DE 11 AÑOS 2014 | IN7: DE 12 AÑOS 2013 | IO7: DE 13 AÑOS 2012 | IP7: DE 1 AÑO 2024 | IQ7: DE 2 AÑOS 2023 | IR7: DE 3 AÑOS 2022 | IS7: DE 4 AÑOS 2021 | IT7: DE 5 AÑOS 2020 | IU7: DE 6 AÑOS 2019 | IV7: DE 7 AÑOS 2018 | IW7: DE 8 AÑOS 2017 | IX7: DE 9 AÑOS 2016 | IY7: DE 10 AÑOS 2015 | IZ7: DE 11 AÑOS 2014 | JA7: DE 5 AÑOS 2024 | JB7: DE 6 AÑOS 2023 | JC7: DE 7 AÑOS 2022 | JD7: DE 8 AÑOS 2021 | JE7: DE 9 AÑOS 2020 | JF7: DE 10 AÑOS 2019 | JG7: DE 11 AÑOS 2018 | JH7: Td1 | JI7: Td2 | JJ7: Td3 | JK7: Ref 1 | JL7: Ref 2 | JM7: Td1 | JN7: Td2 | JO7: Td3 | JP7: Td4 | JQ7: Td5 | JR7: Td1 | JS7: Td2 | JT7: Td3 | JU7: Td4 | JV7: Td5 | JW7: REF. 1 | JX7: REF. 2 | JY7: REF. 3 | JZ7: REF. 4 | KA7: Td1 | KB7: Td2 | KC7: Td3 | KD7: Td4 | KE7: Td5 | KF7: Td1 | KG7: Td2 | KH7: Td3 | KI7: Td4 | KJ7: Td5 | KK7: REF. 1 | KL7: REF. 2 | KM7: REF. 3 | KN7: REF. 4 | KO7: Td1 | KP7: Td2 | KQ7: Td3 | KR7: Td4 | KS7: Td5 | KT7: Td1 | KU7: Td2 | KV7: Td3 | KW7: Td4 | KX7: Td5 | KY7: REF. 1 | KZ7: REF. 2 | LA7: REF. 3 | LB7: REF. 4 | LC7: Td1 | LD7: Td2 | LE7: Td3 | LF7: Td4 | LG7: Td5 | LH7: Td1 | LI7: Td2 | LJ7: Td3 | LK7: Td4 | LL7: Td5 | LM7: UNICA DOSIS EN CADA EMBARAZO | LN7: Td1 | LO7: Td2 | LP7: Td3 | LQ7: Td4 | LR7: Td5 | LS7: UNICA DOSIS EN CADA EMBARAZO | LT7: Td1 | LU7: Td2 | LV7: Td3 | LW7: Td4 | LX7: Td5 | LZ7: 1a | MA7: 2a | MB7: 1a | MC7: 2a | MD7: ÚNICA | ME7: 1a | MF7: 2a | MG7: ÚNICA | MH7: ÚNICA | MI7: ÚNICA | MJ7: ÚNICA | MK7: 1a | ML7: 2a | MM7: ÚNICA | MN7: ÚNICA | MO7: ÚNICA | MP7: ÚNICA | MQ7: ÚNICA | MR7: 1a | MS7: 2a | MT7: 3a | MU7: 1a | MV7: 2a | MW7: ÚNICA | MX7: Dosis Ùnica | NH7: 1a. y 2a día 0 | NI7: 3a y 4a. día 7 | NJ7: 1a . día 0 | NK7: 2a. día 7 | NL7: 1a. día 0 | NM7: 2a. dia 3 | NN7: 3a. día 7 | NO7: 4a . día 14 | NP7: 5a . día 21 a 28 | NQ7: 1a . día 0 | NR7: 2a. día 3 | NS7: 3a. día 7 a 14 | NT7: Número de usuarios | NW7: Número de frascos utilizados | NX7: N° recién nacidos que recibieron dosis de Ig en las primeras 12 horas | NY7: N° recién nacidos que recibieron dosis de Ig despues de las primeras 12 horas | NZ7: Número de frascos utilizados | OA7: N° Personas que recibieron dosis de Ig | OB7: Número de frascos utilizados | OC7: N° Personas que recibieron dosis de Ig | OD7: Número de frascos utilizados | OE7: N° Personas que recibieron dosis de antitoxina | OF7: Primera dosis | OG7: Segunda dosis | OH7: Adicional | OI7: Adicional | OJ7: Adicional | OK7: Adicional | OL7: Adicional | OM7: Adicional | ON7: Adicional | OO7: TOTAL DOSIS
A8: 1 | B8: ='[1]6_VENEZOLANOS'!B8:B16 -> 001 | C8: ENERO | D8: FEMENINO | OO8: =SUM(E8:ON8)-SUM(NT8:NW8)-SUM(NZ8:OE8) -> 0
D9: MASCULINO | OO9: =SUM(E9:ON9)-SUM(NT9:NW9)-SUM(NZ9:OE9) -> 0
D10: OTRO | OO10: =SUM(E10:ON10)-SUM(NT10:NW10)-SUM(NZ10:OE10) -> 0
D11: TOTAL GENERO | E11: =SUM(E8:E10) -> 0 | F11: =SUM(F8:F10) -> 0 | G11: =SUM(G8:G10) -> 0 | H11: =SUM(H8:H10) -> 0 | I11: =SUM(I8:I10) -> 0 | J11: =SUM(J8:J10) -> 0 | K11: =SUM(K8:K10) -> 0 | L11: =SUM(L8:L10) -> 0 | ... OO11: =SUM(OO8:OO10) -> 0
D12: CONTRIBUTIVO | OO12: =SUM(E12:ON12)-SUM(NT12:NW12)-SUM(NZ12:OE12) -> 0
D13: SUBSIDIADO | OO13: =SUM(E13:ON13)-SUM(NT13:NW13)-SUM(NZ13:OE13) -> 0
D14: POBRE NO ASEGURADO | OO14: =SUM(E14:ON14)-SUM(NT14:NW14)-SUM(NZ14:OE14) -> 0
D15: REGIMEN ESPECIAL | OO15: =SUM(E15:ON15)-SUM(NT15:NW15)-SUM(NZ15:OE15) -> 0
D16: TOTAL REGIMEN | E16: =SUM(E12:E15) -> 0 | F16: =SUM(F12:F15) -> 0 | G16: =SUM(G12:G15) -> 0 | H16: =SUM(H12:H15) -> 0 | I16: =SUM(I12:I15) -> 0 | J16: =SUM(J12:J15) -> 0 | K16: =SUM(K12:K15) -> 0 | L16: =SUM(L12:L15) -> 0 | ... OO16: =SUM(OO12:OO15) -> 0
A17: 2 | B17: ='[1]6_VENEZOLANOS'!B17:B25 -> 045 | C17: FEBRERO | D17: FEMENINO | OO17: =SUM(E17:ON17)-SUM(NT17:NW17)-SUM(NZ17:OE17) -> 0
D18: MASCULINO | OO18: =SUM(E18:ON18)-SUM(NT18:NW18)-SUM(NZ18:OE18) -> 0
D19: OTRO | OO19: =SUM(E19:ON19)-SUM(NT19:NW19)-SUM(NZ19:OE19) -> 0
D20: TOTAL GENERO | E20: =SUM(E17:E19) -> 0 | F20: =SUM(F17:F19) -> 0 | G20: =SUM(G17:G19) -> 0 | H20: =SUM(H17:H19) -> 0 | I20: =SUM(I17:I19) -> 0 | J20: =SUM(J17:J19) -> 0 | K20: =SUM(K17:K19) -> 0 | L20: =SUM(L17:L19) -> 0 | ... OO20: =SUM(OO17:OO19) -> 0
D21: CONTRIBUTIVO | OO21: =SUM(E21:ON21)-SUM(NT21:NW21)-SUM(NZ21:OE21) -> 0
D22: SUBSIDIADO | OO22: =SUM(E22:ON22)-SUM(NT22:NW22)-SUM(NZ22:OE22) -> 0
D23: POBRE NO ASEGURADO | OO23: =SUM(E23:ON23)-SUM(NT23:NW23)-SUM(NZ23:OE23) -> 0
D24: REGIMEN ESPECIAL | OO24: =SUM(E24:ON24)-SUM(NT24:NW24)-SUM(NZ24:OE24) -> 0
D25: TOTAL REGIMEN | E25: =SUM(E21:E24) -> 0 | F25: =SUM(F21:F24) -> 0 | G25: =SUM(G21:G24) -> 0 | H25: =SUM(H21:H24) -> 0 | I25: =SUM(I21:I24) -> 0 | J25: =SUM(J21:J24) -> 0 | K25: =SUM(K21:K24) -> 0 | L25: =SUM(L21:L24) -> 0 | ... OO25: =SUM(OO21:OO24) -> 0
A26: 3 | B26: ='[1]6_VENEZOLANOS'!B26:B34 -> 075 | C26: MARZO | D26: FEMENINO | OO26: =SUM(E26:ON26)-SUM(NT26:NW26)-SUM(NZ26:OE26) -> 0
D27: MASCULINO | OO27: =SUM(E27:ON27)-SUM(NT27:NW27)-SUM(NZ27:OE27) -> 0
D28: OTRO | OO28: =SUM(E28:ON28)-SUM(NT28:NW28)-SUM(NZ28:OE28) -> 0
D29: TOTAL GENERO | E29: =SUM(E26:E28) -> 0 | F29: =SUM(F26:F28) -> 0 | G29: =SUM(G26:G28) -> 0 | H29: =SUM(H26:H28) -> 0 | I29: =SUM(I26:I28) -> 0 | J29: =SUM(J26:J28) -> 0 | K29: =SUM(K26:K28) -> 0 | L29: =SUM(L26:L28) -> 0 | ... OO29: =SUM(OO26:OO28) -> 0
D30: CONTRIBUTIVO | OO30: =SUM(E30:ON30)-SUM(NT30:NW30)-SUM(NZ30:OE30) -> 0
D31: SUBSIDIADO | OO31: =SUM(E31:ON31)-SUM(NT31:NW31)-SUM(NZ31:OE31) -> 0
D32: POBRE NO ASEGURADO | OO32: =SUM(E32:ON32)-SUM(NT32:NW32)-SUM(NZ32:OE32) -> 0
D33: REGIMEN ESPECIAL | OO33: =SUM(E33:ON33)-SUM(NT33:NW33)-SUM(NZ33:OE33) -> 0
D34: TOTAL REGIMEN | E34: =SUM(E30:E33) -> 0 | F34: =SUM(F30:F33) -> 0 | G34: =SUM(G30:G33) -> 0 | H34: =SUM(H30:H33) -> 0 | I34: =SUM(I30:I33) -> 0 | J34: =SUM(J30:J33) -> 0 | K34: =SUM(K30:K33) -> 0 | L34: =SUM(L30:L33) -> 0 | ... OO34: =SUM(OO30:OO33) -> 0
A35: 4 | B35: ='[1]6_VENEZOLANOS'!B35:B43 -> 088 | C35: ABRIL | D35: FEMENINO | OO35: =SUM(E35:ON35)-SUM(NT35:NW35)-SUM(NZ35:OE35) -> 0
D36: MASCULINO | OO36: =SUM(E36:ON36)-SUM(NT36:NW36)-SUM(NZ36:OE36) -> 0
D37: OTRO | OO37: =SUM(E37:ON37)-SUM(NT37:NW37)-SUM(NZ37:OE37) -> 0
D38: TOTAL GENERO | E38: =SUM(E35:E37) -> 0 | F38: =SUM(F35:F37) -> 0 | G38: =SUM(G35:G37) -> 0 | H38: =SUM(H35:H37) -> 0 | I38: =SUM(I35:I37) -> 0 | J38: =SUM(J35:J37) -> 0 | K38: =SUM(K35:K37) -> 0 | L38: =SUM(L35:L37) -> 0 | ... OO38: =SUM(OO35:OO37) -> 0
D39: CONTRIBUTIVO | OO39: =SUM(E39:ON39)-SUM(NT39:NW39)-SUM(NZ39:OE39) -> 0
D40: SUBSIDIADO | OO40: =SUM(E40:ON40)-SUM(NT40:NW40)-SUM(NZ40:OE40) -> 0
D41: POBRE NO ASEGURADO | OO41: =SUM(E41:ON41)-SUM(NT41:NW41)-SUM(NZ41:OE41) -> 0
D42: REGIMEN ESPECIAL | OO42: =SUM(E42:ON42)-SUM(NT42:NW42)-SUM(NZ42:OE42) -> 0
D43: TOTAL REGIMEN | E43: =SUM(E39:E42) -> 0 | F43: =SUM(F39:F42) -> 0 | G43: =SUM(G39:G42) -> 0 | H43: =SUM(H39:H42) -> 0 | I43: =SUM(I39:I42) -> 0 | J43: =SUM(J39:J42) -> 0 | K43: =SUM(K39:K42) -> 0 | L43: =SUM(L39:L42) -> 0 | ... OO43: =SUM(OO39:OO42) -> 0
A44: 5 | B44: ='[1]6_VENEZOLANOS'!B44:B52 -> 170 | C44: MAYO | D44: FEMENINO | OO44: =SUM(E44:ON44)-SUM(NT44:NW44)-SUM(NZ44:OE44) -> 0
D45: MASCULINO | OO45: =SUM(E45:ON45)-SUM(NT45:NW45)-SUM(NZ45:OE45) -> 0
D46: OTRO | OO46: =SUM(E46:ON46)-SUM(NT46:NW46)-SUM(NZ46:OE46) -> 0
D47: TOTAL GENERO | E47: =SUM(E44:E46) -> 0 | F47: =SUM(F44:F46) -> 0 | G47: =SUM(G44:G46) -> 0 | H47: =SUM(H44:H46) -> 0 | I47: =SUM(I44:I46) -> 0 | J47: =SUM(J44:J46) -> 0 | K47: =SUM(K44:K46) -> 0 | L47: =SUM(L44:L46) -> 0 | ... OO47: =SUM(OO44:OO46) -> 0
D48: CONTRIBUTIVO | OO48: =SUM(E48:ON48)-SUM(NT48:NW48)-SUM(NZ48:OE48) -> 0
D49: SUBSIDIADO | OO49: =SUM(E49:ON49)-SUM(NT49:NW49)-SUM(NZ49:OE49) -> 0
D50: POBRE NO ASEGURADO | OO50: =SUM(E50:ON50)-SUM(NT50:NW50)-SUM(NZ50:OE50) -> 0
D51: REGIMEN ESPECIAL | OO51: =SUM(E51:ON51)-SUM(NT51:NW51)-SUM(NZ51:OE51) -> 0
D52: TOTAL REGIMEN | E52: =SUM(E48:E51) -> 0 | F52: =SUM(F48:F51) -> 0 | G52: =SUM(G48:G51) -> 0 | H52: =SUM(H48:H51) -> 0 | I52: =SUM(I48:I51) -> 0 | J52: =SUM(J48:J51) -> 0 | K52: =SUM(K48:K51) -> 0 | L52: =SUM(L48:L51) -> 0 | ... OO52: =SUM(OO48:OO51) -> 0
A53: 6 | B53: ='[1]6_VENEZOLANOS'!B53:B61 -> 318 | C53: JUNIO | D53: FEMENINO | OO53: =SUM(E53:ON53)-SUM(NT53:NW53)-SUM(NZ53:OE53) -> 0
D54: MASCULINO | OO54: =SUM(E54:ON54)-SUM(NT54:NW54)-SUM(NZ54:OE54) -> 0
D55: OTRO | OO55: =SUM(E55:ON55)-SUM(NT55:NW55)-SUM(NZ55:OE55) -> 0
D56: TOTAL GENERO | E56: =SUM(E53:E55) -> 0 | F56: =SUM(F53:F55) -> 0 | G56: =SUM(G53:G55) -> 0 | H56: =SUM(H53:H55) -> 0 | I56: =SUM(I53:I55) -> 0 | J56: =SUM(J53:J55) -> 0 | K56: =SUM(K53:K55) -> 0 | L56: =SUM(L53:L55) -> 0 | ... OO56: =SUM(OO53:OO55) -> 0
D57: CONTRIBUTIVO | OO57: =SUM(E57:ON57)-SUM(NT57:NW57)-SUM(NZ57:OE57) -> 0
D58: SUBSIDIADO | OO58: =SUM(E58:ON58)-SUM(NT58:NW58)-SUM(NZ58:OE58) -> 0
D59: POBRE NO ASEGURADO | OO59: =SUM(E59:ON59)-SUM(NT59:NW59)-SUM(NZ59:OE59) -> 0
D60: REGIMEN ESPECIAL | OO60: =SUM(E60:ON60)-SUM(NT60:NW60)-SUM(NZ60:OE60) -> 0
D61: TOTAL REGIMEN | E61: =SUM(E57:E60) -> 0 | F61: =SUM(F57:F60) -> 0 | G61: =SUM(G57:G60) -> 0 | H61: =SUM(H57:H60) -> 0 | I61: =SUM(I57:I60) -> 0 | J61: =SUM(J57:J60) -> 0 | K61: =SUM(K57:K60) -> 0 | L61: =SUM(L57:L60) -> 0 | ... OO61: =SUM(OO57:OO60) -> 0
A62: 7 | B62: ='[1]6_VENEZOLANOS'!B62:B70 -> 383 | C62: JULIO | D62: FEMENINO | OO62: =SUM(E62:ON62)-SUM(NT62:NW62)-SUM(NZ62:OE62) -> 0
D63: MASCULINO | OO63: =SUM(E63:ON63)-SUM(NT63:NW63)-SUM(NZ63:OE63) -> 0
D64: OTRO | OO64: =SUM(E64:ON64)-SUM(NT64:NW64)-SUM(NZ64:OE64) -> 0
D65: TOTAL GENERO | E65: =SUM(E62:E64) -> 0 | F65: =SUM(F62:F64) -> 0 | G65: =SUM(G62:G64) -> 0 | H65: =SUM(H62:H64) -> 0 | I65: =SUM(I62:I64) -> 0 | J65: =SUM(J62:J64) -> 0 | K65: =SUM(K62:K64) -> 0 | L65: =SUM(L62:L64) -> 0 | ... OO65: =SUM(OO62:OO64) -> 0
D66: CONTRIBUTIVO | OO66: =SUM(E66:ON66)-SUM(NT66:NW66)-SUM(NZ66:OE66) -> 0
D67: SUBSIDIADO | OO67: =SUM(E67:ON67)-SUM(NT67:NW67)-SUM(NZ67:OE67) -> 0
D68: POBRE NO ASEGURADO | OO68: =SUM(E68:ON68)-SUM(NT68:NW68)-SUM(NZ68:OE68) -> 0
D69: REGIMEN ESPECIAL | OO69: =SUM(E69:ON69)-SUM(NT69:NW69)-SUM(NZ69:OE69) -> 0
D70: TOTAL REGIMEN | E70: =SUM(E66:E69) -> 0 | F70: =SUM(F66:F69) -> 0 | G70: =SUM(G66:G69) -> 0 | H70: =SUM(H66:H69) -> 0 | I70: =SUM(I66:I69) -> 0 | J70: =SUM(J66:J69) -> 0 | K70: =SUM(K66:K69) -> 0 | L70: =SUM(L66:L69) -> 0 | ... OO70: =SUM(OO66:OO69) -> 0
A71: 8 | B71: ='[1]6_VENEZOLANOS'!B71:B79 -> 400 | C71: AGOSTO | D71: FEMENINO | OO71: =SUM(E71:ON71)-SUM(NT71:NW71)-SUM(NZ71:OE71) -> 0
D72: MASCULINO | OO72: =SUM(E72:ON72)-SUM(NT72:NW72)-SUM(NZ72:OE72) -> 0
D73: OTRO | OO73: =SUM(E73:ON73)-SUM(NT73:NW73)-SUM(NZ73:OE73) -> 0
D74: TOTAL GENERO | E74: =SUM(E71:E73) -> 0 | F74: =SUM(F71:F73) -> 0 | G74: =SUM(G71:G73) -> 0 | H74: =SUM(H71:H73) -> 0 | I74: =SUM(I71:I73) -> 0 | J74: =SUM(J71:J73) -> 0 | K74: =SUM(K71:K73) -> 0 | L74: =SUM(L71:L73) -> 0 | ... OO74: =SUM(OO71:OO73) -> 0
D75: CONTRIBUTIVO | OO75: =SUM(E75:ON75)-SUM(NT75:NW75)-SUM(NZ75:OE75) -> 0
D76: SUBSIDIADO | OO76: =SUM(E76:ON76)-SUM(NT76:NW76)-SUM(NZ76:OE76) -> 0
D77: POBRE NO ASEGURADO | OO77: =SUM(E77:ON77)-SUM(NT77:NW77)-SUM(NZ77:OE77) -> 0
D78: REGIMEN ESPECIAL | OO78: =SUM(E78:ON78)-SUM(NT78:NW78)-SUM(NZ78:OE78) -> 0
D79: TOTAL REGIMEN | E79: =SUM(E75:E78) -> 0 | F79: =SUM(F75:F78) -> 0 | G79: =SUM(G75:G78) -> 0 | H79: =SUM(H75:H78) -> 0 | I79: =SUM(I75:I78) -> 0 | J79: =SUM(J75:J78) -> 0 | K79: =SUM(K75:K78) -> 0 | L79: =SUM(L75:L78) -> 0 | ... OO79: =SUM(OO75:OO78) -> 0
A80: 9 | B80: ='[1]6_VENEZOLANOS'!B80:B88 -> 440 | C80: SEPTIEMBRE | D80: FEMENINO | OO80: =SUM(E80:ON80)-SUM(NT80:NW80)-SUM(NZ80:OE80) -> 0
D81: MASCULINO | OO81: =SUM(E81:ON81)-SUM(NT81:NW81)-SUM(NZ81:OE81) -> 0
D82: OTRO | OO82: =SUM(E82:ON82)-SUM(NT82:NW82)-SUM(NZ82:OE82) -> 0
D83: TOTAL GENERO | E83: =SUM(E80:E82) -> 0 | F83: =SUM(F80:F82) -> 0 | G83: =SUM(G80:G82) -> 0 | H83: =SUM(H80:H82) -> 0 | I83: =SUM(I80:I82) -> 0 | J83: =SUM(J80:J82) -> 0 | K83: =SUM(K80:K82) -> 0 | L83: =SUM(L80:L82) -> 0 | ... OO83: =SUM(OO80:OO82) -> 0
D84: CONTRIBUTIVO | OO84: =SUM(E84:ON84)-SUM(NT84:NW84)-SUM(NZ84:OE84) -> 0
D85: SUBSIDIADO | OO85: =SUM(E85:ON85)-SUM(NT85:NW85)-SUM(NZ85:OE85) -> 0
D86: POBRE NO ASEGURADO | OO86: =SUM(E86:ON86)-SUM(NT86:NW86)-SUM(NZ86:OE86) -> 0
D87: REGIMEN ESPECIAL | OO87: =SUM(E87:ON87)-SUM(NT87:NW87)-SUM(NZ87:OE87) -> 0
D88: TOTAL REGIMEN | E88: =SUM(E84:E87) -> 0 | F88: =SUM(F84:F87) -> 0 | G88: =SUM(G84:G87) -> 0 | H88: =SUM(H84:H87) -> 0 | I88: =SUM(I84:I87) -> 0 | J88: =SUM(J84:J87) -> 0 | K88: =SUM(K84:K87) -> 0 | L88: =SUM(L84:L87) -> 0 | ... OO88: =SUM(OO84:OO87) -> 0
A89: 10 | B89: ='[1]6_VENEZOLANOS'!B89:B97 -> 456 | C89: OCTUBRE | D89: FEMENINO | OO89: =SUM(E89:ON89)-SUM(NT89:NW89)-SUM(NZ89:OE89) -> 0
D90: MASCULINO | OO90: =SUM(E90:ON90)-SUM(NT90:NW90)-SUM(NZ90:OE90) -> 0
D91: OTRO | OO91: =SUM(E91:ON91)-SUM(NT91:NW91)-SUM(NZ91:OE91) -> 0
D92: TOTAL GENERO | E92: =SUM(E89:E91) -> 0 | F92: =SUM(F89:F91) -> 0 | G92: =SUM(G89:G91) -> 0 | H92: =SUM(H89:H91) -> 0 | I92: =SUM(I89:I91) -> 0 | J92: =SUM(J89:J91) -> 0 | K92: =SUM(K89:K91) -> 0 | L92: =SUM(L89:L91) -> 0 | ... OO92: =SUM(OO89:OO91) -> 0
D93: CONTRIBUTIVO | OO93: =SUM(E93:ON93)-SUM(NT93:NW93)-SUM(NZ93:OE93) -> 0
D94: SUBSIDIADO | OO94: =SUM(E94:ON94)-SUM(NT94:NW94)-SUM(NZ94:OE94) -> 0
D95: POBRE NO ASEGURADO | OO95: =SUM(E95:ON95)-SUM(NT95:NW95)-SUM(NZ95:OE95) -> 0
D96: REGIMEN ESPECIAL | OO96: =SUM(E96:ON96)-SUM(NT96:NW96)-SUM(NZ96:OE96) -> 0
D97: TOTAL REGIMEN | E97: =SUM(E93:E96) -> 0 | F97: =SUM(F93:F96) -> 0 | G97: =SUM(G93:G96) -> 0 | H97: =SUM(H93:H96) -> 0 | I97: =SUM(I93:I96) -> 0 | J97: =SUM(J93:J96) -> 0 | K97: =SUM(K93:K96) -> 0 | L97: =SUM(L93:L96) -> 0 | ... OO97: =SUM(OO93:OO96) -> 0
A98: 11 | B98: ='[1]6_VENEZOLANOS'!B98:B106 -> 572 | C98: NOVIEMBRE | D98: FEMENINO | OO98: =SUM(E98:ON98)-SUM(NT98:NW98)-SUM(NZ98:OE98) -> 0
D99: MASCULINO | OO99: =SUM(E99:ON99)-SUM(NT99:NW99)-SUM(NZ99:OE99) -> 0
D100: OTRO | OO100: =SUM(E100:ON100)-SUM(NT100:NW100)-SUM(NZ100:OE100) -> 0
...

Sheet 3_PANAMA
E1: =D1+1 -> 1 | F1: =E1+1 -> 2 | G1: =F1+1 -> 3 | H1: =G1+1 -> 4 | I1: =H1+1 -> 5 | J1: =I1+1 -> 6 | K1: =J1+1 -> 7 | L1: =K1+1 -> 8 | ... ON1: =OM1+1 -> 400
A2: NOMBRE DEPARTAMENTO: | D2: ='6_VENEZOLANOS'!D2 -> RISARALDA | E2: CODIGO DEPARTAMENTO: | G2: ='6_VENEZOLANOS'!G2 -> 66 | H2: =G2 -> 66
A3: AÑO: | D3: ='6_VENEZOLANOS'!D3 -> 2026 | HE3: DE 1 AÑO 2022 | HF3: DE 2 AÑOS 2021 | HG3: DE 3 AÑOS 2020 | HH3: DE 4 AÑOS 2019 | HI3: DE 5 AÑOS 2018 | HJ3: DE 6 AÑOS 2017 | HK3: DE 7 AÑOS 2016 | HL3: DE 8 AÑOS 2015 | HM3: DE 9 AÑOS 2014 | HN3: DE 10 AÑOS 2013 | HO3: DE 11 AÑOS 2012 | HP3: DE 12 AÑOS 2011 | HQ3: DE 13 AÑOS 2010 | HR3: DE 14 AÑOS 2009 | HS3: DE 15 AÑOS 2008 | HT3: DE 16 AÑOS 2007 | HU3: DE 17 AÑOS 2006 | OG3: .
A4: MES DE REPORTE | D4: ='6_VENEZOLANOS'!D4 -> agosto | F4: VACUNAS PAI | S4: VACUNAS PAI | BV4: VACUNAS PAI | CW4: VACUNAS PAI | EI4: VACUNAS PAI | FE4: VACUNAS PAI | JZ4: VACUNAS PAI | NH4: VACUNAS PAI | OF4: VACUNAS PAI
A5: MUNICIPIO | D5: REGIMEN / GRUPO ETNICO | E5: BCG | H5: HEPATITIS B | AE5: HEPATITIS B (RESOLUCION. 0459/2012 y Circular 031/2014) | BK5: POBLACION PRIORIZADA PARA HEPATITIS B | BO5: ANTIPOLIO INACTIVADA (VIP) | CU5: HEXAVALENTE (DPTa-HB-Hib-VIP) | CX5: PENTAVALENTE DPT - HB - Hib | DI5: DPT | DV5: TDaP Acelular Pediatrica | FA5: ROTAVIRUS | FC5: NEUMOCOCO CONJUGADA DECAVALENTE | FI5: NEUMOCOCO CONJUGADA TRECEVALENTE | FO5: SRP (TRIPLE VIRAL) | GI5: SR (DOBLE VIRAL) | HD5: FIEBRE AMARILLA DOSIS UNICA | IC5: HEPATITIS A (Cohorte de nacidos a partir de 1 de enero de 2012) | IP5: VARICELA (Cohorte de nacidos a partir de 1 de julio de 2014) | JH5: TOXOIDE TETANICO-DIFTERICO DE ADULTOS (Td) | LM5: Tdap ACELULAR (Se debe garantizar una dosis por cada embarazo y se aplica a partir de las semana 26 y zona rural a partir de la semana 20 y otros grupos de dificil acceso o captación) | LZ5: INFLUENZA | MR5: MENINGOCOCO USO EN BROTES (Serogrupo A, C, Y y W-135) | MX5: V P H | NH5: ANTIRRABICA HUMANA PRE/POST-EXPOSICION | NW5: INMUNOGLOBULINA ANTI HEPATITIS B | OB5: INMUNOGLOBULINAS /ANTITOXINAS TETÁNICAS | OD5: ANTI TOXINA DIFTERICA (Suero heterólogo) | OF5: COVID 19
E6: RECIEN NACIDO (DE 0 HASTA 29 DÍAS) | F6: MENOR DE UN AÑO (A PARTIR DE 30 DIAS HASTA 11 MESES 29 DIAS) | G6: POBLACION INDIGENA Y RURAL DISPERSA (DE 1 AÑO A 5 AÑOS, 11 MESES, 29 DIAS) | H6: RECIEN NACIDO (HASTA 29 DÍAS) | J6: DE 2 A 11 MESES 29 DÍAS | M6: DE 1 AÑO | P6: DE 2 AÑOS | S6: DE 3 AÑOS | V6: DE 4 AÑOS | Y6: DE 5 AÑOS | AB6: DE 6 a 17 AÑOS 11 MESES Y 29 DIAS (ICBF) | AE6: DE 1 AÑO | AI6: DE 2 AÑOS | AM6: DE 3 AÑOS | AQ6: DE 4 AÑOS | AU6: DE 5 AÑOS | AY6: 6 A 14 AÑOS | BC6: DE 15 AÑOS A 17 AÑOS | BG6: DE 18 AÑOS Y MAS | BO6: < DE 1 AÑO | BR6: DE 1 AÑO | BU6: DE 2 AÑOS | BX6: DE 3 AÑOS | CA6: DE 4 AÑOS | CD6: DE 5 AÑOS | CG6: AL AÑO DE LA 3ra DOSIS (De 18 a 23 meses) | CH6: DE 2 AÑOS | CI6: DE 3 AÑOS | CJ6: DE 4 AÑOS | CK6: DE 5 AÑOS | CL6: DE 5 AÑOS | CM6: DE 6 AÑOS | CP6: DE 7 A 17 AÑOS (AUTORIZADAS POR EL MINISTERIO) | CS6: DE 18 A 60 AÑOS (AUTORIZADAS POR EL MINISTERIO) | CU6: < DE 1 AÑO (Prematuros Extremos (MENOR DE 1500 GRAMOS según lineamientos) | CX6: < DE 1 AÑO | DA6: De 18 a 23 meses | DB6: DE 1 AÑO (12 a 23 meses) Sin antecedente de Penta | DE6: DE 2 AÑOS (24 a 35 meses) Sin antecedente de Penta | DF6: DE 3 AÑOS (36 a 47 meses) Sin antecedente de Penta | DG6: DE 4 AÑOS (48 a 70 meses) Sin antecedente de Penta | DH6: 5 AÑOS HASTA UN DIA ANTES DE CUMPLIR LOS 6 AÑOS | DI6: DE 2 AÑOS | DL6: DE 3 AÑOS | DO6: DE 4 AÑOS | DR6: DE 5 AÑOS | DV6: < DE 1 AÑO | DY6: DE 1 AÑO | EB6: DE 2 AÑOS | EE6: DE 3 AÑOS | EH6: DE 4 AÑOS | EK6: DE 5 AÑOS | EN6: De 18 a 23 meses | EO6: DE 2 AÑOS | EP6: DE 3 AÑOS | EQ6: DE 4 AÑOS | ER6: DE 5 AÑOS | ES6: 3 AÑOS | ET6: 4 AÑOS | EU6: 5 AÑOS | EV6: DE 6 AÑOS | FA6: DE 2 MESES A 3 MESES y 21 DIAS | FB6: DE 4 MESES A LOS 11 MESES y 29 DIAS | FC6: DE 2 A 11 MESES 29 DIAS | FE6: DE 12 MESES A 23 MESES | FH6: DE 24 MESES A 71 MESES 29 DIAS | FI6: DE 2 A 11 MESES 29 DIAS | FK6: DE 12 A 23 MESES | FL6: DE 12 A 23 MESES | FN6: DE 24 MESES A 71 MESES 29 DIAS | FO6: PRIMERA DOSIS (Se deben registrar las dosis aplicadas en población nacida del 1 de enero al 31 de diciembre de cada año) | FY6: SEGUNDA DOSIS | GI6: DOSIS CERO | GJ6: DOSIS UNICA | HD6: DE 1 AÑO 2024 | HE6: DE 2 AÑOS 2023 | HF6: DE 3 AÑOS 2022 | HG6: DE 4 AÑOS 2021 | HH6: DE 5 AÑOS 2020 | HI6: DE 6 AÑOS 2019 | HJ6: DE 7 AÑOS 2018 | HK6: DE 8 AÑOS 2017 | HL6: DE 9 AÑOS 2016 | HM6: DE 10 AÑOS 2015 | HN6: DE 11 AÑOS 2014 | HO6: DE 12 AÑOS 2013 | HP6: DE 13 AÑOS 2012 | HQ6: DE 14 AÑOS 2011 | HR6: DE 15 AÑOS 2010 | HS6: DE 16 AÑOS 2009 | HT6: DE 17 AÑOS 2008 | HU6: DE 18 AÑOS 2007 | HV6: DE 19 AÑOS 2006 | HW6: 20 A 30 AÑOS (2007-1994) | HX6: 31 A 40 AÑOS | HY6: 41 A 50 AÑOS | HZ6: 51 A 59 AÑOS | IA6: 60 A 69 AÑOS (previa autorizacion del Ministerio). | IB6: EN SITUACIÓN DE BROTE Y PAISES QUE EXIGEN ANTECEDENTE VACUNAL | IC6: DOSIS ÚNICA | IP6: PRIMERA DOSIS | JA6: REFUERZO (aplicadas a partir del 1 de julio de 2019) | JH6: NIÑOS Y NIÑAS DE 7 A 9 AÑOS | JM6: GESTANTES DE 9 AÑOS A 17 AÑOS | JR6: GESTANTES DE 18 AÑOS Y MAS | JW6: REFUERZOS GESTANTES 15 A 49 AÑOS | KA6: MUJERES EN EDAD FERTIL (MEF) DE 10 AÑOS A 17 AÑOS | KF6: MUJERES EN EDAD FERTIL (MEF) DE 18 A 49 AÑOS | KK6: REFUERZOS MEF DE 15 A 49 AÑOS | KO6: HOMBRES DE 10 A 17 AÑOS | KT6: HOMBRES DE 18 A 49 AÑOS | KY6: REFUERZOS HOMBRES DE 15 A 49 AÑOS | LC6: OTROS DE 50 A 59 AÑOS | LH6: OTROS DE 60 AÑOS Y MAS | LM6: GESTANTES DE 9 A 17 AÑOS de acuerdo al lineamiento | LS6: GESTANTES DE 18 AÑOS Y MAS, de acuerdo al lineamiento | LY6: UNICA DOSIS OTROS GRUPOS (Con Autorizacion del MSPS ) | LZ6: DE 6 MESES A 11 MESES | MB6: DE 12 MESES A 23 MESES | ME6: 24 A 35 MESES SEGÚN AUTORIZACION DEL MINISTERIO | MH6: DE 50 a 59 AÑOS (SEGÚN AUTORIZACION DEL MINISTERIO) | MI6: DE 60 Y MAS AÑOS | MJ6: GESTANTES A PARTIR DE LA SEMANA 14 | MK6: DE 3 A 8 AÑOS (Poblaciones autorizadas de acuerdo a los lineamientos emitidos por el MSPS ) | MN6: DE 9 A 17 AÑOS (Poblaciones con diagnóstico de riesgo, recibir de acuerdo a los lineamientos emitidos por el MSPS ) | MO6: DE 18 A 59 AÑOS (Poblaciones con diagnóstico de riesgo de acuerdo a los lineamientos emitidos por el MSPS) | MP6: PERSONAL DE LA SALUD | MQ6: Familiares y convivientes de menores de 18 años con Cancér (Ley 1388/2010) | MR6: DE 6 A 11 MESES | MU6: 12 A 23 MESES | MW6: MAYORES DE 2 AÑOS | MX6: 9 AÑOS | MY6: 10 AÑOS | MZ6: 11 AÑOS | NA6: 12 AÑOS | NB6: 13 AÑOS | NC6: 14 AÑOS | ND6: 15 AÑOS | NE6: 16 AÑOS | NF6: 17 AÑOS | NG6: 2as Dosis Inmunosuprimidos, según linemientos del 30 de septiembre/2023 | NH6: ESQUEMA PRE EXPOSICIÓN OPCION 1 (I.D.) (Se aplica previa autorización del Ministerio) | NJ6: ESQUEMA PRE EXPOSICIÓN OPCION 2 (I.M.) (Se aplica previa autorización del Ministerio) | NL6: ESQUEMA POST EXPOSICION Número de dosis aplicadas | NQ6: ESQUEMA RE-EXPOSICIÓN | NT6: TOTAL DE ESQUEMAS POST EXPOSICION (USUARIOS CON ESQUEMA DE VACUNACION COMPLETO) | NU6: INMUNOGLOBULINA ANTIRRÁBICA (Número de frascos utilizados) | NV6: No. De personas que recibieron inmunoglobulina antirrabica. | NW6: RECIEN NACIDO (Hijo de Madre Antigenos + para HB) | NZ6: RESOLUCION 0459/2012- Circular 031/2014) | OB6: INMUNOGLOBULINA ANTI TETANICA (Suero homólogo) | OF6: DE 6 MESES A 4 AÑOS | OI6: DE 5 AÑOS A 11 AÑOS | OJ6: DE 12 A 59 AÑOS | OK6: GESTANTES | OL6: MAYORES DE 60 AÑOS | OM6: TALENTO HUMANO EN SALUD | ON6: DE 12 AÑOS A 59 AÑOS PERSONAS CON COMORBILIDADES
A7: Nº | B7: COD DANE MPIO | C7: NOMBRE MUNICIPIO/ IPS | H7: RECIEN NACIDO (Primeras 12 Horas) | I7: RECIEN NACIDO Entre 12 horas y 29 dias | J7: 1a | K7: 2a | L7: 3a | M7: 1a | N7: 2a | O7: 3a | P7: 1a | Q7: 2a | R7: 3a | S7: 1a | T7: 2a | U7: 3a | V7: 1a | W7: 2a | X7: 3a | Y7: 1a | Z7: 2a | AA7: 3a | AB7: 1a | AC7: 2a | AD7: 3a | AE7: 1a | AF7: 2a | AG7: 3a | AH7: Ref. | AI7: 1a | AJ7: 2a | AK7: 3a | AL7: Ref. | AM7: 1a | AN7: 2a | AO7: 3a | AP7: Ref. | AQ7: 1a | AR7: 2a | AS7: 3a | AT7: Ref. | AU7: 1a | AV7: 2a | AW7: 3a | AX7: Ref. | AY7: 1a | AZ7: 2a | BA7: 3a | BB7: Ref. | BC7: 1a | BD7: 2a | BE7: 3a | BF7: Ref. | BG7: 1a | BH7: 2a | BI7: 3a | BJ7: Ref. | BK7: 1a | BL7: 2a | BM7: 3a | BN7: Ref- | BO7: 1a | BP7: 2a | BQ7: 3a | BR7: 1a | BS7: 2a | BT7: 3a | BU7: 1a | BV7: 2a | BW7: 3a | BX7: 1a | BY7: 2a | BZ7: 3a | CA7: 1a | CB7: 2a | CC7: 3a | CD7: 1a | CE7: 2a | CF7: 3a | CG7: Primer Refuerzo | CL7: Segundo Refuerzo | CM7: 1a | CN7: 2a | CO7: 3a | CP7: 1a | CQ7: 2a | CR7: 3a | CS7: 1a | CT7: 2a | CU7: 1a | CV7: 2a | CW7: 3a | CX7: 1a | CY7: 2a | CZ7: 3a | DA7: 1er REF de acuerdo a lineamiento | DB7: 1a | DC7: 2a | DD7: 3a | DE7: Unica | DF7: Unica | DG7: Unica | DH7: Unica | DI7: 2a | DJ7: 3a | DK7: REF. | DL7: 2a | DM7: 3a | DN7: REF. | DO7: 2a | DP7: 3a | DQ7: REF. | DR7: 2a | DS7: 3a | DT7: 1° REF. | DU7: 2° REF. | DV7: 1a | DW7: 2a | DX7: 3a | DY7: 1a | DZ7: 2a | EA7: 3a | EB7: 1a | EC7: 2a | ED7: 3a | EE7: 1a | EF7: 2a | EG7: 3a | EH7: 1a | EI7: 2a | EJ7: 3a | EK7: 1a | EL7: 2a | EM7: 3a | EN7: 1er REF. | ES7: 2° REF. | EV7: 1a | EW7: 2a | EX7: 3a | EY7: 1er REF. | EZ7: 2° REF. | FA7: 1a | FB7: 2a | FC7: 1a | FD7: 2a | FE7: REF. | FF7: 1a | FG7: 2a | FH7: ÚNICA | FI7: 1a | FJ7: 2a | FK7: REF. | FL7: 1a | FM7: 2a | FN7: ÚNICA | FO7: Nacidos 2024 1 año | FP7: Nacidos 2023 2 años | FQ7: Nacidos 2022 3 años | FR7: Nacidos 2021 4 años | FS7: Nacidos 2020 5 años | FT7: Nacidos 2019 6 años | FU7: Nacidos 2018 7 años | FV7: Nacidos 2017 8 años | FW7: Nacidos 2016 9 años | FX7: Nacidos 2015 10 años | FY7: De 18 a 23 meses | FZ7: Nacidos 2023 (Seguimiento) 2 años | GA7: Nacidos 2022 (Seguimiento) 3 años | GB7: Nacidos 2021 (Seguimiento) 4 años | GC7: Nacidos 2020 5 años | GD7: Nacidos 2019 6 años | GE7: Nacidos 2018 7 años | GF7: Nacidos 2017 8 años | GG7: Nacidos 2016 9 años | GH7: Nacidos 2015 10 años | GI7: SR * 6 a 11 MESES 29 DIAS | GJ7: DE 1 AÑO 2024 | GK7: DE 2 AÑOS 2023 | GL7: DE 3 AÑOS 2022 | GM7: DE 4 AÑOS 2021 | GN7: DE 5 AÑOS 2020 | GO7: DE 6 AÑOS 2019 | GP7: DE 7 AÑOS 2018 | GQ7: DE 8 AÑOS 2017 | GR7: DE 9 AÑOS 2016 | GS7: DE 10 AÑOS 2015 | GT7: DE 11 AÑOS 2014 | GU7: DE 12 AÑOS 2013 | GV7: DE 13 AÑOS 2012 | GW7: DE 14 AÑOS 2011 | GX7: DE 15 AÑOS 2010 | GY7: DE 16 AÑOS 2009 | GZ7: DE 17 AÑOS 2008 | HA7: 18 A 30 AÑOS | HB7: 31 A 40 AÑOS | HC7: 41 Y MAS AÑOS | IB7: 9 meses a 11 meses (Con Autorizacion del MSPS de acuerdo a Lineamientos) | IC7: DE 1 AÑO 2024 | ID7: DE 2 AÑOS 2023 | IE7: DE 3 AÑOS 2022 | IF7: DE 4 AÑOS 2021 | IG7: DE 5 AÑOS 2020 | IH7: DE 6 AÑOS 2019 | II7: DE 7 AÑOS 2018 | IJ7: DE 8 AÑOS 2017 | IK7: DE 9 AÑOS 2016 | IL7: DE 10 AÑOS 2015 | IM7: DE 11 AÑOS 2014 | IN7: DE 12 AÑOS 2013 | IO7: DE 13 AÑOS 2012 | IP7: DE 1 AÑO 2024 | IQ7: DE 2 AÑOS 2023 | IR7: DE 3 AÑOS 2022 | IS7: DE 4 AÑOS 2021 | IT7: DE 5 AÑOS 2020 | IU7: DE 6 AÑOS 2019 | IV7: DE 7 AÑOS 2018 | IW7: DE 8 AÑOS 2017 | IX7: DE 9 AÑOS 2016 | IY7: DE 10 AÑOS 2015 | IZ7: DE 11 AÑOS 2014 | JA7: DE 5 AÑOS 2024 | JB7: DE 6 AÑOS 2023 | JC7: DE 7 AÑOS 2022 | JD7: DE 8 AÑOS 2021 | JE7: DE 9 AÑOS 2020 | JF7: DE 10 AÑOS 2019 | JG7: DE 11 AÑOS 2018 | JH7: Td1 | JI7: Td2 | JJ7: Td3 | JK7: Ref 1 | JL7: Ref 2 | JM7: Td1 | JN7: Td2 | JO7: Td3 | JP7: Td4 | JQ7: Td5 | JR7: Td1 | JS7: Td2 | JT7: Td3 | JU7: Td4 | JV7: Td5 | JW7: REF. 1 | JX7: REF. 2 | JY7: REF. 3 | JZ7: REF. 4 | KA7: Td1 | KB7: Td2 | KC7: Td3 | KD7: Td4 | KE7: Td5 | KF7: Td1 | KG7: Td2 | KH7: Td3 | KI7: Td4 | KJ7: Td5 | KK7: REF. 1 | KL7: REF. 2 | KM7: REF. 3 | KN7: REF. 4 | KO7: Td1 | KP7: Td2 | KQ7: Td3 | KR7: Td4 | KS7: Td5 | KT7: Td1 | KU7: Td2 | KV7: Td3 | KW7: Td4 | KX7: Td5 | KY7: REF. 1 | KZ7: REF. 2 | LA7: REF. 3 | LB7: REF. 4 | LC7: Td1 | LD7: Td2 | LE7: Td3 | LF7: Td4 | LG7: Td5 | LH7: Td1 | LI7: Td2 | LJ7: Td3 | LK7: Td4 | LL7: Td5 | LM7: UNICA DOSIS EN CADA EMBARAZO | LN7: Td1 | LO7: Td2 | LP7: Td3 | LQ7: Td4 | LR7: Td5 | LS7: UNICA DOSIS EN CADA EMBARAZO | LT7: Td1 | LU7: Td2 | LV7: Td3 | LW7: Td4 | LX7: Td5 | LZ7: 1a | MA7: 2a | MB7: 1a | MC7: 2a | MD7: ÚNICA | ME7: 1a | MF7: 2a | MG7: ÚNICA | MH7: ÚNICA | MI7: ÚNICA | MJ7: ÚNICA | MK7: 1a | ML7: 2a | MM7: ÚNICA | MN7: ÚNICA | MO7: ÚNICA | MP7: ÚNICA | MQ7: ÚNICA | MR7: 1a | MS7: 2a | MT7: 3a | MU7: 1a | MV7: 2a | MW7: ÚNICA | MX7: Dosis Ùnica | NH7: 1a. y 2a día 0 | NI7: 3a y 4a. día 7 | NJ7: 1a . día 0 | NK7: 2a. día 7 | NL7: 1a. día 0 | NM7: 2a. dia 3 | NN7: 3a. día 7 | NO7: 4a . día 14 | NP7: 5a . día 21 a 28 | NQ7: 1a . día 0 | NR7: 2a. día 3 | NS7: 3a. día 7 a 14 | NT7: Número de usuarios | NW7: Número de frascos utilizados | NX7: N° recién nacidos que recibieron dosis de Ig en las primeras 12 horas | NY7: N° recién nacidos que recibieron dosis de Ig despues de las primeras 12 horas | NZ7: Número de frascos utilizados | OA7: N° Personas que recibieron dosis de Ig | OB7: Número de frascos utilizados | OC7: N° Personas que recibieron dosis de Ig | OD7: Número de frascos utilizados | OE7: N° Personas que recibieron dosis de antitoxina | OF7: Primera dosis | OG7: Segunda dosis | OH7: Adicional | OI7: Adicional | OJ7: Adicional | OK7: Adicional | OL7: Adicional | OM7: Adicional | ON7: Adicional | OO7: TOTAL DOSIS
A8: 1 | B8: ='[1]6_VENEZOLANOS'!B8:B16 -> 001 | C8: ENERO | D8: FEMENINO | OO8: =SUM(E8:ON8)-SUM(NT8:NW8)-SUM(NZ8:OE8) -> 0
D9: MASCULINO | OO9: =SUM(E9:ON9)-SUM(NT9:NW9)-SUM(NZ9:OE9) -> 0
D10: OTRO | OO10: =SUM(E10:ON10)-SUM(NT10:NW10)-SUM(NZ10:OE10) -> 0
D11: TOTAL GENERO | E11: =SUM(E8:E10) -> 0 | F11: =SUM(F8:F10) -> 0 | G11: =SUM(G8:G10) -> 0 | H11: =SUM(H8:H10) -> 0 | I11: =SUM(I8:I10) -> 0 | J11: =SUM(J8:J10) -> 0 | K11: =SUM(K8:K10) -> 0 | L11: =SUM(L8:L10) -> 0 | ... OO11: =SUM(OO8:OO10) -> 0
D12: CONTRIBUTIVO | OO12: =SUM(E12:ON12)-SUM(NT12:NW12)-SUM(NZ12:OE12) -> 0
D13: SUBSIDIADO | OO13: =SUM(E13:ON13)-SUM(NT13:NW13)-SUM(NZ13:OE13) -> 0
D14: POBRE NO ASEGURADO | OO14: =SUM(E14:ON14)-SUM(NT14:NW14)-SUM(NZ14:OE14) -> 0
D15: REGIMEN ESPECIAL | OO15: =SUM(E15:ON15)-SUM(NT15:NW15)-SUM(NZ15:OE15) -> 0
D16: TOTAL REGIMEN | E16: =SUM(E12:E15) -> 0 | F16: =SUM(F12:F15) -> 0 | G16: =SUM(G12:G15) -> 0 | H16: =SUM(H12:H15) -> 0 | I16: =SUM(I12:I15) -> 0 | J16: =SUM(J12:J15) -> 0 | K16: =SUM(K12:K15) -> 0 | L16: =SUM(L12:L15) -> 0 | ... OO16: =SUM(OO12:OO15) -> 0
A17: 2 | B17: ='[1]6_VENEZOLANOS'!B17:B25 -> 045 | C17: FEBRERO | D17: FEMENINO | OO17: =SUM(E17:ON17)-SUM(NT17:NW17)-SUM(NZ17:OE17) -> 0
D18: MASCULINO | OO18: =SUM(E18:ON18)-SUM(NT18:NW18)-SUM(NZ18:OE18) -> 0
D19: OTRO | OO19: =SUM(E19:ON19)-SUM(NT19:NW19)-SUM(NZ19:OE19) -> 0
D20: TOTAL GENERO | E20: =SUM(E17:E19) -> 0 | F20: =SUM(F17:F19) -> 0 | G20: =SUM(G17:G19) -> 0 | H20: =SUM(H17:H19) -> 0 | I20: =SUM(I17:I19) -> 0 | J20: =SUM(J17:J19) -> 0 | K20: =SUM(K17:K19) -> 0 | L20: =SUM(L17:L19) -> 0 | ... OO20: =SUM(OO17:OO19) -> 0
D21: CONTRIBUTIVO | OO21: =SUM(E21:ON21)-SUM(NT21:NW21)-SUM(NZ21:OE21) -> 0
D22: SUBSIDIADO | OO22: =SUM(E22:ON22)-SUM(NT22:NW22)-SUM(NZ22:OE22) -> 0
D23: POBRE NO ASEGURADO | OO23: =SUM(E23:ON23)-SUM(NT23:NW23)-SUM(NZ23:OE23) -> 0
D24: REGIMEN ESPECIAL | OO24: =SUM(E24:ON24)-SUM(NT24:NW24)-SUM(NZ24:OE24) -> 0
D25: TOTAL REGIMEN | E25: =SUM(E21:E24) -> 0 | F25: =SUM(F21:F24) -> 0 | G25: =SUM(G21:G24) -> 0 | H25: =SUM(H21:H24) -> 0 | I25: =SUM(I21:I24) -> 0 | J25: =SUM(J21:J24) -> 0 | K25: =SUM(K21:K24) -> 0 | L25: =SUM(L21:L24) -> 0 | ... OO25: =SUM(OO21:OO24) -> 0
A26: 3 | B26: ='[1]6_VENEZOLANOS'!B26:B34 -> 075 | C26: MARZO | D26: FEMENINO | OO26: =SUM(E26:ON26)-SUM(NT26:NW26)-SUM(NZ26:OE26) -> 0
D27: MASCULINO | OO27: =SUM(E27:ON27)-SUM(NT27:NW27)-SUM(NZ27:OE27) -> 0
D28: OTRO | OO28: =SUM(E28:ON28)-SUM(NT28:NW28)-SUM(NZ28:OE28) -> 0
D29: TOTAL GENERO | E29: =SUM(E26:E28) -> 0 | F29: =SUM(F26:F28) -> 0 | G29: =SUM(G26:G28) -> 0 | H29: =SUM(H26:H28) -> 0 | I29: =SUM(I26:I28) -> 0 | J29: =SUM(J26:J28) -> 0 | K29: =SUM(K26:K28) -> 0 | L29: =SUM(L26:L28) -> 0 | ... OO29: =SUM(OO26:OO28) -> 0
D30: CONTRIBUTIVO | OO30: =SUM(E30:ON30)-SUM(NT30:NW30)-SUM(NZ30:OE30) -> 0
D31: SUBSIDIADO | OO31: =SUM(E31:ON31)-SUM(NT31:NW31)-SUM(NZ31:OE31) -> 0
D32: POBRE NO ASEGURADO | OO32: =SUM(E32:ON32)-SUM(NT32:NW32)-SUM(NZ32:OE32) -> 0
D33: REGIMEN ESPECIAL | OO33: =SUM(E33:ON33)-SUM(NT33:NW33)-SUM(NZ33:OE33) -> 0
D34: TOTAL REGIMEN | E34: =SUM(E30:E33) -> 0 | F34: =SUM(F30:F33) -> 0 | G34: =SUM(G30:G33) -> 0 | H34: =SUM(H30:H33) -> 0 | I34: =SUM(I30:I33) -> 0 | J34: =SUM(J30:J33) -> 0 | K34: =SUM(K30:K33) -> 0 | L34: =SUM(L30:L33) -> 0 | ... OO34: =SUM(OO30:OO33) -> 0
A35: 4 | B35: ='[1]6_VENEZOLANOS'!B35:B43 -> 088 | C35: ABRIL | D35: FEMENINO | OO35: =SUM(E35:ON35)-SUM(NT35:NW35)-SUM(NZ35:OE35) -> 0
D36: MASCULINO | OO36: =SUM(E36:ON36)-SUM(NT36:NW36)-SUM(NZ36:OE36) -> 0
D37: OTRO | OO37: =SUM(E37:ON37)-SUM(NT37:NW37)-SUM(NZ37:OE37) -> 0
D38: TOTAL GENERO | E38: =SUM(E35:E37) -> 0 | F38: =SUM(F35:F37) -> 0 | G38: =SUM(G35:G37) -> 0 | H38: =SUM(H35:H37) -> 0 | I38: =SUM(I35:I37) -> 0 | J38: =SUM(J35:J37) -> 0 | K38: =SUM(K35:K37) -> 0 | L38: =SUM(L35:L37) -> 0 | ... OO38: =SUM(OO35:OO37) -> 0
D39: CONTRIBUTIVO | OO39: =SUM(E39:ON39)-SUM(NT39:NW39)-SUM(NZ39:OE39) -> 0
D40: SUBSIDIADO | OO40: =SUM(E40:ON40)-SUM(NT40:NW40)-SUM(NZ40:OE40) -> 0
D41: POBRE NO ASEGURADO | OO41: =SUM(E41:ON41)-SUM(NT41:NW41)-SUM(NZ41:OE41) -> 0
D42: REGIMEN ESPECIAL | OO42: =SUM(E42:ON42)-SUM(NT42:NW42)-SUM(NZ42:OE42) -> 0
D43: TOTAL REGIMEN | E43: =SUM(E39:E42) -> 0 | F43: =SUM(F39:F42) -> 0 | G43: =SUM(G39:G42) -> 0 | H43: =SUM(H39:H42) -> 0 | I43: =SUM(I39:I42) -> 0 | J43: =SUM(J39:J42) -> 0 | K43: =SUM(K39:K42) -> 0 | L43: =SUM(L39:L42) -> 0 | ... OO43: =SUM(OO39:OO42) -> 0
A44: 5 | B44: ='[1]6_VENEZOLANOS'!B44:B52 -> 170 | C44: MAYO | D44: FEMENINO | OO44: =SUM(E44:ON44)-SUM(NT44:NW44)-SUM(NZ44:OE44) -> 0
D45: MASCULINO | OO45: =SUM(E45:ON45)-SUM(NT45:NW45)-SUM(NZ45:OE45) -> 0
D46: OTRO | OO46: =SUM(E46:ON46)-SUM(NT46:NW46)-SUM(NZ46:OE46) -> 0
D47: TOTAL GENERO | E47: =SUM(E44:E46) -> 0 | F47: =SUM(F44:F46) -> 0 | G47: =SUM(G44:G46) -> 0 | H47: =SUM(H44:H46) -> 0 | I47: =SUM(I44:I46) -> 0 | J47: =SUM(J44:J46) -> 0 | K47: =SUM(K44:K46) -> 0 | L47: =SUM(L44:L46) -> 0 | ... OO47: =SUM(OO44:OO46) -> 0
D48: CONTRIBUTIVO | OO48: =SUM(E48:ON48)-SUM(NT48:NW48)-SUM(NZ48:OE48) -> 0
D49: SUBSIDIADO | OO49: =SUM(E49:ON49)-SUM(NT49:NW49)-SUM(NZ49:OE49) -> 0
D50: POBRE NO ASEGURADO | OO50: =SUM(E50:ON50)-SUM(NT50:NW50)-SUM(NZ50:OE50) -> 0
D51: REGIMEN ESPECIAL | OO51: =SUM(E51:ON51)-SUM(NT51:NW51)-SUM(NZ51:OE51) -> 0
D52: TOTAL REGIMEN | E52: =SUM(E48:E51) -> 0 | F52: =SUM(F48:F51) -> 0 | G52: =SUM(G48:G51) -> 0 | H52: =SUM(H48:H51) -> 0 | I52: =SUM(I48:I51) -> 0 | J52: =SUM(J48:J51) -> 0 | K52: =SUM(K48:K51) -> 0 | L52: =SUM(L48:L51) -> 0 | ... OO52: =SUM(OO48:OO51) -> 0
A53: 6 | B53: ='[1]6_VENEZOLANOS'!B53:B61 -> 318 | C53: JUNIO | D53: FEMENINO | OO53: =SUM(E53:ON53)-SUM(NT53:NW53)-SUM(NZ53:OE53) -> 0
D54: MASCULINO | OO54: =SUM(E54:ON54)-SUM(NT54:NW54)-SUM(NZ54:OE54) -> 0
D55: OTRO | OO55: =SUM(E55:ON55)-SUM(NT55:NW55)-SUM(NZ55:OE55) -> 0
D56: TOTAL GENERO | E56: =SUM(E53:E55) -> 0 | F56: =SUM(F53:F55) -> 0 | G56: =SUM(G53:G55) -> 0 | H56: =SUM(H53:H55) -> 0 | I56: =SUM(I53:I55) -> 0 | J56: =SUM(J53:J55) -> 0 | K56: =SUM(K53:K55) -> 0 | L56: =SUM(L53:L55) -> 0 | ... OO56: =SUM(OO53:OO55) -> 0
D57: CONTRIBUTIVO | OO57: =SUM(E57:ON57)-SUM(NT57:NW57)-SUM(NZ57:OE57) -> 0
D58: SUBSIDIADO | OO58: =SUM(E58:ON58)-SUM(NT58:NW58)-SUM(NZ58:OE58) -> 0
D59: POBRE NO ASEGURADO | OO59: =SUM(E59:ON59)-SUM(NT59:NW59)-SUM(NZ59:OE59) -> 0
D60: REGIMEN ESPECIAL | OO60: =SUM(E60:ON60)-SUM(NT60:NW60)-SUM(NZ60:OE60) -> 0
D61: TOTAL REGIMEN | E61: =SUM(E57:E60) -> 0 | F61: =SUM(F57:F60) -> 0 | G61: =SUM(G57:G60) -> 0 | H61: =SUM(H57:H60) -> 0 | I61: =SUM(I57:I60) -> 0 | J61: =SUM(J57:J60) -> 0 | K61: =SUM(K57:K60) -> 0 | L61: =SUM(L57:L60) -> 0 | ... OO61: =SUM(OO57:OO60) -> 0
A62: 7 | B62: ='[1]6_VENEZOLANOS'!B62:B70 -> 383 | C62: JULIO | D62: FEMENINO | OO62: =SUM(E62:ON62)-SUM(NT62:NW62)-SUM(NZ62:OE62) -> 0
D63: MASCULINO | OO63: =SUM(E63:ON63)-SUM(NT63:NW63)-SUM(NZ63:OE63) -> 0
D64: OTRO | OO64: =SUM(E64:ON64)-SUM(NT64:NW64)-SUM(NZ64:OE64) -> 0
D65: TOTAL GENERO | E65: =SUM(E62:E64) -> 0 | F65: =SUM(F62:F64) -> 0 | G65: =SUM(G62:G64) -> 0 | H65: =SUM(H62:H64) -> 0 | I65: =SUM(I62:I64) -> 0 | J65: =SUM(J62:J64) -> 0 | K65: =SUM(K62:K64) -> 0 | L65: =SUM(L62:L64) -> 0 | ... OO65: =SUM(OO62:OO64) -> 0
D66: CONTRIBUTIVO | OO66: =SUM(E66:ON66)-SUM(NT66:NW66)-SUM(NZ66:OE66) -> 0
D67: SUBSIDIADO | OO67: =SUM(E67:ON67)-SUM(NT67:NW67)-SUM(NZ67:OE67) -> 0
D68: POBRE NO ASEGURADO | OO68: =SUM(E68:ON68)-SUM(NT68:NW68)-SUM(NZ68:OE68) -> 0
D69: REGIMEN ESPECIAL | OO69: =SUM(E69:ON69)-SUM(NT69:NW69)-SUM(NZ69:OE69) -> 0
D70: TOTAL REGIMEN | E70: =SUM(E66:E69) -> 0 | F70: =SUM(F66:F69) -> 0 | G70: =SUM(G66:G69) -> 0 | H70: =SUM(H66:H69) -> 0 | I70: =SUM(I66:I69) -> 0 | J70: =SUM(J66:J69) -> 0 | K70: =SUM(K66:K69) -> 0 | L70: =SUM(L66:L69) -> 0 | ... OO70: =SUM(OO66:OO69) -> 0
A71: 8 | B71: ='[1]6_VENEZOLANOS'!B71:B79 -> 400 | C71: AGOSTO | D71: FEMENINO | OO71: =SUM(E71:ON71)-SUM(NT71:NW71)-SUM(NZ71:OE71) -> 0
D72: MASCULINO | OO72: =SUM(E72:ON72)-SUM(NT72:NW72)-SUM(NZ72:OE72) -> 0
D73: OTRO | OO73: =SUM(E73:ON73)-SUM(NT73:NW73)-SUM(NZ73:OE73) -> 0
D74: TOTAL GENERO | E74: =SUM(E71:E73) -> 0 | F74: =SUM(F71:F73) -> 0 | G74: =SUM(G71:G73) -> 0 | H74: =SUM(H71:H73) -> 0 | I74: =SUM(I71:I73) -> 0 | J74: =SUM(J71:J73) -> 0 | K74: =SUM(K71:K73) -> 0 | L74: =SUM(L71:L73) -> 0 | ... OO74: =SUM(OO71:OO73) -> 0
D75: CONTRIBUTIVO | OO75: =SUM(E75:ON75)-SUM(NT75:NW75)-SUM(NZ75:OE75) -> 0
D76: SUBSIDIADO | OO76: =SUM(E76:ON76)-SUM(NT76:NW76)-SUM(NZ76:OE76) -> 0
D77: POBRE NO ASEGURADO | OO77: =SUM(E77:ON77)-SUM(NT77:NW77)-SUM(NZ77:OE77) -> 0
D78: REGIMEN ESPECIAL | OO78: =SUM(E78:ON78)-SUM(NT78:NW78)-SUM(NZ78:OE78) -> 0
D79: TOTAL REGIMEN | E79: =SUM(E75:E78) -> 0 | F79: =SUM(F75:F78) -> 0 | G79: =SUM(G75:G78) -> 0 | H79: =SUM(H75:H78) -> 0 | I79: =SUM(I75:I78) -> 0 | J79: =SUM(J75:J78) -> 0 | K79: =SUM(K75:K78) -> 0 | L79: =SUM(L75:L78) -> 0 | ... OO79: =SUM(OO75:OO78) -> 0
A80: 9 | B80: ='[1]6_VENEZOLANOS'!B80:B88 -> 440 | C80: SEPTIEMBRE | D80: FEMENINO | OO80: =SUM(E80:ON80)-SUM(NT80:NW80)-SUM(NZ80:OE80) -> 0
D81: MASCULINO | OO81: =SUM(E81:ON81)-SUM(NT81:NW81)-SUM(NZ81:OE81) -> 0
D82: OTRO | OO82: =SUM(E82:ON82)-SUM(NT82:NW82)-SUM(NZ82:OE82) -> 0
D83: TOTAL GENERO | E83: =SUM(E80:E82) -> 0 | F83: =SUM(F80:F82) -> 0 | G83: =SUM(G80:G82) -> 0 | H83: =SUM(H80:H82) -> 0 | I83: =SUM(I80:I82) -> 0 | J83: =SUM(J80:J82) -> 0 | K83: =SUM(K80:K82) -> 0 | L83: =SUM(L80:L82) -> 0 | ... OO83: =SUM(OO80:OO82) -> 0
D84: CONTRIBUTIVO | OO84: =SUM(E84:ON84)-SUM(NT84:NW84)-SUM(NZ84:OE84) -> 0
D85: SUBSIDIADO | OO85: =SUM(E85:ON85)-SUM(NT85:NW85)-SUM(NZ85:OE85) -> 0
D86: POBRE NO ASEGURADO | OO86: =SUM(E86:ON86)-SUM(NT86:NW86)-SUM(NZ86:OE86) -> 0
D87: REGIMEN ESPECIAL | OO87: =SUM(E87:ON87)-SUM(NT87:NW87)-SUM(NZ87:OE87) -> 0
D88: TOTAL REGIMEN | E88: =SUM(E84:E87) -> 0 | F88: =SUM(F84:F87) -> 0 | G88: =SUM(G84:G87) -> 0 | H88: =SUM(H84:H87) -> 0 | I88: =SUM(I84:I87) -> 0 | J88: =SUM(J84:J87) -> 0 | K88: =SUM(K84:K87) -> 0 | L88: =SUM(L84:L87) -> 0 | ... OO88: =SUM(OO84:OO87) -> 0
A89: 10 | B89: ='[1]6_VENEZOLANOS'!B89:B97 -> 456 | C89: OCTUBRE | D89: FEMENINO | OO89: =SUM(E89:ON89)-SUM(NT89:NW89)-SUM(NZ89:OE89) -> 0
D90: MASCULINO | OO90: =SUM(E90:ON90)-SUM(NT90:NW90)-SUM(NZ90:OE90) -> 0
D91: OTRO | OO91: =SUM(E91:ON91)-SUM(NT91:NW91)-SUM(NZ91:OE91) -> 0
D92: TOTAL GENERO | E92: =SUM(E89:E91) -> 0 | F92: =SUM(F89:F91) -> 0 | G92: =SUM(G89:G91) -> 0 | H92: =SUM(H89:H91) -> 0 | I92: =SUM(I89:I91) -> 0 | J92: =SUM(J89:J91) -> 0 | K92: =SUM(K89:K91) -> 0 | L92: =SUM(L89:L91) -> 0 | ... OO92: =SUM(OO89:OO91) -> 0
D93: CONTRIBUTIVO | OO93: =SUM(E93:ON93)-SUM(NT93:NW93)-SUM(NZ93:OE93) -> 0
D94: SUBSIDIADO | OO94: =SUM(E94:ON94)-SUM(NT94:NW94)-SUM(NZ94:OE94) -> 0
D95: POBRE NO ASEGURADO | OO95: =SUM(E95:ON95)-SUM(NT95:NW95)-SUM(NZ95:OE95) -> 0
D96: REGIMEN ESPECIAL | OO96: =SUM(E96:ON96)-SUM(NT96:NW96)-SUM(NZ96:OE96) -> 0
D97: TOTAL REGIMEN | E97: =SUM(E93:E96) -> 0 | F97: =SUM(F93:F96) -> 0 | G97: =SUM(G93:G96) -> 0 | H97: =SUM(H93:H96) -> 0 | I97: =SUM(I93:I96) -> 0 | J97: =SUM(J93:J96) -> 0 | K97: =SUM(K93:K96) -> 0 | L97: =SUM(L93:L96) -> 0 | ... OO97: =SUM(OO93:OO96) -> 0
A98: 11 | B98: ='[1]6_VENEZOLANOS'!B98:B106 -> 572 | C98: NOVIEMBRE | D98: FEMENINO | OO98: =SUM(E98:ON98)-SUM(NT98:NW98)-SUM(NZ98:OE98) -> 0
D99: MASCULINO | OO99: =SUM(E99:ON99)-SUM(NT99:NW99)-SUM(NZ99:OE99) -> 0
D100: OTRO | OO100: =SUM(E100:ON100)-SUM(NT100:NW100)-SUM(NZ100:OE100) -> 0
...

Sheet 4_PERU
E1: =D1+1 -> 1 | F1: =E1+1 -> 2 | G1: =F1+1 -> 3 | H1: =G1+1 -> 4 | I1: =H1+1 -> 5 | J1: =I1+1 -> 6 | K1: =J1+1 -> 7 | L1: =K1+1 -> 8 | ... ON1: =OM1+1 -> 400
A2: NOMBRE DEPARTAMENTO: | D2: ='6_VENEZOLANOS'!D2 -> RISARALDA | E2: CODIGO DEPARTAMENTO: | G2: ='6_VENEZOLANOS'!G2 -> 66 | H2: =G2 -> 66
A3: AÑO: | D3: ='6_VENEZOLANOS'!D3 -> 2026 | HE3: DE 1 AÑO 2022 | HF3: DE 2 AÑOS 2021 | HG3: DE 3 AÑOS 2020 | HH3: DE 4 AÑOS 2019 | HI3: DE 5 AÑOS 2018 | HJ3: DE 6 AÑOS 2017 | HK3: DE 7 AÑOS 2016 | HL3: DE 8 AÑOS 2015 | HM3: DE 9 AÑOS 2014 | HN3: DE 10 AÑOS 2013 | HO3: DE 11 AÑOS 2012 | HP3: DE 12 AÑOS 2011 | HQ3: DE 13 AÑOS 2010 | HR3: DE 14 AÑOS 2009 | HS3: DE 15 AÑOS 2008 | HT3: DE 16 AÑOS 2007 | HU3: DE 17 AÑOS 2006 | OG3: .
A4: MES DE REPORTE | D4: ='6_VENEZOLANOS'!D4 -> agosto | F4: VACUNAS PAI | S4: VACUNAS PAI | BV4: VACUNAS PAI | CW4: VACUNAS PAI | EI4: VACUNAS PAI | FE4: VACUNAS PAI | JZ4: VACUNAS PAI | NH4: VACUNAS PAI | OF4: VACUNAS PAI
A5: MUNICIPIO | D5: REGIMEN / GRUPO ETNICO | E5: BCG | H5: HEPATITIS B | AE5: HEPATITIS B (RESOLUCION. 0459/2012 y Circular 031/2014) | BK5: POBLACION PRIORIZADA PARA HEPATITIS B | BO5: ANTIPOLIO INACTIVADA (VIP) | CU5: HEXAVALENTE (DPTa-HB-Hib-VIP) | CX5: PENTAVALENTE DPT - HB - Hib | DI5: DPT | DV5: TDaP Acelular Pediatrica | FA5: ROTAVIRUS | FC5: NEUMOCOCO CONJUGADA DECAVALENTE | FI5: NEUMOCOCO CONJUGADA TRECEVALENTE | FO5: SRP (TRIPLE VIRAL) | GI5: SR (DOBLE VIRAL) | HD5: FIEBRE AMARILLA DOSIS UNICA | IC5: HEPATITIS A (Cohorte de nacidos a partir de 1 de enero de 2012) | IP5: VARICELA (Cohorte de nacidos a partir de 1 de julio de 2014) | JH5: TOXOIDE TETANICO-DIFTERICO DE ADULTOS (Td) | LM5: Tdap ACELULAR (Se debe garantizar una dosis por cada embarazo y se aplica a partir de las semana 26 y zona rural a partir de la semana 20 y otros grupos de dificil acceso o captación) | LZ5: INFLUENZA | MR5: MENINGOCOCO USO EN BROTES (Serogrupo A, C, Y y W-135) | MX5: V P H | NH5: ANTIRRABICA HUMANA PRE/POST-EXPOSICION | NW5: INMUNOGLOBULINA ANTI HEPATITIS B | OB5: INMUNOGLOBULINAS /ANTITOXINAS TETÁNICAS | OD5: ANTI TOXINA DIFTERICA (Suero heterólogo) | OF5: COVID 19
E6: RECIEN NACIDO (DE 0 HASTA 29 DÍAS) | F6: MENOR DE UN AÑO (A PARTIR DE 30 DIAS HASTA 11 MESES 29 DIAS) | G6: POBLACION INDIGENA Y RURAL DISPERSA (DE 1 AÑO A 5 AÑOS, 11 MESES, 29 DIAS) | H6: RECIEN NACIDO (HASTA 29 DÍAS) | J6: DE 2 A 11 MESES 29 DÍAS | M6: DE 1 AÑO | P6: DE 2 AÑOS | S6: DE 3 AÑOS | V6: DE 4 AÑOS | Y6: DE 5 AÑOS | AB6: DE 6 a 17 AÑOS 11 MESES Y 29 DIAS (ICBF) | AE6: DE 1 AÑO | AI6: DE 2 AÑOS | AM6: DE 3 AÑOS | AQ6: DE 4 AÑOS | AU6: DE 5 AÑOS | AY6: 6 A 14 AÑOS | BC6: DE 15 AÑOS A 17 AÑOS | BG6: DE 18 AÑOS Y MAS | BO6: < DE 1 AÑO | BR6: DE 1 AÑO | BU6: DE 2 AÑOS | BX6: DE 3 AÑOS | CA6: DE 4 AÑOS | CD6: DE 5 AÑOS | CG6: AL AÑO DE LA 3ra DOSIS (De 18 a 23 meses) | CH6: DE 2 AÑOS | CI6: DE 3 AÑOS | CJ6: DE 4 AÑOS | CK6: DE 5 AÑOS | CL6: DE 5 AÑOS | CM6: DE 6 AÑOS | CP6: DE 7 A 17 AÑOS (AUTORIZADAS POR EL MINISTERIO) | CS6: DE 18 A 60 AÑOS (AUTORIZADAS POR EL MINISTERIO) | CU6: < DE 1 AÑO (Prematuros Extremos (MENOR DE 1500 GRAMOS según lineamientos) | CX6: < DE 1 AÑO | DA6: De 18 a 23 meses | DB6: DE 1 AÑO (12 a 23 meses) Sin antecedente de Penta | DE6: DE 2 AÑOS (24 a 35 meses) Sin antecedente de Penta | DF6: DE 3 AÑOS (36 a 47 meses) Sin antecedente de Penta | DG6: DE 4 AÑOS (48 a 70 meses) Sin antecedente de Penta | DH6: 5 AÑOS HASTA UN DIA ANTES DE CUMPLIR LOS 6 AÑOS | DI6: DE 2 AÑOS | DL6: DE 3 AÑOS | DO6: DE 4 AÑOS | DR6: DE 5 AÑOS | DV6: < DE 1 AÑO | DY6: DE 1 AÑO | EB6: DE 2 AÑOS | EE6: DE 3 AÑOS | EH6: DE 4 AÑOS | EK6: DE 5 AÑOS | EN6: De 18 a 23 meses | EO6: DE 2 AÑOS | EP6: DE 3 AÑOS | EQ6: DE 4 AÑOS | ER6: DE 5 AÑOS | ES6: 3 AÑOS | ET6: 4 AÑOS | EU6: 5 AÑOS | EV6: DE 6 AÑOS | FA6: DE 2 MESES A 3 MESES y 21 DIAS | FB6: DE 4 MESES A LOS 11 MESES y 29 DIAS | FC6: DE 2 A 11 MESES 29 DIAS | FE6: DE 12 MESES A 23 MESES | FH6: DE 24 MESES A 71 MESES 29 DIAS | FI6: DE 2 A 11 MESES 29 DIAS | FK6: DE 12 A 23 MESES | FL6: DE 12 A 23 MESES | FN6: DE 24 MESES A 71 MESES 29 DIAS | FO6: PRIMERA DOSIS (Se deben registrar las dosis aplicadas en población nacida del 1 de enero al 31 de diciembre de cada año) | FY6: SEGUNDA DOSIS | GI6: DOSIS CERO | GJ6: DOSIS UNICA | HD6: DE 1 AÑO 2024 | HE6: DE 2 AÑOS 2023 | HF6: DE 3 AÑOS 2022 | HG6: DE 4 AÑOS 2021 | HH6: DE 5 AÑOS 2020 | HI6: DE 6 AÑOS 2019 | HJ6: DE 7 AÑOS 2018 | HK6: DE 8 AÑOS 2017 | HL6: DE 9 AÑOS 2016 | HM6: DE 10 AÑOS 2015 | HN6: DE 11 AÑOS 2014 | HO6: DE 12 AÑOS 2013 | HP6: DE 13 AÑOS 2012 | HQ6: DE 14 AÑOS 2011 | HR6: DE 15 AÑOS 2010 | HS6: DE 16 AÑOS 2009 | HT6: DE 17 AÑOS 2008 | HU6: DE 18 AÑOS 2007 | HV6: DE 19 AÑOS 2006 | HW6: 20 A 30 AÑOS (2007-1994) | HX6: 31 A 40 AÑOS | HY6: 41 A 50 AÑOS | HZ6: 51 A 59 AÑOS | IA6: 60 A 69 AÑOS (previa autorizacion del Ministerio). | IB6: EN SITUACIÓN DE BROTE Y PAISES QUE EXIGEN ANTECEDENTE VACUNAL | IC6: DOSIS ÚNICA | IP6: PRIMERA DOSIS | JA6: REFUERZO (aplicadas a partir del 1 de julio de 2019) | JH6: NIÑOS Y NIÑAS DE 7 A 9 AÑOS | JM6: GESTANTES DE 9 AÑOS A 17 AÑOS | JR6: GESTANTES DE 18 AÑOS Y MAS | JW6: REFUERZOS GESTANTES 15 A 49 AÑOS | KA6: MUJERES EN EDAD FERTIL (MEF) DE 10 AÑOS A 17 AÑOS | KF6: MUJERES EN EDAD FERTIL (MEF) DE 18 A 49 AÑOS | KK6: REFUERZOS MEF DE 15 A 49 AÑOS | KO6: HOMBRES DE 10 A 17 AÑOS | KT6: HOMBRES DE 18 A 49 AÑOS | KY6: REFUERZOS HOMBRES DE 15 A 49 AÑOS | LC6: OTROS DE 50 A 59 AÑOS | LH6: OTROS DE 60 AÑOS Y MAS | LM6: GESTANTES DE 9 A 17 AÑOS de acuerdo al lineamiento | LS6: GESTANTES DE 18 AÑOS Y MAS, de acuerdo al lineamiento | LY6: UNICA DOSIS OTROS GRUPOS (Con Autorizacion del MSPS ) | LZ6: DE 6 MESES A 11 MESES | MB6: DE 12 MESES A 23 MESES | ME6: 24 A 35 MESES SEGÚN AUTORIZACION DEL MINISTERIO | MH6: DE 50 a 59 AÑOS (SEGÚN AUTORIZACION DEL MINISTERIO) | MI6: DE 60 Y MAS AÑOS | MJ6: GESTANTES A PARTIR DE LA SEMANA 14 | MK6: DE 3 A 8 AÑOS (Poblaciones autorizadas de acuerdo a los lineamientos emitidos por el MSPS ) | MN6: DE 9 A 17 AÑOS (Poblaciones con diagnóstico de riesgo, recibir de acuerdo a los lineamientos emitidos por el MSPS ) | MO6: DE 18 A 59 AÑOS (Poblaciones con diagnóstico de riesgo de acuerdo a los lineamientos emitidos por el MSPS) | MP6: PERSONAL DE LA SALUD | MQ6: Familiares y convivientes de menores de 18 años con Cancér (Ley 1388/2010) | MR6: DE 6 A 11 MESES | MU6: 12 A 23 MESES | MW6: MAYORES DE 2 AÑOS | MX6: 9 AÑOS | MY6: 10 AÑOS | MZ6: 11 AÑOS | NA6: 12 AÑOS | NB6: 13 AÑOS | NC6: 14 AÑOS | ND6: 15 AÑOS | NE6: 16 AÑOS | NF6: 17 AÑOS | NG6: 2as Dosis Inmunosuprimidos, según linemientos del 30 de septiembre/2023 | NH6: ESQUEMA PRE EXPOSICIÓN OPCION 1 (I.D.) (Se aplica previa autorización del Ministerio) | NJ6: ESQUEMA PRE EXPOSICIÓN OPCION 2 (I.M.) (Se aplica previa autorización del Ministerio) | NL6: ESQUEMA POST EXPOSICION Número de dosis aplicadas | NQ6: ESQUEMA RE-EXPOSICIÓN | NT6: TOTAL DE ESQUEMAS POST EXPOSICION (USUARIOS CON ESQUEMA DE VACUNACION COMPLETO) | NU6: INMUNOGLOBULINA ANTIRRÁBICA (Número de frascos utilizados) | NV6: No. De personas que recibieron inmunoglobulina antirrabica. | NW6: RECIEN NACIDO (Hijo de Madre Antigenos + para HB) | NZ6: RESOLUCION 0459/2012- Circular 031/2014) | OB6: INMUNOGLOBULINA ANTI TETANICA (Suero homólogo) | OF6: DE 6 MESES A 4 AÑOS | OI6: DE 5 AÑOS A 11 AÑOS | OJ6: DE 12 A 59 AÑOS | OK6: GESTANTES | OL6: MAYORES DE 60 AÑOS | OM6: TALENTO HUMANO EN SALUD | ON6: DE 12 AÑOS A 59 AÑOS PERSONAS CON COMORBILIDADES
A7: Nº | B7: COD DANE MPIO | C7: NOMBRE MUNICIPIO/ IPS | H7: RECIEN NACIDO (Primeras 12 Horas) | I7: RECIEN NACIDO Entre 12 horas y 29 dias | J7: 1a | K7: 2a | L7: 3a | M7: 1a | N7: 2a | O7: 3a | P7: 1a | Q7: 2a | R7: 3a | S7: 1a | T7: 2a | U7: 3a | V7: 1a | W7: 2a | X7: 3a | Y7: 1a | Z7: 2a | AA7: 3a | AB7: 1a | AC7: 2a | AD7: 3a | AE7: 1a | AF7: 2a | AG7: 3a | AH7: Ref. | AI7: 1a | AJ7: 2a | AK7: 3a | AL7: Ref. | AM7: 1a | AN7: 2a | AO7: 3a | AP7: Ref. | AQ7: 1a | AR7: 2a | AS7: 3a | AT7: Ref. | AU7: 1a | AV7: 2a | AW7: 3a | AX7: Ref. | AY7: 1a | AZ7: 2a | BA7: 3a | BB7: Ref. | BC7: 1a | BD7: 2a | BE7: 3a | BF7: Ref. | BG7: 1a | BH7: 2a | BI7: 3a | BJ7: Ref. | BK7: 1a | BL7: 2a | BM7: 3a | BN7: Ref- | BO7: 1a | BP7: 2a | BQ7: 3a | BR7: 1a | BS7: 2a | BT7: 3a | BU7: 1a | BV7: 2a | BW7: 3a | BX7: 1a | BY7: 2a | BZ7: 3a | CA7: 1a | CB7: 2a | CC7: 3a | CD7: 1a | CE7: 2a | CF7: 3a | CG7: Primer Refuerzo | CL7: Segundo Refuerzo | CM7: 1a | CN7: 2a | CO7: 3a | CP7: 1a | CQ7: 2a | CR7: 3a | CS7: 1a | CT7: 2a | CU7: 1a | CV7: 2a | CW7: 3a | CX7: 1a | CY7: 2a | CZ7: 3a | DA7: 1er REF de acuerdo a lineamiento | DB7: 1a | DC7: 2a | DD7: 3a | DE7: Unica | DF7: Unica | DG7: Unica | DH7: Unica | DI7: 2a | DJ7: 3a | DK7: REF. | DL7: 2a | DM7: 3a | DN7: REF. | DO7: 2a | DP7: 3a | DQ7: REF. | DR7: 2a | DS7: 3a | DT7: 1° REF. | DU7: 2° REF. | DV7: 1a | DW7: 2a | DX7: 3a | DY7: 1a | DZ7: 2a | EA7: 3a | EB7: 1a | EC7: 2a | ED7: 3a | EE7: 1a | EF7: 2a | EG7: 3a | EH7: 1a | EI7: 2a | EJ7: 3a | EK7: 1a | EL7: 2a | EM7: 3a | EN7: 1er REF. | ES7: 2° REF. | EV7: 1a | EW7: 2a | EX7: 3a | EY7: 1er REF. | EZ7: 2° REF. | FA7: 1a | FB7: 2a | FC7: 1a | FD7: 2a | FE7: REF. | FF7: 1a | FG7: 2a | FH7: ÚNICA | FI7: 1a | FJ7: 2a | FK7: REF. | FL7: 1a | FM7: 2a | FN7: ÚNICA | FO7: Nacidos 2024 1 año | FP7: Nacidos 2023 2 años | FQ7: Nacidos 2022 3 años | FR7: Nacidos 2021 4 años | FS7: Nacidos 2020 5 años | FT7: Nacidos 2019 6 años | FU7: Nacidos 2018 7 años | FV7: Nacidos 2017 8 años | FW7: Nacidos 2016 9 años | FX7: Nacidos 2015 10 años | FY7: De 18 a 23 meses | FZ7: Nacidos 2023 (Seguimiento) 2 años | GA7: Nacidos 2022 (Seguimiento) 3 años | GB7: Nacidos 2021 (Seguimiento) 4 años | GC7: Nacidos 2020 5 años | GD7: Nacidos 2019 6 años | GE7: Nacidos 2018 7 años | GF7: Nacidos 2017 8 años | GG7: Nacidos 2016 9 años | GH7: Nacidos 2015 10 años | GI7: SR * 6 a 11 MESES 29 DIAS | GJ7: DE 1 AÑO 2024 | GK7: DE 2 AÑOS 2023 | GL7: DE 3 AÑOS 2022 | GM7: DE 4 AÑOS 2021 | GN7: DE 5 AÑOS 2020 | GO7: DE 6 AÑOS 2019 | GP7: DE 7 AÑOS 2018 | GQ7: DE 8 AÑOS 2017 | GR7: DE 9 AÑOS 2016 | GS7: DE 10 AÑOS 2015 | GT7: DE 11 AÑOS 2014 | GU7: DE 12 AÑOS 2013 | GV7: DE 13 AÑOS 2012 | GW7: DE 14 AÑOS 2011 | GX7: DE 15 AÑOS 2010 | GY7: DE 16 AÑOS 2009 | GZ7: DE 17 AÑOS 2008 | HA7: 18 A 30 AÑOS | HB7: 31 A 40 AÑOS | HC7: 41 Y MAS AÑOS | IB7: 9 meses a 11 meses (Con Autorizacion del MSPS de acuerdo a Lineamientos) | IC7: DE 1 AÑO 2024 | ID7: DE 2 AÑOS 2023 | IE7: DE 3 AÑOS 2022 | IF7: DE 4 AÑOS 2021 | IG7: DE 5 AÑOS 2020 | IH7: DE 6 AÑOS 2019 | II7: DE 7 AÑOS 2018 | IJ7: DE 8 AÑOS 2017 | IK7: DE 9 AÑOS 2016 | IL7: DE 10 AÑOS 2015 | IM7: DE 11 AÑOS 2014 | IN7: DE 12 AÑOS 2013 | IO7: DE 13 AÑOS 2012 | IP7: DE 1 AÑO 2024 | IQ7: DE 2 AÑOS 2023 | IR7: DE 3 AÑOS 2022 | IS7: DE 4 AÑOS 2021 | IT7: DE 5 AÑOS 2020 | IU7: DE 6 AÑOS 2019 | IV7: DE 7 AÑOS 2018 | IW7: DE 8 AÑOS 2017 | IX7: DE 9 AÑOS 2016 | IY7: DE 10 AÑOS 2015 | IZ7: DE 11 AÑOS 2014 | JA7: DE 5 AÑOS 2024 | JB7: DE 6 AÑOS 2023 | JC7: DE 7 AÑOS 2022 | JD7: DE 8 AÑOS 2021 | JE7: DE 9 AÑOS 2020 | JF7: DE 10 AÑOS 2019 | JG7: DE 11 AÑOS 2018 | JH7: Td1 | JI7: Td2 | JJ7: Td3 | JK7: Ref 1 | JL7: Ref 2 | JM7: Td1 | JN7: Td2 | JO7: Td3 | JP7: Td4 | JQ7: Td5 | JR7: Td1 | JS7: Td2 | JT7: Td3 | JU7: Td4 | JV7: Td5 | JW7: REF. 1 | JX7: REF. 2 | JY7: REF. 3 | JZ7: REF. 4 | KA7: Td1 | KB7: Td2 | KC7: Td3 | KD7: Td4 | KE7: Td5 | KF7: Td1 | KG7: Td2 | KH7: Td3 | KI7: Td4 | KJ7: Td5 | KK7: REF. 1 | KL7: REF. 2 | KM7: REF. 3 | KN7: REF. 4 | KO7: Td1 | KP7: Td2 | KQ7: Td3 | KR7: Td4 | KS7: Td5 | KT7: Td1 | KU7: Td2 | KV7: Td3 | KW7: Td4 | KX7: Td5 | KY7: REF. 1 | KZ7: REF. 2 | LA7: REF. 3 | LB7: REF. 4 | LC7: Td1 | LD7: Td2 | LE7: Td3 | LF7: Td4 | LG7: Td5 | LH7: Td1 | LI7: Td2 | LJ7: Td3 | LK7: Td4 | LL7: Td5 | LM7: UNICA DOSIS EN CADA EMBARAZO | LN7: Td1 | LO7: Td2 | LP7: Td3 | LQ7: Td4 | LR7: Td5 | LS7: UNICA DOSIS EN CADA EMBARAZO | LT7: Td1 | LU7: Td2 | LV7: Td3 | LW7: Td4 | LX7: Td5 | LZ7: 1a | MA7: 2a | MB7: 1a | MC7: 2a | MD7: ÚNICA | ME7: 1a | MF7: 2a | MG7: ÚNICA | MH7: ÚNICA | MI7: ÚNICA | MJ7: ÚNICA | MK7: 1a | ML7: 2a | MM7: ÚNICA | MN7: ÚNICA | MO7: ÚNICA | MP7: ÚNICA | MQ7: ÚNICA | MR7: 1a | MS7: 2a | MT7: 3a | MU7: 1a | MV7: 2a | MW7: ÚNICA | MX7: Dosis Ùnica | NH7: 1a. y 2a día 0 | NI7: 3a y 4a. día 7 | NJ7: 1a . día 0 | NK7: 2a. día 7 | NL7: 1a. día 0 | NM7: 2a. dia 3 | NN7: 3a. día 7 | NO7: 4a . día 14 | NP7: 5a . día 21 a 28 | NQ7: 1a . día 0 | NR7: 2a. día 3 | NS7: 3a. día 7 a 14 | NT7: Número de usuarios | NW7: Número de frascos utilizados | NX7: N° recién nacidos que recibieron dosis de Ig en las primeras 12 horas | NY7: N° recién nacidos que recibieron dosis de Ig despues de las primeras 12 horas | NZ7: Número de frascos utilizados | OA7: N° Personas que recibieron dosis de Ig | OB7: Número de frascos utilizados | OC7: N° Personas que recibieron dosis de Ig | OD7: Número de frascos utilizados | OE7: N° Personas que recibieron dosis de antitoxina | OF7: Primera dosis | OG7: Segunda dosis | OH7: Adicional | OI7: Adicional | OJ7: Adicional | OK7: Adicional | OL7: Adicional | OM7: Adicional | ON7: Adicional | OO7: TOTAL DOSIS
A8: 1 | B8: ='[1]6_VENEZOLANOS'!B8:B16 -> 001 | C8: ENERO | D8: FEMENINO | OO8: =SUM(E8:ON8)-SUM(NT8:NW8)-SUM(NZ8:OE8) -> 0
D9: MASCULINO | OO9: =SUM(E9:ON9)-SUM(NT9:NW9)-SUM(NZ9:OE9) -> 0
D10: OTRO | OO10: =SUM(E10:ON10)-SUM(NT10:NW10)-SUM(NZ10:OE10) -> 0
D11: TOTAL GENERO | E11: =SUM(E8:E10) -> 0 | F11: =SUM(F8:F10) -> 0 | G11: =SUM(G8:G10) -> 0 | H11: =SUM(H8:H10) -> 0 | I11: =SUM(I8:I10) -> 0 | J11: =SUM(J8:J10) -> 0 | K11: =SUM(K8:K10) -> 0 | L11: =SUM(L8:L10) -> 0 | ... OO11: =SUM(OO8:OO10) -> 0
D12: CONTRIBUTIVO | OO12: =SUM(E12:ON12)-SUM(NT12:NW12)-SUM(NZ12:OE12) -> 0
D13: SUBSIDIADO | OO13: =SUM(E13:ON13)-SUM(NT13:NW13)-SUM(NZ13:OE13) -> 0
D14: POBRE NO ASEGURADO | OO14: =SUM(E14:ON14)-SUM(NT14:NW14)-SUM(NZ14:OE14) -> 0
D15: REGIMEN ESPECIAL | OO15: =SUM(E15:ON15)-SUM(NT15:NW15)-SUM(NZ15:OE15) -> 0
D16: TOTAL REGIMEN | E16: =SUM(E12:E15) -> 0 | F16: =SUM(F12:F15) -> 0 | G16: =SUM(G12:G15) -> 0 | H16: =SUM(H12:H15) -> 0 | I16: =SUM(I12:I15) -> 0 | J16: =SUM(J12:J15) -> 0 | K16: =SUM(K12:K15) -> 0 | L16: =SUM(L12:L15) -> 0 | ... OO16: =SUM(OO12:OO15) -> 0
A17: 2 | B17: ='[1]6_VENEZOLANOS'!B17:B25 -> 045 | C17: FEBRERO | D17: FEMENINO | OO17: =SUM(E17:ON17)-SUM(NT17:NW17)-SUM(NZ17:OE17) -> 0
D18: MASCULINO | OO18: =SUM(E18:ON18)-SUM(NT18:NW18)-SUM(NZ18:OE18) -> 0
D19: OTRO | OO19: =SUM(E19:ON19)-SUM(NT19:NW19)-SUM(NZ19:OE19) -> 0
D20: TOTAL GENERO | E20: =SUM(E17:E19) -> 0 | F20: =SUM(F17:F19) -> 0 | G20: =SUM(G17:G19) -> 0 | H20: =SUM(H17:H19) -> 0 | I20: =SUM(I17:I19) -> 0 | J20: =SUM(J17:J19) -> 0 | K20: =SUM(K17:K19) -> 0 | L20: =SUM(L17:L19) -> 0 | ... OO20: =SUM(OO17:OO19) -> 0
D21: CONTRIBUTIVO | OO21: =SUM(E21:ON21)-SUM(NT21:NW21)-SUM(NZ21:OE21) -> 0
D22: SUBSIDIADO | OO22: =SUM(E22:ON22)-SUM(NT22:NW22)-SUM(NZ22:OE22) -> 0
D23: POBRE NO ASEGURADO | OO23: =SUM(E23:ON23)-SUM(NT23:NW23)-SUM(NZ23:OE23) -> 0
D24: REGIMEN ESPECIAL | OO24: =SUM(E24:ON24)-SUM(NT24:NW24)-SUM(NZ24:OE24) -> 0
D25: TOTAL REGIMEN | E25: =SUM(E21:E24) -> 0 | F25: =SUM(F21:F24) -> 0 | G25: =SUM(G21:G24) -> 0 | H25: =SUM(H21:H24) -> 0 | I25: =SUM(I21:I24) -> 0 | J25: =SUM(J21:J24) -> 0 | K25: =SUM(K21:K24) -> 0 | L25: =SUM(L21:L24) -> 0 | ... OO25: =SUM(OO21:OO24) -> 0
A26: 3 | B26: ='[1]6_VENEZOLANOS'!B26:B34 -> 075 | C26: MARZO | D26: FEMENINO | OO26: =SUM(E26:ON26)-SUM(NT26:NW26)-SUM(NZ26:OE26) -> 0
D27: MASCULINO | OO27: =SUM(E27:ON27)-SUM(NT27:NW27)-SUM(NZ27:OE27) -> 0
D28: OTRO | OO28: =SUM(E28:ON28)-SUM(NT28:NW28)-SUM(NZ28:OE28) -> 0
D29: TOTAL GENERO | E29: =SUM(E26:E28) -> 0 | F29: =SUM(F26:F28) -> 0 | G29: =SUM(G26:G28) -> 0 | H29: =SUM(H26:H28) -> 0 | I29: =SUM(I26:I28) -> 0 | J29: =SUM(J26:J28) -> 0 | K29: =SUM(K26:K28) -> 0 | L29: =SUM(L26:L28) -> 0 | ... OO29: =SUM(OO26:OO28) -> 0
D30: CONTRIBUTIVO | OO30: =SUM(E30:ON30)-SUM(NT30:NW30)-SUM(NZ30:OE30) -> 0
D31: SUBSIDIADO | OO31: =SUM(E31:ON31)-SUM(NT31:NW31)-SUM(NZ31:OE31) -> 0
D32: POBRE NO ASEGURADO | OO32: =SUM(E32:ON32)-SUM(NT32:NW32)-SUM(NZ32:OE32) -> 0
D33: REGIMEN ESPECIAL | OO33: =SUM(E33:ON33)-SUM(NT33:NW33)-SUM(NZ33:OE33) -> 0
D34: TOTAL REGIMEN | E34: =SUM(E30:E33) -> 0 | F34: =SUM(F30:F33) -> 0 | G34: =SUM(G30:G33) -> 0 | H34: =SUM(H30:H33) -> 0 | I34: =SUM(I30:I33) -> 0 | J34: =SUM(J30:J33) -> 0 | K34: =SUM(K30:K33) -> 0 | L34: =SUM(L30:L33) -> 0 | ... OO34: =SUM(OO30:OO33) -> 0
A35: 4 | B35: ='[1]6_VENEZOLANOS'!B35:B43 -> 088 | C35: ABRIL | D35: FEMENINO | OO35: =SUM(E35:ON35)-SUM(NT35:NW35)-SUM(NZ35:OE35) -> 0
D36: MASCULINO | OO36: =SUM(E36:ON36)-SUM(NT36:NW36)-SUM(NZ36:OE36) -> 0
D37: OTRO | OO37: =SUM(E37:ON37)-SUM(NT37:NW37)-SUM(NZ37:OE37) -> 0
D38: TOTAL GENERO | E38: =SUM(E35:E37) -> 0 | F38: =SUM(F35:F37) -> 0 | G38: =SUM(G35:G37) -> 0 | H38: =SUM(H35:H37) -> 0 | I38: =SUM(I35:I37) -> 0 | J38: =SUM(J35:J37) -> 0 | K38: =SUM(K35:K37) -> 0 | L38: =SUM(L35:L37) -> 0 | ... OO38: =SUM(OO35:OO37) -> 0
D39: CONTRIBUTIVO | OO39: =SUM(E39:ON39)-SUM(NT39:NW39)-SUM(NZ39:OE39) -> 0
D40: SUBSIDIADO | OO40: =SUM(E40:ON40)-SUM(NT40:NW40)-SUM(NZ40:OE40) -> 0
D41: POBRE NO ASEGURADO | OO41: =SUM(E41:ON41)-SUM(NT41:NW41)-SUM(NZ41:OE41) -> 0
D42: REGIMEN ESPECIAL | OO42: =SUM(E42:ON42)-SUM(NT42:NW42)-SUM(NZ42:OE42) -> 0
D43: TOTAL REGIMEN | E43: =SUM(E39:E42) -> 0 | F43: =SUM(F39:F42) -> 0 | G43: =SUM(G39:G42) -> 0 | H43: =SUM(H39:H42) -> 0 | I43: =SUM(I39:I42) -> 0 | J43: =SUM(J39:J42) -> 0 | K43: =SUM(K39:K42) -> 0 | L43: =SUM(L39:L42) -> 0 | ... OO43: =SUM(OO39:OO42) -> 0
A44: 5 | B44: ='[1]6_VENEZOLANOS'!B44:B52 -> 170 | C44: MAYO | D44: FEMENINO | OO44: =SUM(E44:ON44)-SUM(NT44:NW44)-SUM(NZ44:OE44) -> 0
D45: MASCULINO | OO45: =SUM(E45:ON45)-SUM(NT45:NW45)-SUM(NZ45:OE45) -> 0
D46: OTRO | OO46: =SUM(E46:ON46)-SUM(NT46:NW46)-SUM(NZ46:OE46) -> 0
D47: TOTAL GENERO | E47: =SUM(E44:E46) -> 0 | F47: =SUM(F44:F46) -> 0 | G47: =SUM(G44:G46) -> 0 | H47: =SUM(H44:H46) -> 0 | I47: =SUM(I44:I46) -> 0 | J47: =SUM(J44:J46) -> 0 | K47: =SUM(K44:K46) -> 0 | L47: =SUM(L44:L46) -> 0 | ... OO47: =SUM(OO44:OO46) -> 0
D48: CONTRIBUTIVO | OO48: =SUM(E48:ON48)-SUM(NT48:NW48)-SUM(NZ48:OE48) -> 0
D49: SUBSIDIADO | OO49: =SUM(E49:ON49)-SUM(NT49:NW49)-SUM(NZ49:OE49) -> 0
D50: POBRE NO ASEGURADO | OO50: =SUM(E50:ON50)-SUM(NT50:NW50)-SUM(NZ50:OE50) -> 0
D51: REGIMEN ESPECIAL | OO51: =SUM(E51:ON51)-SUM(NT51:NW51)-SUM(NZ51:OE51) -> 0
D52: TOTAL REGIMEN | E52: =SUM(E48:E51) -> 0 | F52: =SUM(F48:F51) -> 0 | G52: =SUM(G48:G51) -> 0 | H52: =SUM(H48:H51) -> 0 | I52: =SUM(I48:I51) -> 0 | J52: =SUM(J48:J51) -> 0 | K52: =SUM(K48:K51) -> 0 | L52: =SUM(L48:L51) -> 0 | ... OO52: =SUM(OO48:OO51) -> 0
A53: 6 | B53: ='[1]6_VENEZOLANOS'!B53:B61 -> 318 | C53: JUNIO | D53: FEMENINO | OO53: =SUM(E53:ON53)-SUM(NT53:NW53)-SUM(NZ53:OE53) -> 0
D54: MASCULINO | OO54: =SUM(E54:ON54)-SUM(NT54:NW54)-SUM(NZ54:OE54) -> 0
D55: OTRO | OO55: =SUM(E55:ON55)-SUM(NT55:NW55)-SUM(NZ55:OE55) -> 0
D56: TOTAL GENERO | E56: =SUM(E53:E55) -> 0 | F56: =SUM(F53:F55) -> 0 | G56: =SUM(G53:G55) -> 0 | H56: =SUM(H53:H55) -> 0 | I56: =SUM(I53:I55) -> 0 | J56: =SUM(J53:J55) -> 0 | K56: =SUM(K53:K55) -> 0 | L56: =SUM(L53:L55) -> 0 | ... OO56: =SUM(OO53:OO55) -> 0
D57: CONTRIBUTIVO | OO57: =SUM(E57:ON57)-SUM(NT57:NW57)-SUM(NZ57:OE57) -> 0
D58: SUBSIDIADO | OO58: =SUM(E58:ON58)-SUM(NT58:NW58)-SUM(NZ58:OE58) -> 0
D59: POBRE NO ASEGURADO | OO59: =SUM(E59:ON59)-SUM(NT59:NW59)-SUM(NZ59:OE59) -> 0
D60: REGIMEN ESPECIAL | OO60: =SUM(E60:ON60)-SUM(NT60:NW60)-SUM(NZ60:OE60) -> 0
D61: TOTAL REGIMEN | E61: =SUM(E57:E60) -> 0 | F61: =SUM(F57:F60) -> 0 | G61: =SUM(G57:G60) -> 0 | H61: =SUM(H57:H60) -> 0 | I61: =SUM(I57:I60) -> 0 | J61: =SUM(J57:J60) -> 0 | K61: =SUM(K57:K60) -> 0 | L61: =SUM(L57:L60) -> 0 | ... OO61: =SUM(OO57:OO60) -> 0
A62: 7 | B62: ='[1]6_VENEZOLANOS'!B62:B70 -> 383 | C62: JULIO | D62: FEMENINO | OO62: =SUM(E62:ON62)-SUM(NT62:NW62)-SUM(NZ62:OE62) -> 0
D63: MASCULINO | OO63: =SUM(E63:ON63)-SUM(NT63:NW63)-SUM(NZ63:OE63) -> 0
D64: OTRO | OO64: =SUM(E64:ON64)-SUM(NT64:NW64)-SUM(NZ64:OE64) -> 0
D65: TOTAL GENERO | E65: =SUM(E62:E64) -> 0 | F65: =SUM(F62:F64) -> 0 | G65: =SUM(G62:G64) -> 0 | H65: =SUM(H62:H64) -> 0 | I65: =SUM(I62:I64) -> 0 | J65: =SUM(J62:J64) -> 0 | K65: =SUM(K62:K64) -> 0 | L65: =SUM(L62:L64) -> 0 | ... OO65: =SUM(OO62:OO64) -> 0
D66: CONTRIBUTIVO | OO66: =SUM(E66:ON66)-SUM(NT66:NW66)-SUM(NZ66:OE66) -> 0
D67: SUBSIDIADO | OO67: =SUM(E67:ON67)-SUM(NT67:NW67)-SUM(NZ67:OE67) -> 0
D68: POBRE NO ASEGURADO | OO68: =SUM(E68:ON68)-SUM(NT68:NW68)-SUM(NZ68:OE68) -> 0
D69: REGIMEN ESPECIAL | OO69: =SUM(E69:ON69)-SUM(NT69:NW69)-SUM(NZ69:OE69) -> 0
D70: TOTAL REGIMEN | E70: =SUM(E66:E69) -> 0 | F70: =SUM(F66:F69) -> 0 | G70: =SUM(G66:G69) -> 0 | H70: =SUM(H66:H69) -> 0 | I70: =SUM(I66:I69) -> 0 | J70: =SUM(J66:J69) -> 0 | K70: =SUM(K66:K69) -> 0 | L70: =SUM(L66:L69) -> 0 | ... OO70: =SUM(OO66:OO69) -> 0
A71: 8 | B71: ='[1]6_VENEZOLANOS'!B71:B79 -> 400 | C71: AGOSTO | D71: FEMENINO | OO71: =SUM(E71:ON71)-SUM(NT71:NW71)-SUM(NZ71:OE71) -> 0
D72: MASCULINO | OO72: =SUM(E72:ON72)-SUM(NT72:NW72)-SUM(NZ72:OE72) -> 0
D73: OTRO | OO73: =SUM(E73:ON73)-SUM(NT73:NW73)-SUM(NZ73:OE73) -> 0
D74: TOTAL GENERO | E74: =SUM(E71:E73) -> 0 | F74: =SUM(F71:F73) -> 0 | G74: =SUM(G71:G73) -> 0 | H74: =SUM(H71:H73) -> 0 | I74: =SUM(I71:I73) -> 0 | J74: =SUM(J71:J73) -> 0 | K74: =SUM(K71:K73) -> 0 | L74: =SUM(L71:L73) -> 0 | ... OO74: =SUM(OO71:OO73) -> 0
D75: CONTRIBUTIVO | OO75: =SUM(E75:ON75)-SUM(NT75:NW75)-SUM(NZ75:OE75) -> 0
D76: SUBSIDIADO | OO76: =SUM(E76:ON76)-SUM(NT76:NW76)-SUM(NZ76:OE76) -> 0
D77: POBRE NO ASEGURADO | OO77: =SUM(E77:ON77)-SUM(NT77:NW77)-SUM(NZ77:OE77) -> 0
D78: REGIMEN ESPECIAL | OO78: =SUM(E78:ON78)-SUM(NT78:NW78)-SUM(NZ78:OE78) -> 0
D79: TOTAL REGIMEN | E79: =SUM(E75:E78) -> 0 | F79: =SUM(F75:F78) -> 0 | G79: =SUM(G75:G78) -> 0 | H79: =SUM(H75:H78) -> 0 | I79: =SUM(I75:I78) -> 0 | J79: =SUM(J75:J78) -> 0 | K79: =SUM(K75:K78) -> 0 | L79: =SUM(L75:L78) -> 0 | ... OO79: =SUM(OO75:OO78) -> 0
A80: 9 | B80: ='[1]6_VENEZOLANOS'!B80:B88 -> 440 | C80: SEPTIEMBRE | D80: FEMENINO | OO80: =SUM(E80:ON80)-SUM(NT80:NW80)-SUM(NZ80:OE80) -> 0
D81: MASCULINO | OO81: =SUM(E81:ON81)-SUM(NT81:NW81)-SUM(NZ81:OE81) -> 0
D82: OTRO | OO82: =SUM(E82:ON82)-SUM(NT82:NW82)-SUM(NZ82:OE82) -> 0
D83: TOTAL GENERO | E83: =SUM(E80:E82) -> 0 | F83: =SUM(F80:F82) -> 0 | G83: =SUM(G80:G82) -> 0 | H83: =SUM(H80:H82) -> 0 | I83: =SUM(I80:I82) -> 0 | J83: =SUM(J80:J82) -> 0 | K83: =SUM(K80:K82) -> 0 | L83: =SUM(L80:L82) -> 0 | ... OO83: =SUM(OO80:OO82) -> 0
D84: CONTRIBUTIVO | OO84: =SUM(E84:ON84)-SUM(NT84:NW84)-SUM(NZ84:OE84) -> 0
D85: SUBSIDIADO | OO85: =SUM(E85:ON85)-SUM(NT85:NW85)-SUM(NZ85:OE85) -> 0
D86: POBRE NO ASEGURADO | OO86: =SUM(E86:ON86)-SUM(NT86:NW86)-SUM(NZ86:OE86) -> 0
D87: REGIMEN ESPECIAL | OO87: =SUM(E87:ON87)-SUM(NT87:NW87)-SUM(NZ87:OE87) -> 0
D88: TOTAL REGIMEN | E88: =SUM(E84:E87) -> 0 | F88: =SUM(F84:F87) -> 0 | G88: =SUM(G84:G87) -> 0 | H88: =SUM(H84:H87) -> 0 | I88: =SUM(I84:I87) -> 0 | J88: =SUM(J84:J87) -> 0 | K88: =SUM(K84:K87) -> 0 | L88: =SUM(L84:L87) -> 0 | ... OO88: =SUM(OO84:OO87) -> 0
A89: 10 | B89: ='[1]6_VENEZOLANOS'!B89:B97 -> 456 | C89: OCTUBRE | D89: FEMENINO | OO89: =SUM(E89:ON89)-SUM(NT89:NW89)-SUM(NZ89:OE89) -> 0
D90: MASCULINO | OO90: =SUM(E90:ON90)-SUM(NT90:NW90)-SUM(NZ90:OE90) -> 0
D91: OTRO | OO91: =SUM(E91:ON91)-SUM(NT91:NW91)-SUM(NZ91:OE91) -> 0
D92: TOTAL GENERO | E92: =SUM(E89:E91) -> 0 | F92: =SUM(F89:F91) -> 0 | G92: =SUM(G89:G91) -> 0 | H92: =SUM(H89:H91) -> 0 | I92: =SUM(I89:I91) -> 0 | J92: =SUM(J89:J91) -> 0 | K92: =SUM(K89:K91) -> 0 | L92: =SUM(L89:L91) -> 0 | ... OO92: =SUM(OO89:OO91) -> 0
D93: CONTRIBUTIVO | OO93: =SUM(E93:ON93)-SUM(NT93:NW93)-SUM(NZ93:OE93) -> 0
D94: SUBSIDIADO | OO94: =SUM(E94:ON94)-SUM(NT94:NW94)-SUM(NZ94:OE94) -> 0
D95: POBRE NO ASEGURADO | OO95: =SUM(E95:ON95)-SUM(NT95:NW95)-SUM(NZ95:OE95) -> 0
D96: REGIMEN ESPECIAL | OO96: =SUM(E96:ON96)-SUM(NT96:NW96)-SUM(NZ96:OE96) -> 0
D97: TOTAL REGIMEN | E97: =SUM(E93:E96) -> 0 | F97: =SUM(F93:F96) -> 0 | G97: =SUM(G93:G96) -> 0 | H97: =SUM(H93:H96) -> 0 | I97: =SUM(I93:I96) -> 0 | J97: =SUM(J93:J96) -> 0 | K97: =SUM(K93:K96) -> 0 | L97: =SUM(L93:L96) -> 0 | ... OO97: =SUM(OO93:OO96) -> 0
A98: 11 | B98: ='[1]6_VENEZOLANOS'!B98:B106 -> 572 | C98: NOVIEMBRE | D98: FEMENINO | OO98: =SUM(E98:ON98)-SUM(NT98:NW98)-SUM(NZ98:OE98) -> 0
D99: MASCULINO | OO99: =SUM(E99:ON99)-SUM(NT99:NW99)-SUM(NZ99:OE99) -> 0
D100: OTRO | OO100: =SUM(E100:ON100)-SUM(NT100:NW100)-SUM(NZ100:OE100) -> 0
...

Sheet 5_OTROS
E1: =D1+1 -> 1 | F1: =E1+1 -> 2 | G1: =F1+1 -> 3 | H1: =G1+1 -> 4 | I1: =H1+1 -> 5 | J1: =I1+1 -> 6 | K1: =J1+1 -> 7 | L1: =K1+1 -> 8 | ... ON1: =OM1+1 -> 400
A2: NOMBRE DEPARTAMENTO: | D2: ='6_VENEZOLANOS'!D2 -> RISARALDA | E2: CODIGO DEPARTAMENTO: | G2: ='6_VENEZOLANOS'!G2 -> 66 | H2: =G2 -> 66
A3: AÑO: | D3: ='6_VENEZOLANOS'!D3 -> 2026 | HE3: DE 1 AÑO 2022 | HF3: DE 2 AÑOS 2021 | HG3: DE 3 AÑOS 2020 | HH3: DE 4 AÑOS 2019 | HI3: DE 5 AÑOS 2018 | HJ3: DE 6 AÑOS 2017 | HK3: DE 7 AÑOS 2016 | HL3: DE 8 AÑOS 2015 | HM3: DE 9 AÑOS 2014 | HN3: DE 10 AÑOS 2013 | HO3: DE 11 AÑOS 2012 | HP3: DE 12 AÑOS 2011 | HQ3: DE 13 AÑOS 2010 | HR3: DE 14 AÑOS 2009 | HS3: DE 15 AÑOS 2008 | HT3: DE 16 AÑOS 2007 | HU3: DE 17 AÑOS 2006 | OG3: .
A4: MES DE REPORTE | D4: ='6_VENEZOLANOS'!D4 -> agosto | F4: VACUNAS PAI | S4: VACUNAS PAI | BV4: VACUNAS PAI | CW4: VACUNAS PAI | EI4: VACUNAS PAI | FE4: VACUNAS PAI | JZ4: VACUNAS PAI | NH4: VACUNAS PAI | OF4: VACUNAS PAI
A5: MUNICIPIO | D5: REGIMEN / GRUPO ETNICO | E5: BCG | H5: HEPATITIS B | AE5: HEPATITIS B (RESOLUCION. 0459/2012 y Circular 031/2014) | BK5: POBLACION PRIORIZADA PARA HEPATITIS B | BO5: ANTIPOLIO INACTIVADA (VIP) | CU5: HEXAVALENTE (DPTa-HB-Hib-VIP) | CX5: PENTAVALENTE DPT - HB - Hib | DI5: DPT | DV5: TDaP Acelular Pediatrica | FA5: ROTAVIRUS | FC5: NEUMOCOCO CONJUGADA DECAVALENTE | FI5: NEUMOCOCO CONJUGADA TRECEVALENTE | FO5: SRP (TRIPLE VIRAL) | GI5: SR (DOBLE VIRAL) | HD5: FIEBRE AMARILLA DOSIS UNICA | IC5: HEPATITIS A (Cohorte de nacidos a partir de 1 de enero de 2012) | IP5: VARICELA (Cohorte de nacidos a partir de 1 de julio de 2014) | JH5: TOXOIDE TETANICO-DIFTERICO DE ADULTOS (Td) | LM5: Tdap ACELULAR (Se debe garantizar una dosis por cada embarazo y se aplica a partir de las semana 26 y zona rural a partir de la semana 20 y otros grupos de dificil acceso o captación) | LZ5: INFLUENZA | MR5: MENINGOCOCO USO EN BROTES (Serogrupo A, C, Y y W-135) | MX5: V P H | NH5: ANTIRRABICA HUMANA PRE/POST-EXPOSICION | NW5: INMUNOGLOBULINA ANTI HEPATITIS B | OB5: INMUNOGLOBULINAS /ANTITOXINAS TETÁNICAS | OD5: ANTI TOXINA DIFTERICA (Suero heterólogo) | OF5: COVID 19
E6: RECIEN NACIDO (DE 0 HASTA 29 DÍAS) | F6: MENOR DE UN AÑO (A PARTIR DE 30 DIAS HASTA 11 MESES 29 DIAS) | G6: POBLACION INDIGENA Y RURAL DISPERSA (DE 1 AÑO A 5 AÑOS, 11 MESES, 29 DIAS) | H6: RECIEN NACIDO (HASTA 29 DÍAS) | J6: DE 2 A 11 MESES 29 DÍAS | M6: DE 1 AÑO | P6: DE 2 AÑOS | S6: DE 3 AÑOS | V6: DE 4 AÑOS | Y6: DE 5 AÑOS | AB6: DE 6 a 17 AÑOS 11 MESES Y 29 DIAS (ICBF) | AE6: DE 1 AÑO | AI6: DE 2 AÑOS | AM6: DE 3 AÑOS | AQ6: DE 4 AÑOS | AU6: DE 5 AÑOS | AY6: 6 A 14 AÑOS | BC6: DE 15 AÑOS A 17 AÑOS | BG6: DE 18 AÑOS Y MAS | BO6: < DE 1 AÑO | BR6: DE 1 AÑO | BU6: DE 2 AÑOS | BX6: DE 3 AÑOS | CA6: DE 4 AÑOS | CD6: DE 5 AÑOS | CG6: AL AÑO DE LA 3ra DOSIS (De 18 a 23 meses) | CH6: DE 2 AÑOS | CI6: DE 3 AÑOS | CJ6: DE 4 AÑOS | CK6: DE 5 AÑOS | CL6: DE 5 AÑOS | CM6: DE 6 AÑOS | CP6: DE 7 A 17 AÑOS (AUTORIZADAS POR EL MINISTERIO) | CS6: DE 18 A 60 AÑOS (AUTORIZADAS POR EL MINISTERIO) | CU6: < DE 1 AÑO (Prematuros Extremos (MENOR DE 1500 GRAMOS según lineamientos) | CX6: < DE 1 AÑO | DA6: De 18 a 23 meses | DB6: DE 1 AÑO (12 a 23 meses) Sin antecedente de Penta | DE6: DE 2 AÑOS (24 a 35 meses) Sin antecedente de Penta | DF6: DE 3 AÑOS (36 a 47 meses) Sin antecedente de Penta | DG6: DE 4 AÑOS (48 a 70 meses) Sin antecedente de Penta | DH6: 5 AÑOS HASTA UN DIA ANTES DE CUMPLIR LOS 6 AÑOS | DI6: DE 2 AÑOS | DL6: DE 3 AÑOS | DO6: DE 4 AÑOS | DR6: DE 5 AÑOS | DV6: < DE 1 AÑO | DY6: DE 1 AÑO | EB6: DE 2 AÑOS | EE6: DE 3 AÑOS | EH6: DE 4 AÑOS | EK6: DE 5 AÑOS | EN6: De 18 a 23 meses | EO6: DE 2 AÑOS | EP6: DE 3 AÑOS | EQ6: DE 4 AÑOS | ER6: DE 5 AÑOS | ES6: 3 AÑOS | ET6: 4 AÑOS | EU6: 5 AÑOS | EV6: DE 6 AÑOS | FA6: DE 2 MESES A 3 MESES y 21 DIAS | FB6: DE 4 MESES A LOS 11 MESES y 29 DIAS | FC6: DE 2 A 11 MESES 29 DIAS | FE6: DE 12 MESES A 23 MESES | FH6: DE 24 MESES A 71 MESES 29 DIAS | FI6: DE 2 A 11 MESES 29 DIAS | FK6: DE 12 A 23 MESES | FL6: DE 12 A 23 MESES | FN6: DE 24 MESES A 71 MESES 29 DIAS | FO6: PRIMERA DOSIS (Se deben registrar las dosis aplicadas en población nacida del 1 de enero al 31 de diciembre de cada año) | FY6: SEGUNDA DOSIS | GI6: DOSIS CERO | GJ6: DOSIS UNICA | HD6: DE 1 AÑO 2024 | HE6: DE 2 AÑOS 2023 | HF6: DE 3 AÑOS 2022 | HG6: DE 4 AÑOS 2021 | HH6: DE 5 AÑOS 2020 | HI6: DE 6 AÑOS 2019 | HJ6: DE 7 AÑOS 2018 | HK6: DE 8 AÑOS 2017 | HL6: DE 9 AÑOS 2016 | HM6: DE 10 AÑOS 2015 | HN6: DE 11 AÑOS 2014 | HO6: DE 12 AÑOS 2013 | HP6: DE 13 AÑOS 2012 | HQ6: DE 14 AÑOS 2011 | HR6: DE 15 AÑOS 2010 | HS6: DE 16 AÑOS 2009 | HT6: DE 17 AÑOS 2008 | HU6: DE 18 AÑOS 2007 | HV6: DE 19 AÑOS 2006 | HW6: 20 A 30 AÑOS (2007-1994) | HX6: 31 A 40 AÑOS | HY6: 41 A 50 AÑOS | HZ6: 51 A 59 AÑOS | IA6: 60 A 69 AÑOS (previa autorizacion del Ministerio). | IB6: EN SITUACIÓN DE BROTE Y PAISES QUE EXIGEN ANTECEDENTE VACUNAL | IC6: DOSIS ÚNICA | IP6: PRIMERA DOSIS | JA6: REFUERZO (aplicadas a partir del 1 de julio de 2019) | JH6: NIÑOS Y NIÑAS DE 7 A 9 AÑOS | JM6: GESTANTES DE 9 AÑOS A 17 AÑOS | JR6: GESTANTES DE 18 AÑOS Y MAS | JW6: REFUERZOS GESTANTES 15 A 49 AÑOS | KA6: MUJERES EN EDAD FERTIL (MEF) DE 10 AÑOS A 17 AÑOS | KF6: MUJERES EN EDAD FERTIL (MEF) DE 18 A 49 AÑOS | KK6: REFUERZOS MEF DE 15 A 49 AÑOS | KO6: HOMBRES DE 10 A 17 AÑOS | KT6: HOMBRES DE 18 A 49 AÑOS | KY6: REFUERZOS HOMBRES DE 15 A 49 AÑOS | LC6: OTROS DE 50 A 59 AÑOS | LH6: OTROS DE 60 AÑOS Y MAS | LM6: GESTANTES DE 9 A 17 AÑOS de acuerdo al lineamiento | LS6: GESTANTES DE 18 AÑOS Y MAS, de acuerdo al lineamiento | LY6: UNICA DOSIS OTROS GRUPOS (Con Autorizacion del MSPS ) | LZ6: DE 6 MESES A 11 MESES | MB6: DE 12 MESES A 23 MESES | ME6: 24 A 35 MESES SEGÚN AUTORIZACION DEL MINISTERIO | MH6: DE 50 a 59 AÑOS (SEGÚN AUTORIZACION DEL MINISTERIO) | MI6: DE 60 Y MAS AÑOS | MJ6: GESTANTES A PARTIR DE LA SEMANA 14 | MK6: DE 3 A 8 AÑOS (Poblaciones autorizadas de acuerdo a los lineamientos emitidos por el MSPS ) | MN6: DE 9 A 17 AÑOS (Poblaciones con diagnóstico de riesgo, recibir de acuerdo a los lineamientos emitidos por el MSPS ) | MO6: DE 18 A 59 AÑOS (Poblaciones con diagnóstico de riesgo de acuerdo a los lineamientos emitidos por el MSPS) | MP6: PERSONAL DE LA SALUD | MQ6: Familiares y convivientes de menores de 18 años con Cancér (Ley 1388/2010) | MR6: DE 6 A 11 MESES | MU6: 12 A 23 MESES | MW6: MAYORES DE 2 AÑOS | MX6: 9 AÑOS | MY6: 10 AÑOS | MZ6: 11 AÑOS | NA6: 12 AÑOS | NB6: 13 AÑOS | NC6: 14 AÑOS | ND6: 15 AÑOS | NE6: 16 AÑOS | NF6: 17 AÑOS | NG6: 2as Dosis Inmunosuprimidos, según linemientos del 30 de septiembre/2023 | NH6: ESQUEMA PRE EXPOSICIÓN OPCION 1 (I.D.) (Se aplica previa autorización del Ministerio) | NJ6: ESQUEMA PRE EXPOSICIÓN OPCION 2 (I.M.) (Se aplica previa autorización del Ministerio) | NL6: ESQUEMA POST EXPOSICION Número de dosis aplicadas | NQ6: ESQUEMA RE-EXPOSICIÓN | NT6: TOTAL DE ESQUEMAS POST EXPOSICION (USUARIOS CON ESQUEMA DE VACUNACION COMPLETO) | NU6: INMUNOGLOBULINA ANTIRRÁBICA (Número de frascos utilizados) | NV6: No. De personas que recibieron inmunoglobulina antirrabica. | NW6: RECIEN NACIDO (Hijo de Madre Antigenos + para HB) | NZ6: RESOLUCION 0459/2012- Circular 031/2014) | OB6: INMUNOGLOBULINA ANTI TETANICA (Suero homólogo) | OF6: DE 6 MESES A 4 AÑOS | OI6: DE 5 AÑOS A 11 AÑOS | OJ6: DE 12 A 59 AÑOS | OK6: GESTANTES | OL6: MAYORES DE 60 AÑOS | OM6: TALENTO HUMANO EN SALUD | ON6: DE 12 AÑOS A 59 AÑOS PERSONAS CON COMORBILIDADES
A7: Nº | B7: COD DANE MPIO | C7: NOMBRE MUNICIPIO/ IPS | H7: RECIEN NACIDO (Primeras 12 Horas) | I7: RECIEN NACIDO Entre 12 horas y 29 dias | J7: 1a | K7: 2a | L7: 3a | M7: 1a | N7: 2a | O7: 3a | P7: 1a | Q7: 2a | R7: 3a | S7: 1a | T7: 2a | U7: 3a | V7: 1a | W7: 2a | X7: 3a | Y7: 1a | Z7: 2a | AA7: 3a | AB7: 1a | AC7: 2a | AD7: 3a | AE7: 1a | AF7: 2a | AG7: 3a | AH7: Ref. | AI7: 1a | AJ7: 2a | AK7: 3a | AL7: Ref. | AM7: 1a | AN7: 2a | AO7: 3a | AP7: Ref. | AQ7: 1a | AR7: 2a | AS7: 3a | AT7: Ref. | AU7: 1a | AV7: 2a | AW7: 3a | AX7: Ref. | AY7: 1a | AZ7: 2a | BA7: 3a | BB7: Ref. | BC7: 1a | BD7: 2a | BE7: 3a | BF7: Ref. | BG7: 1a | BH7: 2a | BI7: 3a | BJ7: Ref. | BK7: 1a | BL7: 2a | BM7: 3a | BN7: Ref- | BO7: 1a | BP7: 2a | BQ7: 3a | BR7: 1a | BS7: 2a | BT7: 3a | BU7: 1a | BV7: 2a | BW7: 3a | BX7: 1a | BY7: 2a | BZ7: 3a | CA7: 1a | CB7: 2a | CC7: 3a | CD7: 1a | CE7: 2a | CF7: 3a | CG7: Primer Refuerzo | CL7: Segundo Refuerzo | CM7: 1a | CN7: 2a | CO7: 3a | CP7: 1a | CQ7: 2a | CR7: 3a | CS7: 1a | CT7: 2a | CU7: 1a | CV7: 2a | CW7: 3a | CX7: 1a | CY7: 2a | CZ7: 3a | DA7: 1er REF de acuerdo a lineamiento | DB7: 1a | DC7: 2a | DD7: 3a | DE7: Unica | DF7: Unica | DG7: Unica | DH7: Unica | DI7: 2a | DJ7: 3a | DK7: REF. | DL7: 2a | DM7: 3a | DN7: REF. | DO7: 2a | DP7: 3a | DQ7: REF. | DR7: 2a | DS7: 3a | DT7: 1° REF. | DU7: 2° REF. | DV7: 1a | DW7: 2a | DX7: 3a | DY7: 1a | DZ7: 2a | EA7: 3a | EB7: 1a | EC7: 2a | ED7: 3a | EE7: 1a | EF7: 2a | EG7: 3a | EH7: 1a | EI7: 2a | EJ7: 3a | EK7: 1a | EL7: 2a | EM7: 3a | EN7: 1er REF. | ES7: 2° REF. | EV7: 1a | EW7: 2a | EX7: 3a | EY7: 1er REF. | EZ7: 2° REF. | FA7: 1a | FB7: 2a | FC7: 1a | FD7: 2a | FE7: REF. | FF7: 1a | FG7: 2a | FH7: ÚNICA | FI7: 1a | FJ7: 2a | FK7: REF. | FL7: 1a | FM7: 2a | FN7: ÚNICA | FO7: Nacidos 2024 1 año | FP7: Nacidos 2023 2 años | FQ7: Nacidos 2022 3 años | FR7: Nacidos 2021 4 años | FS7: Nacidos 2020 5 años | FT7: Nacidos 2019 6 años | FU7: Nacidos 2018 7 años | FV7: Nacidos 2017 8 años | FW7: Nacidos 2016 9 años | FX7: Nacidos 2015 10 años | FY7: De 18 a 23 meses | FZ7: Nacidos 2023 (Seguimiento) 2 años | GA7: Nacidos 2022 (Seguimiento) 3 años | GB7: Nacidos 2021 (Seguimiento) 4 años | GC7: Nacidos 2020 5 años | GD7: Nacidos 2019 6 años | GE7: Nacidos 2018 7 años | GF7: Nacidos 2017 8 años | GG7: Nacidos 2016 9 años | GH7: Nacidos 2015 10 años | GI7: SR * 6 a 11 MESES 29 DIAS | GJ7: DE 1 AÑO 2024 | GK7: DE 2 AÑOS 2023 | GL7: DE 3 AÑOS 2022 | GM7: DE 4 AÑOS 2021 | GN7: DE 5 AÑOS 2020 | GO7: DE 6 AÑOS 2019 | GP7: DE 7 AÑOS 2018 | GQ7: DE 8 AÑOS 2017 | GR7: DE 9 AÑOS 2016 | GS7: DE 10 AÑOS 2015 | GT7: DE 11 AÑOS 2014 | GU7: DE 12 AÑOS 2013 | GV7: DE 13 AÑOS 2012 | GW7: DE 14 AÑOS 2011 | GX7: DE 15 AÑOS 2010 | GY7: DE 16 AÑOS 2009 | GZ7: DE 17 AÑOS 2008 | HA7: 18 A 30 AÑOS | HB7: 31 A 40 AÑOS | HC7: 41 Y MAS AÑOS | IB7: 9 meses a 11 meses (Con Autorizacion del MSPS de acuerdo a Lineamientos) | IC7: DE 1 AÑO 2024 | ID7: DE 2 AÑOS 2023 | IE7: DE 3 AÑOS 2022 | IF7: DE 4 AÑOS 2021 | IG7: DE 5 AÑOS 2020 | IH7: DE 6 AÑOS 2019 | II7: DE 7 AÑOS 2018 | IJ7: DE 8 AÑOS 2017 | IK7: DE 9 AÑOS 2016 | IL7: DE 10 AÑOS 2015 | IM7: DE 11 AÑOS 2014 | IN7: DE 12 AÑOS 2013 | IO7: DE 13 AÑOS 2012 | IP7: DE 1 AÑO 2024 | IQ7: DE 2 AÑOS 2023 | IR7: DE 3 AÑOS 2022 | IS7: DE 4 AÑOS 2021 | IT7: DE 5 AÑOS 2020 | IU7: DE 6 AÑOS 2019 | IV7: DE 7 AÑOS 2018 | IW7: DE 8 AÑOS 2017 | IX7: DE 9 AÑOS 2016 | IY7: DE 10 AÑOS 2015 | IZ7: DE 11 AÑOS 2014 | JA7: DE 5 AÑOS 2024 | JB7: DE 6 AÑOS 2023 | JC7: DE 7 AÑOS 2022 | JD7: DE 8 AÑOS 2021 | JE7: DE 9 AÑOS 2020 | JF7: DE 10 AÑOS 2019 | JG7: DE 11 AÑOS 2018 | JH7: Td1 | JI7: Td2 | JJ7: Td3 | JK7: Ref 1 | JL7: Ref 2 | JM7: Td1 | JN7: Td2 | JO7: Td3 | JP7: Td4 | JQ7: Td5 | JR7: Td1 | JS7: Td2 | JT7: Td3 | JU7: Td4 | JV7: Td5 | JW7: REF. 1 | JX7: REF. 2 | JY7: REF. 3 | JZ7: REF. 4 | KA7: Td1 | KB7: Td2 | KC7: Td3 | KD7: Td4 | KE7: Td5 | KF7: Td1 | KG7: Td2 | KH7: Td3 | KI7: Td4 | KJ7: Td5 | KK7: REF. 1 | KL7: REF. 2 | KM7: REF. 3 | KN7: REF. 4 | KO7: Td1 | KP7: Td2 | KQ7: Td3 | KR7: Td4 | KS7: Td5 | KT7: Td1 | KU7: Td2 | KV7: Td3 | KW7: Td4 | KX7: Td5 | KY7: REF. 1 | KZ7: REF. 2 | LA7: REF. 3 | LB7: REF. 4 | LC7: Td1 | LD7: Td2 | LE7: Td3 | LF7: Td4 | LG7: Td5 | LH7: Td1 | LI7: Td2 | LJ7: Td3 | LK7: Td4 | LL7: Td5 | LM7: UNICA DOSIS EN CADA EMBARAZO | LN7: Td1 | LO7: Td2 | LP7: Td3 | LQ7: Td4 | LR7: Td5 | LS7: UNICA DOSIS EN CADA EMBARAZO | LT7: Td1 | LU7: Td2 | LV7: Td3 | LW7: Td4 | LX7: Td5 | LZ7: 1a | MA7: 2a | MB7: 1a | MC7: 2a | MD7: ÚNICA | ME7: 1a | MF7: 2a | MG7: ÚNICA | MH7: ÚNICA | MI7: ÚNICA | MJ7: ÚNICA | MK7: 1a | ML7: 2a | MM7: ÚNICA | MN7: ÚNICA | MO7: ÚNICA | MP7: ÚNICA | MQ7: ÚNICA | MR7: 1a | MS7: 2a | MT7: 3a | MU7: 1a | MV7: 2a | MW7: ÚNICA | MX7: Dosis Ùnica | NH7: 1a. y 2a día 0 | NI7: 3a y 4a. día 7 | NJ7: 1a . día 0 | NK7: 2a. día 7 | NL7: 1a. día 0 | NM7: 2a. dia 3 | NN7: 3a. día 7 | NO7: 4a . día 14 | NP7: 5a . día 21 a 28 | NQ7: 1a . día 0 | NR7: 2a. día 3 | NS7: 3a. día 7 a 14 | NT7: Número de usuarios | NW7: Número de frascos utilizados | NX7: N° recién nacidos que recibieron dosis de Ig en las primeras 12 horas | NY7: N° recién nacidos que recibieron dosis de Ig despues de las primeras 12 horas | NZ7: Número de frascos utilizados | OA7: N° Personas que recibieron dosis de Ig | OB7: Número de frascos utilizados | OC7: N° Personas que recibieron dosis de Ig | OD7: Número de frascos utilizados | OE7: N° Personas que recibieron dosis de antitoxina | OF7: Primera dosis | OG7: Segunda dosis | OH7: Adicional | OI7: Adicional | OJ7: Adicional | OK7: Adicional | OL7: Adicional | OM7: Adicional | ON7: Adicional | OO7: TOTAL DOSIS
A8: 1 | B8: ='[1]6_VENEZOLANOS'!B8:B16 -> 001 | C8: ENERO | D8: FEMENINO | OO8: =SUM(E8:ON8)-SUM(NT8:NW8)-SUM(NZ8:OE8) -> 0
D9: MASCULINO | OO9: =SUM(E9:ON9)-SUM(NT9:NW9)-SUM(NZ9:OE9) -> 0
D10: OTRO | OO10: =SUM(E10:ON10)-SUM(NT10:NW10)-SUM(NZ10:OE10) -> 0
D11: TOTAL GENERO | E11: =SUM(E8:E10) -> 0 | F11: =SUM(F8:F10) -> 0 | G11: =SUM(G8:G10) -> 0 | H11: =SUM(H8:H10) -> 0 | I11: =SUM(I8:I10) -> 0 | J11: =SUM(J8:J10) -> 0 | K11: =SUM(K8:K10) -> 0 | L11: =SUM(L8:L10) -> 0 | ... OO11: =SUM(OO8:OO10) -> 0
D12: CONTRIBUTIVO | OO12: =SUM(E12:ON12)-SUM(NT12:NW12)-SUM(NZ12:OE12) -> 0
D13: SUBSIDIADO | OO13: =SUM(E13:ON13)-SUM(NT13:NW13)-SUM(NZ13:OE13) -> 0
D14: POBRE NO ASEGURADO | OO14: =SUM(E14:ON14)-SUM(NT14:NW14)-SUM(NZ14:OE14) -> 0
D15: REGIMEN ESPECIAL | OO15: =SUM(E15:ON15)-SUM(NT15:NW15)-SUM(NZ15:OE15) -> 0
D16: TOTAL REGIMEN | E16: =SUM(E12:E15) -> 0 | F16: =SUM(F12:F15) -> 0 | G16: =SUM(G12:G15) -> 0 | H16: =SUM(H12:H15) -> 0 | I16: =SUM(I12:I15) -> 0 | J16: =SUM(J12:J15) -> 0 | K16: =SUM(K12:K15) -> 0 | L16: =SUM(L12:L15) -> 0 | ... OO16: =SUM(OO12:OO15) -> 0
A17: 2 | B17: ='[1]6_VENEZOLANOS'!B17:B25 -> 045 | C17: FEBRERO | D17: FEMENINO | OO17: =SUM(E17:ON17)-SUM(NT17:NW17)-SUM(NZ17:OE17) -> 0
D18: MASCULINO | OO18: =SUM(E18:ON18)-SUM(NT18:NW18)-SUM(NZ18:OE18) -> 0
D19: OTRO | OO19: =SUM(E19:ON19)-SUM(NT19:NW19)-SUM(NZ19:OE19) -> 0
D20: TOTAL GENERO | E20: =SUM(E17:E19) -> 0 | F20: =SUM(F17:F19) -> 0 | G20: =SUM(G17:G19) -> 0 | H20: =SUM(H17:H19) -> 0 | I20: =SUM(I17:I19) -> 0 | J20: =SUM(J17:J19) -> 0 | K20: =SUM(K17:K19) -> 0 | L20: =SUM(L17:L19) -> 0 | ... OO20: =SUM(OO17:OO19) -> 0
D21: CONTRIBUTIVO | OO21: =SUM(E21:ON21)-SUM(NT21:NW21)-SUM(NZ21:OE21) -> 0
D22: SUBSIDIADO | OO22: =SUM(E22:ON22)-SUM(NT22:NW22)-SUM(NZ22:OE22) -> 0
D23: POBRE NO ASEGURADO | OO23: =SUM(E23:ON23)-SUM(NT23:NW23)-SUM(NZ23:OE23) -> 0
D24: REGIMEN ESPECIAL | OO24: =SUM(E24:ON24)-SUM(NT24:NW24)-SUM(NZ24:OE24) -> 0
D25: TOTAL REGIMEN | E25: =SUM(E21:E24) -> 0 | F25: =SUM(F21:F24) -> 0 | G25: =SUM(G21:G24) -> 0 | H25: =SUM(H21:H24) -> 0 | I25: =SUM(I21:I24) -> 0 | J25: =SUM(J21:J24) -> 0 | K25: =SUM(K21:K24) -> 0 | L25: =SUM(L21:L24) -> 0 | ... OO25: =SUM(OO21:OO24) -> 0
A26: 3 | B26: ='[1]6_VENEZOLANOS'!B26:B34 -> 075 | C26: MARZO | D26: FEMENINO | OO26: =SUM(E26:ON26)-SUM(NT26:NW26)-SUM(NZ26:OE26) -> 0
D27: MASCULINO | OO27: =SUM(E27:ON27)-SUM(NT27:NW27)-SUM(NZ27:OE27) -> 0
D28: OTRO | OO28: =SUM(E28:ON28)-SUM(NT28:NW28)-SUM(NZ28:OE28) -> 0
D29: TOTAL GENERO | E29: =SUM(E26:E28) -> 0 | F29: =SUM(F26:F28) -> 0 | G29: =SUM(G26:G28) -> 0 | H29: =SUM(H26:H28) -> 0 | I29: =SUM(I26:I28) -> 0 | J29: =SUM(J26:J28) -> 0 | K29: =SUM(K26:K28) -> 0 | L29: =SUM(L26:L28) -> 0 | ... OO29: =SUM(OO26:OO28) -> 0
D30: CONTRIBUTIVO | OO30: =SUM(E30:ON30)-SUM(NT30:NW30)-SUM(NZ30:OE30) -> 0
D31: SUBSIDIADO | OO31: =SUM(E31:ON31)-SUM(NT31:NW31)-SUM(NZ31:OE31) -> 0
D32: POBRE NO ASEGURADO | OO32: =SUM(E32:ON32)-SUM(NT32:NW32)-SUM(NZ32:OE32) -> 0
D33: REGIMEN ESPECIAL | OO33: =SUM(E33:ON33)-SUM(NT33:NW33)-SUM(NZ33:OE33) -> 0
D34: TOTAL REGIMEN | E34: =SUM(E30:E33) -> 0 | F34: =SUM(F30:F33) -> 0 | G34: =SUM(G30:G33) -> 0 | H34: =SUM(H30:H33) -> 0 | I34: =SUM(I30:I33) -> 0 | J34: =SUM(J30:J33) -> 0 | K34: =SUM(K30:K33) -> 0 | L34: =SUM(L30:L33) -> 0 | ... OO34: =SUM(OO30:OO33) -> 0
A35: 4 | B35: ='[1]6_VENEZOLANOS'!B35:B43 -> 088 | C35: ABRIL | D35: FEMENINO | OO35: =SUM(E35:ON35)-SUM(NT35:NW35)-SUM(NZ35:OE35) -> 0
D36: MASCULINO | OO36: =SUM(E36:ON36)-SUM(NT36:NW36)-SUM(NZ36:OE36) -> 0
D37: OTRO | OO37: =SUM(E37:ON37)-SUM(NT37:NW37)-SUM(NZ37:OE37) -> 0
D38: TOTAL GENERO | E38: =SUM(E35:E37) -> 0 | F38: =SUM(F35:F37) -> 0 | G38: =SUM(G35:G37) -> 0 | H38: =SUM(H35:H37) -> 0 | I38: =SUM(I35:I37) -> 0 | J38: =SUM(J35:J37) -> 0 | K38: =SUM(K35:K37) -> 0 | L38: =SUM(L35:L37) -> 0 | ... OO38: =SUM(OO35:OO37) -> 0
D39: CONTRIBUTIVO | OO39: =SUM(E39:ON39)-SUM(NT39:NW39)-SUM(NZ39:OE39) -> 0
D40: SUBSIDIADO | OO40: =SUM(E40:ON40)-SUM(NT40:NW40)-SUM(NZ40:OE40) -> 0
D41: POBRE NO ASEGURADO | OO41: =SUM(E41:ON41)-SUM(NT41:NW41)-SUM(NZ41:OE41) -> 0
D42: REGIMEN ESPECIAL | OO42: =SUM(E42:ON42)-SUM(NT42:NW42)-SUM(NZ42:OE42) -> 0
D43: TOTAL REGIMEN | E43: =SUM(E39:E42) -> 0 | F43: =SUM(F39:F42) -> 0 | G43: =SUM(G39:G42) -> 0 | H43: =SUM(H39:H42) -> 0 | I43: =SUM(I39:I42) -> 0 | J43: =SUM(J39:J42) -> 0 | K43: =SUM(K39:K42) -> 0 | L43: =SUM(L39:L42) -> 0 | ... OO43: =SUM(OO39:OO42) -> 0
A44: 5 | B44: ='[1]6_VENEZOLANOS'!B44:B52 -> 170 | C44: MAYO | D44: FEMENINO | OO44: =SUM(E44:ON44)-SUM(NT44:NW44)-SUM(NZ44:OE44) -> 0
D45: MASCULINO | OO45: =SUM(E45:ON45)-SUM(NT45:NW45)-SUM(NZ45:OE45) -> 0
D46: OTRO | OO46: =SUM(E46:ON46)-SUM(NT46:NW46)-SUM(NZ46:OE46) -> 0
D47: TOTAL GENERO | E47: =SUM(E44:E46) -> 0 | F47: =SUM(F44:F46) -> 0 | G47: =SUM(G44:G46) -> 0 | H47: =SUM(H44:H46) -> 0 | I47: =SUM(I44:I46) -> 0 | J47: =SUM(J44:J46) -> 0 | K47: =SUM(K44:K46) -> 0 | L47: =SUM(L44:L46) -> 0 | ... OO47: =SUM(OO44:OO46) -> 0
D48: CONTRIBUTIVO | OO48: =SUM(E48:ON48)-SUM(NT48:NW48)-SUM(NZ48:OE48) -> 0
D49: SUBSIDIADO | OO49: =SUM(E49:ON49)-SUM(NT49:NW49)-SUM(NZ49:OE49) -> 0
D50: POBRE NO ASEGURADO | OO50: =SUM(E50:ON50)-SUM(NT50:NW50)-SUM(NZ50:OE50) -> 0
D51: REGIMEN ESPECIAL | OO51: =SUM(E51:ON51)-SUM(NT51:NW51)-SUM(NZ51:OE51) -> 0
D52: TOTAL REGIMEN | E52: =SUM(E48:E51) -> 0 | F52: =SUM(F48:F51) -> 0 | G52: =SUM(G48:G51) -> 0 | H52: =SUM(H48:H51) -> 0 | I52: =SUM(I48:I51) -> 0 | J52: =SUM(J48:J51) -> 0 | K52: =SUM(K48:K51) -> 0 | L52: =SUM(L48:L51) -> 0 | ... OO52: =SUM(OO48:OO51) -> 0
A53: 6 | B53: ='[1]6_VENEZOLANOS'!B53:B61 -> 318 | C53: JUNIO | D53: FEMENINO | OO53: =SUM(E53:ON53)-SUM(NT53:NW53)-SUM(NZ53:OE53) -> 0
D54: MASCULINO | OO54: =SUM(E54:ON54)-SUM(NT54:NW54)-SUM(NZ54:OE54) -> 0
D55: OTRO | OO55: =SUM(E55:ON55)-SUM(NT55:NW55)-SUM(NZ55:OE55) -> 0
D56: TOTAL GENERO | E56: =SUM(E53:E55) -> 0 | F56: =SUM(F53:F55) -> 0 | G56: =SUM(G53:G55) -> 0 | H56: =SUM(H53:H55) -> 0 | I56: =SUM(I53:I55) -> 0 | J56: =SUM(J53:J55) -> 0 | K56: =SUM(K53:K55) -> 0 | L56: =SUM(L53:L55) -> 0 | ... OO56: =SUM(OO53:OO55) -> 0
D57: CONTRIBUTIVO | OO57: =SUM(E57:ON57)-SUM(NT57:NW57)-SUM(NZ57:OE57) -> 0
D58: SUBSIDIADO | OO58: =SUM(E58:ON58)-SUM(NT58:NW58)-SUM(NZ58:OE58) -> 0
D59: POBRE NO ASEGURADO | OO59: =SUM(E59:ON59)-SUM(NT59:NW59)-SUM(NZ59:OE59) -> 0
D60: REGIMEN ESPECIAL | OO60: =SUM(E60:ON60)-SUM(NT60:NW60)-SUM(NZ60:OE60) -> 0
D61: TOTAL REGIMEN | E61: =SUM(E57:E60) -> 0 | F61: =SUM(F57:F60) -> 0 | G61: =SUM(G57:G60) -> 0 | H61: =SUM(H57:H60) -> 0 | I61: =SUM(I57:I60) -> 0 | J61: =SUM(J57:J60) -> 0 | K61: =SUM(K57:K60) -> 0 | L61: =SUM(L57:L60) -> 0 | ... OO61: =SUM(OO57:OO60) -> 0
A62: 7 | B62: ='[1]6_VENEZOLANOS'!B62:B70 -> 383 | C62: JULIO | D62: FEMENINO | OO62: =SUM(E62:ON62)-SUM(NT62:NW62)-SUM(NZ62:OE62) -> 0
D63: MASCULINO | OO63: =SUM(E63:ON63)-SUM(NT63:NW63)-SUM(NZ63:OE63) -> 0
D64: OTRO | OO64: =SUM(E64:ON64)-SUM(NT64:NW64)-SUM(NZ64:OE64) -> 0
D65: TOTAL GENERO | E65: =SUM(E62:E64) -> 0 | F65: =SUM(F62:F64) -> 0 | G65: =SUM(G62:G64) -> 0 | H65: =SUM(H62:H64) -> 0 | I65: =SUM(I62:I64) -> 0 | J65: =SUM(J62:J64) -> 0 | K65: =SUM(K62:K64) -> 0 | L65: =SUM(L62:L64) -> 0 | ... OO65: =SUM(OO62:OO64) -> 0
D66: CONTRIBUTIVO | OO66: =SUM(E66:ON66)-SUM(NT66:NW66)-SUM(NZ66:OE66) -> 0
D67: SUBSIDIADO | OO67: =SUM(E67:ON67)-SUM(NT67:NW67)-SUM(NZ67:OE67) -> 0
D68: POBRE NO ASEGURADO | OO68: =SUM(E68:ON68)-SUM(NT68:NW68)-SUM(NZ68:OE68) -> 0
D69: REGIMEN ESPECIAL | OO69: =SUM(E69:ON69)-SUM(NT69:NW69)-SUM(NZ69:OE69) -> 0
D70: TOTAL REGIMEN | E70: =SUM(E66:E69) -> 0 | F70: =SUM(F66:F69) -> 0 | G70: =SUM(G66:G69) -> 0 | H70: =SUM(H66:H69) -> 0 | I70: =SUM(I66:I69) -> 0 | J70: =SUM(J66:J69) -> 0 | K70: =SUM(K66:K69) -> 0 | L70: =SUM(L66:L69) -> 0 | ... OO70: =SUM(OO66:OO69) -> 0
A71: 8 | B71: ='[1]6_VENEZOLANOS'!B71:B79 -> 400 | C71: AGOSTO | D71: FEMENINO | OO71: =SUM(E71:ON71)-SUM(NT71:NW71)-SUM(NZ71:OE71) -> 0
D72: MASCULINO | OO72: =SUM(E72:ON72)-SUM(NT72:NW72)-SUM(NZ72:OE72) -> 0
D73: OTRO | OO73: =SUM(E73:ON73)-SUM(NT73:NW73)-SUM(NZ73:OE73) -> 0
D74: TOTAL GENERO | E74: =SUM(E71:E73) -> 0 | F74: =SUM(F71:F73) -> 0 | G74: =SUM(G71:G73) -> 0 | H74: =SUM(H71:H73) -> 0 | I74: =SUM(I71:I73) -> 0 | J74: =SUM(J71:J73) -> 0 | K74: =SUM(K71:K73) -> 0 | L74: =SUM(L71:L73) -> 0 | ... OO74: =SUM(OO71:OO73) -> 0
D75: CONTRIBUTIVO | OO75: =SUM(E75:ON75)-SUM(NT75:NW75)-SUM(NZ75:OE75) -> 0
D76: SUBSIDIADO | OO76: =SUM(E76:ON76)-SUM(NT76:NW76)-SUM(NZ76:OE76) -> 0
D77: POBRE NO ASEGURADO | OO77: =SUM(E77:ON77)-SUM(NT77:NW77)-SUM(NZ77:OE77) -> 0
D78: REGIMEN ESPECIAL | OO78: =SUM(E78:ON78)-SUM(NT78:NW78)-SUM(NZ78:OE78) -> 0
D79: TOTAL REGIMEN | E79: =SUM(E75:E78) -> 0 | F79: =SUM(F75:F78) -> 0 | G79: =SUM(G75:G78) -> 0 | H79: =SUM(H75:H78) -> 0 | I79: =SUM(I75:I78) -> 0 | J79: =SUM(J75:J78) -> 0 | K79: =SUM(K75:K78) -> 0 | L79: =SUM(L75:L78) -> 0 | ... OO79: =SUM(OO75:OO78) -> 0
A80: 9 | B80: ='[1]6_VENEZOLANOS'!B80:B88 -> 440 | C80: SEPTIEMBRE | D80: FEMENINO | OO80: =SUM(E80:ON80)-SUM(NT80:NW80)-SUM(NZ80:OE80) -> 0
D81: MASCULINO | OO81: =SUM(E81:ON81)-SUM(NT81:NW81)-SUM(NZ81:OE81) -> 0
D82: OTRO | OO82: =SUM(E82:ON82)-SUM(NT82:NW82)-SUM(NZ82:OE82) -> 0
D83: TOTAL GENERO | E83: =SUM(E80:E82) -> 0 | F83: =SUM(F80:F82) -> 0 | G83: =SUM(G80:G82) -> 0 | H83: =SUM(H80:H82) -> 0 | I83: =SUM(I80:I82) -> 0 | J83: =SUM(J80:J82) -> 0 | K83: =SUM(K80:K82) -> 0 | L83: =SUM(L80:L82) -> 0 | ... OO83: =SUM(OO80:OO82) -> 0
D84: CONTRIBUTIVO | OO84: =SUM(E84:ON84)-SUM(NT84:NW84)-SUM(NZ84:OE84) -> 0
D85: SUBSIDIADO | OO85: =SUM(E85:ON85)-SUM(NT85:NW85)-SUM(NZ85:OE85) -> 0
D86: POBRE NO ASEGURADO | OO86: =SUM(E86:ON86)-SUM(NT86:NW86)-SUM(NZ86:OE86) -> 0
D87: REGIMEN ESPECIAL | OO87: =SUM(E87:ON87)-SUM(NT87:NW87)-SUM(NZ87:OE87) -> 0
D88: TOTAL REGIMEN | E88: =SUM(E84:E87) -> 0 | F88: =SUM(F84:F87) -> 0 | G88: =SUM(G84:G87) -> 0 | H88: =SUM(H84:H87) -> 0 | I88: =SUM(I84:I87) -> 0 | J88: =SUM(J84:J87) -> 0 | K88: =SUM(K84:K87) -> 0 | L88: =SUM(L84:L87) -> 0 | ... OO88: =SUM(OO84:OO87) -> 0
A89: 10 | B89: ='[1]6_VENEZOLANOS'!B89:B97 -> 456 | C89: OCTUBRE | D89: FEMENINO | OO89: =SUM(E89:ON89)-SUM(NT89:NW89)-SUM(NZ89:OE89) -> 0
D90: MASCULINO | OO90: =SUM(E90:ON90)-SUM(NT90:NW90)-SUM(NZ90:OE90) -> 0
D91: OTRO | OO91: =SUM(E91:ON91)-SUM(NT91:NW91)-SUM(NZ91:OE91) -> 0
D92: TOTAL GENERO | E92: =SUM(E89:E91) -> 0 | F92: =SUM(F89:F91) -> 0 | G92: =SUM(G89:G91) -> 0 | H92: =SUM(H89:H91) -> 0 | I92: =SUM(I89:I91) -> 0 | J92: =SUM(J89:J91) -> 0 | K92: =SUM(K89:K91) -> 0 | L92: =SUM(L89:L91) -> 0 | ... OO92: =SUM(OO89:OO91) -> 0
D93: CONTRIBUTIVO | OO93: =SUM(E93:ON93)-SUM(NT93:NW93)-SUM(NZ93:OE93) -> 0
D94: SUBSIDIADO | OO94: =SUM(E94:ON94)-SUM(NT94:NW94)-SUM(NZ94:OE94) -> 0
D95: POBRE NO ASEGURADO | OO95: =SUM(E95:ON95)-SUM(NT95:NW95)-SUM(NZ95:OE95) -> 0
D96: REGIMEN ESPECIAL | OO96: =SUM(E96:ON96)-SUM(NT96:NW96)-SUM(NZ96:OE96) -> 0
D97: TOTAL REGIMEN | E97: =SUM(E93:E96) -> 0 | F97: =SUM(F93:F96) -> 0 | G97: =SUM(G93:G96) -> 0 | H97: =SUM(H93:H96) -> 0 | I97: =SUM(I93:I96) -> 0 | J97: =SUM(J93:J96) -> 0 | K97: =SUM(K93:K96) -> 0 | L97: =SUM(L93:L96) -> 0 | ... OO97: =SUM(OO93:OO96) -> 0
A98: 11 | B98: ='[1]6_VENEZOLANOS'!B98:B106 -> 572 | C98: NOVIEMBRE | D98: FEMENINO | OO98: =SUM(E98:ON98)-SUM(NT98:NW98)-SUM(NZ98:OE98) -> 0
D99: MASCULINO | OO99: =SUM(E99:ON99)-SUM(NT99:NW99)-SUM(NZ99:OE99) -> 0
D100: OTRO | OO100: =SUM(E100:ON100)-SUM(NT100:NW100)-SUM(NZ100:OE100) -> 0
...

Sheet 6_VENEZOLANOS
E1: =D1+1 -> 1 | F1: =E1+1 -> 2 | G1: =F1+1 -> 3 | H1: =G1+1 -> 4 | I1: =H1+1 -> 5 | J1: =I1+1 -> 6 | K1: =J1+1 -> 7 | L1: =K1+1 -> 8 | ... ON1: =OM1+1 -> 400
A2: NOMBRE DEPARTAMENTO: | D2: RISARALDA | E2: CODIGO DEPARTAMENTO: | G2: =VLOOKUP(D2,Hoja1!B4:C41,2,0) -> 66 | H2: =G2 -> 66
A3: AÑO: | D3: 2026 | HE3: DE 1 AÑO 2022 | HF3: DE 2 AÑOS 2021 | HG3: DE 3 AÑOS 2020 | HH3: DE 4 AÑOS 2019 | HI3: DE 5 AÑOS 2018 | HJ3: DE 6 AÑOS 2017 | HK3: DE 7 AÑOS 2016 | HL3: DE 8 AÑOS 2015 | HM3: DE 9 AÑOS 2014 | HN3: DE 10 AÑOS 2013 | HO3: DE 11 AÑOS 2012 | HP3: DE 12 AÑOS 2011 | HQ3: DE 13 AÑOS 2010 | HR3: DE 14 AÑOS 2009 | HS3: DE 15 AÑOS 2008 | HT3: DE 16 AÑOS 2007 | HU3: DE 17 AÑOS 2006 | OO3: .
A4: MES DE REPORTE | D4: agosto | F4: VACUNAS PAI | S4: VACUNAS PAI | BV4: VACUNAS PAI | CW4: VACUNAS PAI | EI4: VACUNAS PAI | FE4: VACUNAS PAI | JZ4: VACUNAS PAI | NH4: VACUNAS PAI | OM4: VACUNAS PAI
A5: MUNICIPIO | D5: REGIMEN / GRUPO ETNICO | E5: BCG | H5: HEPATITIS B | AE5: HEPATITIS B (RESOLUCION. 0459/2012 y Circular 031/2014) | BK5: POBLACION PRIORIZADA PARA HEPATITIS B | BO5: ANTIPOLIO INACTIVADA (VIP) | CU5: HEXAVALENTE (DPTa-HB-Hib-VIP) | CX5: PENTAVALENTE DPT - HB - Hib | DI5: DPT | DV5: TDaP Acelular Pediatrica | FA5: ROTAVIRUS | FC5: NEUMOCOCO CONJUGADA DECAVALENTE | FI5: NEUMOCOCO CONJUGADA TRECEVALENTE | FO5: SRP (TRIPLE VIRAL) | GI5: SR (DOBLE VIRAL) | HD5: FIEBRE AMARILLA DOSIS UNICA | IC5: HEPATITIS A (Cohorte de nacidos a partir de 1 de enero de 2012) | IP5: VARICELA (Cohorte de nacidos a partir de 1 de julio de 2014) | JH5: TOXOIDE TETANICO-DIFTERICO DE ADULTOS (Td) | LM5: Tdap ACELULAR (Se debe garantizar una dosis por cada embarazo y se aplica a partir de las semana 26 y zona rural a partir de la semana 20 y otros grupos de dificil acceso o captación) | LZ5: INFLUENZA | MR5: MENINGOCOCO USO EN BROTES (Serogrupo A, C, Y y W-135) | MX5: V P H | NH5: ANTIRRABICA HUMANA PRE/POST-EXPOSICION | NW5: INMUNOGLOBULINA ANTI HEPATITIS B | OB5: INMUNOGLOBULINAS /ANTITOXINAS TETÁNICAS | OD5: ANTI TOXINA DIFTERICA (Suero heterólogo) | OF5: COVID 19 | OP5: =COUNT(E11:ON11) -> 400
E6: RECIEN NACIDO (DE 0 HASTA 29 DÍAS) | F6: MENOR DE UN AÑO (A PARTIR DE 30 DIAS HASTA 11 MESES 29 DIAS) | G6: POBLACION INDIGENA Y RURAL DISPERSA (DE 1 AÑO A 5 AÑOS, 11 MESES, 29 DIAS) | H6: RECIEN NACIDO (HASTA 29 DÍAS) | J6: DE 2 A 11 MESES 29 DÍAS | M6: DE 1 AÑO | P6: DE 2 AÑOS | S6: DE 3 AÑOS | V6: DE 4 AÑOS | Y6: DE 5 AÑOS | AB6: DE 6 a 17 AÑOS 11 MESES Y 29 DIAS (ICBF) | AE6: DE 1 AÑO | AI6: DE 2 AÑOS | AM6: DE 3 AÑOS | AQ6: DE 4 AÑOS | AU6: DE 5 AÑOS | AY6: 6 A 14 AÑOS | BC6: DE 15 AÑOS A 17 AÑOS | BG6: DE 18 AÑOS Y MAS | BO6: < DE 1 AÑO | BR6: DE 1 AÑO | BU6: DE 2 AÑOS | BX6: DE 3 AÑOS | CA6: DE 4 AÑOS | CD6: DE 5 AÑOS | CG6: AL AÑO DE LA 3ra DOSIS (De 18 a 23 meses) | CH6: DE 2 AÑOS | CI6: DE 3 AÑOS | CJ6: DE 4 AÑOS | CK6: DE 5 AÑOS | CL6: DE 5 AÑOS | CM6: DE 6 AÑOS | CP6: DE 7 A 17 AÑOS (AUTORIZADAS POR EL MINISTERIO) | CS6: DE 18 A 60 AÑOS (AUTORIZADAS POR EL MINISTERIO) | CU6: < DE 1 AÑO (Prematuros Extremos (MENOR DE 1500 GRAMOS según lineamientos) | CX6: < DE 1 AÑO | DA6: De 18 a 23 meses | DB6: DE 1 AÑO (12 a 23 meses) Sin antecedente de Penta | DE6: DE 2 AÑOS (24 a 35 meses) Sin antecedente de Penta | DF6: DE 3 AÑOS (36 a 47 meses) Sin antecedente de Penta | DG6: DE 4 AÑOS (48 a 70 meses) Sin antecedente de Penta | DH6: 5 AÑOS HASTA UN DIA ANTES DE CUMPLIR LOS 6 AÑOS | DI6: DE 2 AÑOS | DL6: DE 3 AÑOS | DO6: DE 4 AÑOS | DR6: DE 5 AÑOS | DV6: < DE 1 AÑO | DY6: DE 1 AÑO | EB6: DE 2 AÑOS | EE6: DE 3 AÑOS | EH6: DE 4 AÑOS | EK6: DE 5 AÑOS | EN6: De 18 a 23 meses | EO6: DE 2 AÑOS | EP6: DE 3 AÑOS | EQ6: DE 4 AÑOS | ER6: DE 5 AÑOS | ES6: 3 AÑOS | ET6: 4 AÑOS | EU6: 5 AÑOS | EV6: DE 6 AÑOS | FA6: DE 2 MESES A 3 MESES y 21 DIAS | FB6: DE 4 MESES A LOS 11 MESES y 29 DIAS | FC6: DE 2 A 11 MESES 29 DIAS | FE6: DE 12 MESES A 23 MESES | FH6: DE 24 MESES A 71 MESES 29 DIAS | FI6: DE 2 A 11 MESES 29 DIAS | FK6: DE 12 A 23 MESES | FL6: DE 12 A 23 MESES | FN6: DE 24 MESES A 71 MESES 29 DIAS | FO6: PRIMERA DOSIS (Se deben registrar las dosis aplicadas en población nacida del 1 de enero al 31 de diciembre de cada año) | FY6: SEGUNDA DOSIS | GI6: DOSIS CERO | GJ6: DOSIS UNICA | HD6: DE 1 AÑO 2024 | HE6: DE 2 AÑOS 2023 | HF6: DE 3 AÑOS 2022 | HG6: DE 4 AÑOS 2021 | HH6: DE 5 AÑOS 2020 | HI6: DE 6 AÑOS 2019 | HJ6: DE 7 AÑOS 2018 | HK6: DE 8 AÑOS 2017 | HL6: DE 9 AÑOS 2016 | HM6: DE 10 AÑOS 2015 | HN6: DE 11 AÑOS 2014 | HO6: DE 12 AÑOS 2013 | HP6: DE 13 AÑOS 2012 | HQ6: DE 14 AÑOS 2011 | HR6: DE 15 AÑOS 2010 | HS6: DE 16 AÑOS 2009 | HT6: DE 17 AÑOS 2008 | HU6: DE 18 AÑOS 2007 | HV6: DE 19 AÑOS 2006 | HW6: 20 A 30 AÑOS (2007-1994) | HX6: 31 A 40 AÑOS | HY6: 41 A 50 AÑOS | HZ6: 51 A 59 AÑOS | IA6: 60 A 69 AÑOS (previa autorizacion del Ministerio). | IB6: EN SITUACIÓN DE BROTE Y PAISES QUE EXIGEN ANTECEDENTE VACUNAL | IC6: DOSIS ÚNICA | IP6: PRIMERA DOSIS | JA6: REFUERZO (aplicadas a partir del 1 de julio de 2019) | JH6: NIÑOS Y NIÑAS DE 7 A 9 AÑOS | JM6: GESTANTES DE 9 AÑOS A 17 AÑOS | JR6: GESTANTES DE 18 AÑOS Y MAS | JW6: REFUERZOS GESTANTES 15 A 49 AÑOS | KA6: MUJERES EN EDAD FERTIL (MEF) DE 10 AÑOS A 17 AÑOS | KF6: MUJERES EN EDAD FERTIL (MEF) DE 18 A 49 AÑOS | KK6: REFUERZOS MEF DE 15 A 49 AÑOS | KO6: HOMBRES DE 10 A 17 AÑOS | KT6: HOMBRES DE 18 A 49 AÑOS | KY6: REFUERZOS HOMBRES DE 15 A 49 AÑOS | LC6: OTROS DE 50 A 59 AÑOS | LH6: OTROS DE 60 AÑOS Y MAS | LM6: GESTANTES DE 9 A 17 AÑOS de acuerdo al lineamiento | LS6: GESTANTES DE 18 AÑOS Y MAS, de acuerdo al lineamiento | LY6: UNICA DOSIS OTROS GRUPOS (Con Autorizacion del MSPS ) | LZ6: DE 6 MESES A 11 MESES | MB6: DE 12 MESES A 23 MESES | ME6: 24 A 35 MESES SEGÚN AUTORIZACION DEL MINISTERIO | MH6: DE 50 a 59 AÑOS (SEGÚN AUTORIZACION DEL MINISTERIO) | MI6: DE 60 Y MAS AÑOS | MJ6: GESTANTES A PARTIR DE LA SEMANA 14 | MK6: DE 3 A 8 AÑOS (Poblaciones autorizadas de acuerdo a los lineamientos emitidos por el MSPS ) | MN6: DE 9 A 17 AÑOS (Poblaciones con diagnóstico de riesgo, recibir de acuerdo a los lineamientos emitidos por el MSPS ) | MO6: DE 18 A 59 AÑOS (Poblaciones con diagnóstico de riesgo de acuerdo a los lineamientos emitidos por el MSPS) | MP6: PERSONAL DE LA SALUD | MQ6: Familiares y convivientes de menores de 18 años con Cancér (Ley 1388/2010) | MR6: DE 6 A 11 MESES | MU6: 12 A 23 MESES | MW6: MAYORES DE 2 AÑOS | MX6: 9 AÑOS | MY6: 10 AÑOS | MZ6: 11 AÑOS | NA6: 12 AÑOS | NB6: 13 AÑOS | NC6: 14 AÑOS | ND6: 15 AÑOS | NE6: 16 AÑOS | NF6: 17 AÑOS | NG6: 2as Dosis Inmunosuprimidos, según linemientos del 30 de septiembre/2023 | NH6: ESQUEMA PRE EXPOSICIÓN OPCION 1 (I.D.) (Se aplica previa autorización del Ministerio) | NJ6: ESQUEMA PRE EXPOSICIÓN OPCION 2 (I.M.) (Se aplica previa autorización del Ministerio) | NL6: ESQUEMA POST EXPOSICION Número de dosis aplicadas | NQ6: ESQUEMA RE-EXPOSICIÓN | NT6: TOTAL DE ESQUEMAS POST EXPOSICION (USUARIOS CON ESQUEMA DE VACUNACION COMPLETO) | NU6: INMUNOGLOBULINA ANTIRRÁBICA (Número de frascos utilizados) | NV6: No. De personas que recibieron inmunoglobulina antirrabica. | NW6: RECIEN NACIDO (Hijo de Madre Antigenos + para HB) | NZ6: RESOLUCION 0459/2012- Circular 031/2014) | OB6: INMUNOGLOBULINA ANTI TETANICA (Suero homólogo) | OF6: DE 6 MESES A 4 AÑOS | OI6: DE 5 AÑOS A 11 AÑOS | OJ6: DE 12 A 59 AÑOS | OK6: GESTANTES | OL6: MAYORES DE 60 AÑOS | OM6: TALENTO HUMANO EN SALUD | ON6: DE 12 AÑOS A 59 AÑOS PERSONAS CON COMORBILIDADES | OP6: codepcomure
A7: Nº | B7: COD DANE MPIO | C7: NOMBRE MUNICIPIO/ IPS | H7: RECIEN NACIDO (Primeras 12 Horas) | I7: RECIEN NACIDO Entre 12 horas y 29 dias | J7: 1a | K7: 2a | L7: 3a | M7: 1a | N7: 2a | O7: 3a | P7: 1a | Q7: 2a | R7: 3a | S7: 1a | T7: 2a | U7: 3a | V7: 1a | W7: 2a | X7: 3a | Y7: 1a | Z7: 2a | AA7: 3a | AB7: 1a | AC7: 2a | AD7: 3a | AE7: 1a | AF7: 2a | AG7: 3a | AH7: Ref. | AI7: 1a | AJ7: 2a | AK7: 3a | AL7: Ref. | AM7: 1a | AN7: 2a | AO7: 3a | AP7: Ref. | AQ7: 1a | AR7: 2a | AS7: 3a | AT7: Ref. | AU7: 1a | AV7: 2a | AW7: 3a | AX7: Ref. | AY7: 1a | AZ7: 2a | BA7: 3a | BB7: Ref. | BC7: 1a | BD7: 2a | BE7: 3a | BF7: Ref. | BG7: 1a | BH7: 2a | BI7: 3a | BJ7: Ref. | BK7: 1a | BL7: 2a | BM7: 3a | BN7: Ref- | BO7: 1a | BP7: 2a | BQ7: 3a | BR7: 1a | BS7: 2a | BT7: 3a | BU7: 1a | BV7: 2a | BW7: 3a | BX7: 1a | BY7: 2a | BZ7: 3a | CA7: 1a | CB7: 2a | CC7: 3a | CD7: 1a | CE7: 2a | CF7: 3a | CG7: Primer Refuerzo | CL7: Segundo Refuerzo | CM7: 1a | CN7: 2a | CO7: 3a | CP7: 1a | CQ7: 2a | CR7: 3a | CS7: 1a | CT7: 2a | CU7: 1a | CV7: 2a | CW7: 3a | CX7: 1a | CY7: 2a | CZ7: 3a | DA7: 1er REF de acuerdo a lineamiento | DB7: 1a | DC7: 2a | DD7: 3a | DE7: Unica | DF7: Unica | DG7: Unica | DH7: Unica | DI7: 2a | DJ7: 3a | DK7: REF. | DL7: 2a | DM7: 3a | DN7: REF. | DO7: 2a | DP7: 3a | DQ7: REF. | DR7: 2a | DS7: 3a | DT7: 1° REF. | DU7: 2° REF. | DV7: 1a | DW7: 2a | DX7: 3a | DY7: 1a | DZ7: 2a | EA7: 3a | EB7: 1a | EC7: 2a | ED7: 3a | EE7: 1a | EF7: 2a | EG7: 3a | EH7: 1a | EI7: 2a | EJ7: 3a | EK7: 1a | EL7: 2a | EM7: 3a | EN7: 1er REF. | ES7: 2° REF. | EV7: 1a | EW7: 2a | EX7: 3a | EY7: 1er REF. | EZ7: 2° REF. | FA7: 1a | FB7: 2a | FC7: 1a | FD7: 2a | FE7: REF. | FF7: 1a | FG7: 2a | FH7: ÚNICA | FI7: 1a | FJ7: 2a | FK7: REF. | FL7: 1a | FM7: 2a | FN7: ÚNICA | FO7: Nacidos 2024 1 año | FP7: Nacidos 2023 2 años | FQ7: Nacidos 2022 3 años | FR7: Nacidos 2021 4 años | FS7: Nacidos 2020 5 años | FT7: Nacidos 2019 6 años | FU7: Nacidos 2018 7 años | FV7: Nacidos 2017 8 años | FW7: Nacidos 2016 9 años | FX7: Nacidos 2015 10 años | FY7: De 18 a 23 meses | FZ7: Nacidos 2023 (Seguimiento) 2 años | GA7: Nacidos 2022 (Seguimiento) 3 años | GB7: Nacidos 2021 (Seguimiento) 4 años | GC7: Nacidos 2020 5 años | GD7: Nacidos 2019 6 años | GE7: Nacidos 2018 7 años | GF7: Nacidos 2017 8 años | GG7: Nacidos 2016 9 años | GH7: Nacidos 2015 10 años | GI7: SR * 6 a 11 MESES 29 DIAS | GJ7: DE 1 AÑO 2024 | GK7: DE 2 AÑOS 2023 | GL7: DE 3 AÑOS 2022 | GM7: DE 4 AÑOS 2021 | GN7: DE 5 AÑOS 2020 | GO7: DE 6 AÑOS 2019 | GP7: DE 7 AÑOS 2018 | GQ7: DE 8 AÑOS 2017 | GR7: DE 9 AÑOS 2016 | GS7: DE 10 AÑOS 2015 | GT7: DE 11 AÑOS 2014 | GU7: DE 12 AÑOS 2013 | GV7: DE 13 AÑOS 2012 | GW7: DE 14 AÑOS 2011 | GX7: DE 15 AÑOS 2010 | GY7: DE 16 AÑOS 2009 | GZ7: DE 17 AÑOS 2008 | HA7: 18 A 30 AÑOS | HB7: 31 A 40 AÑOS | HC7: 41 Y MAS AÑOS | IB7: 9 meses a 11 meses (Con Autorizacion del MSPS de acuerdo a Lineamientos) | IC7: DE 1 AÑO 2024 | ID7: DE 2 AÑOS 2023 | IE7: DE 3 AÑOS 2022 | IF7: DE 4 AÑOS 2021 | IG7: DE 5 AÑOS 2020 | IH7: DE 6 AÑOS 2019 | II7: DE 7 AÑOS 2018 | IJ7: DE 8 AÑOS 2017 | IK7: DE 9 AÑOS 2016 | IL7: DE 10 AÑOS 2015 | IM7: DE 11 AÑOS 2014 | IN7: DE 12 AÑOS 2013 | IO7: DE 13 AÑOS 2012 | IP7: DE 1 AÑO 2024 | IQ7: DE 2 AÑOS 2023 | IR7: DE 3 AÑOS 2022 | IS7: DE 4 AÑOS 2021 | IT7: DE 5 AÑOS 2020 | IU7: DE 6 AÑOS 2019 | IV7: DE 7 AÑOS 2018 | IW7: DE 8 AÑOS 2017 | IX7: DE 9 AÑOS 2016 | IY7: DE 10 AÑOS 2015 | IZ7: DE 11 AÑOS 2014 | JA7: DE 5 AÑOS 2024 | JB7: DE 6 AÑOS 2023 | JC7: DE 7 AÑOS 2022 | JD7: DE 8 AÑOS 2021 | JE7: DE 9 AÑOS 2020 | JF7: DE 10 AÑOS 2019 | JG7: DE 11 AÑOS 2018 | JH7: Td1 | JI7: Td2 | JJ7: Td3 | JK7: Ref 1 | JL7: Ref 2 | JM7: Td1 | JN7: Td2 | JO7: Td3 | JP7: Td4 | JQ7: Td5 | JR7: Td1 | JS7: Td2 | JT7: Td3 | JU7: Td4 | JV7: Td5 | JW7: REF. 1 | JX7: REF. 2 | JY7: REF. 3 | JZ7: REF. 4 | KA7: Td1 | KB7: Td2 | KC7: Td3 | KD7: Td4 | KE7: Td5 | KF7: Td1 | KG7: Td2 | KH7: Td3 | KI7: Td4 | KJ7: Td5 | KK7: REF. 1 | KL7: REF. 2 | KM7: REF. 3 | KN7: REF. 4 | KO7: Td1 | KP7: Td2 | KQ7: Td3 | KR7: Td4 | KS7: Td5 | KT7: Td1 | KU7: Td2 | KV7: Td3 | KW7: Td4 | KX7: Td5 | KY7: REF. 1 | KZ7: REF. 2 | LA7: REF. 3 | LB7: REF. 4 | LC7: Td1 | LD7: Td2 | LE7: Td3 | LF7: Td4 | LG7: Td5 | LH7: Td1 | LI7: Td2 | LJ7: Td3 | LK7: Td4 | LL7: Td5 | LM7: UNICA DOSIS EN CADA EMBARAZO | LN7: Td1 | LO7: Td2 | LP7: Td3 | LQ7: Td4 | LR7: Td5 | LS7: UNICA DOSIS EN CADA EMBARAZO | LT7: Td1 | LU7: Td2 | LV7: Td3 | LW7: Td4 | LX7: Td5 | LZ7: 1a | MA7: 2a | MB7: 1a | MC7: 2a | MD7: ÚNICA | ME7: 1a | MF7: 2a | MG7: ÚNICA | MH7: ÚNICA | MI7: ÚNICA | MJ7: ÚNICA | MK7: 1a | ML7: 2a | MM7: ÚNICA | MN7: ÚNICA | MO7: ÚNICA | MP7: ÚNICA | MQ7: ÚNICA | MR7: 1a | MS7: 2a | MT7: 3a | MU7: 1a | MV7: 2a | MW7: ÚNICA | MX7: Dosis Ùnica | NH7: 1a. y 2a día 0 | NI7: 3a y 4a. día 7 | NJ7: 1a . día 0 | NK7: 2a. día 7 | NL7: 1a. día 0 | NM7: 2a. dia 3 | NN7: 3a. día 7 | NO7: 4a . día 14 | NP7: 5a . día 21 a 28 | NQ7: 1a . día 0 | NR7: 2a. día 3 | NS7: 3a. día 7 a 14 | NT7: Número de usuarios | NW7: Número de frascos utilizados | NX7: N° recién nacidos que recibieron dosis de Ig en las primeras 12 horas | NY7: N° recién nacidos que recibieron dosis de Ig despues de las primeras 12 horas | NZ7: Número de frascos utilizados | OA7: N° Personas que recibieron dosis de Ig | OB7: Número de frascos utilizados | OC7: N° Personas que recibieron dosis de Ig | OD7: Número de frascos utilizados | OE7: N° Personas que recibieron dosis de antitoxina | OF7: Primera dosis | OG7: Segunda dosis | OH7: Adicional | OI7: Adicional | OJ7: Adicional | OK7: Adicional | OL7: Adicional | OM7: Adicional | ON7: Adicional | OO7: TOTAL DOSIS
A8: 1 | B8: 001 | C8: ENERO | D8: FEMENINO | E8: 0 | F8: 0 | G8: 0 | H8: 0 | I8: 0 | J8: 0 | K8: 0 | L8: 0 | M8: 0 | N8: 0 | O8: 0 | P8: 0 | Q8: 0 | R8: 0 | S8: 0 | T8: 0 | U8: 0 | V8: 0 | W8: 0 | X8: 0 | Y8: 0 | Z8: 0 | AA8: 0 | AB8: 0 | AC8: 0 | AD8: 0 | AE8: 0 | AF8: 0 | AG8: 0 | AH8: 0 | AI8: 0 | AJ8: 0 | AK8: 0 | AL8: 0 | AM8: 0 | AN8: 0 | AO8: 0 | AP8: 0 | AQ8: 0 | AR8: 0 | AS8: 0 | AT8: 0 | AU8: 0 | AV8: 0 | AW8: 0 | AX8: 0 | AY8: 0 | AZ8: 0 | BA8: 0 | BB8: 0 | BC8: 0 | BD8: 0 | BE8: 0 | BF8: 0 | BG8: 0 | BH8: 0 | BI8: 0 | BJ8: 0 | BK8: 0 | BL8: 0 | BM8: 0 | BN8: 0 | BO8: 0 | BP8: 0 | BQ8: 0 | BR8: 0 | BS8: 0 | BT8: 0 | BU8: 0 | BV8: 0 | BW8: 0 | BX8: 0 | BY8: 0 | BZ8: 0 | CA8: 0 | CB8: 0 | CC8: 0 | CD8: 0 | CE8: 0 | CF8: 0 | CG8: 0 | CH8: 0 | CI8: 0 | CJ8: 0 | CK8: 0 | CL8: 0 | CM8: 0 | CN8: 0 | CO8: 0 | CP8: 0 | CQ8: 0 | CR8: 0 | CS8: 0 | CT8: 0 | CU8: 0 | CV8: 0 | CW8: 0 | CX8: 0 | CY8: 0 | CZ8: 0 | DA8: 0 | DB8: 0 | DC8: 0 | DD8: 0 | DE8: 0 | DF8: 0 | DG8: 0 | DH8: 0 | DI8: 0 | DJ8: 0 | DK8: 0 | DL8: 0 | DM8: 0 | DN8: 0 | DO8: 0 | DP8: 0 | DQ8: 0 | DR8: 0 | DS8: 0 | DT8: 0 | DU8: 0 | DV8: 0 | DW8: 0 | DX8: 0 | DY8: 0 | DZ8: 0 | EA8: 0 | EB8: 0 | EC8: 0 | ED8: 0 | EE8: 0 | EF8: 0 | EG8: 0 | EH8: 0 | EI8: 0 | EJ8: 0 | EK8: 0 | EL8: 0 | EM8: 0 | EN8: 0 | EO8: 0 | EP8: 0 | EQ8: 0 | ER8: 0 | ES8: 0 | ET8: 0 | EU8: 0 | EV8: 0 | EW8: 0 | EX8: 0 | EY8: 0 | EZ8: 0 | FA8: 0 | FB8: 0 | FC8: 0 | FD8: 0 | FE8: 0 | FF8: 0 | FG8: 0 | FH8: 0 | FI8: 0 | FJ8: 0 | FK8: 0 | FL8: 0 | FM8: 0 | FN8: 0 | FO8: 0 | FP8: 0 | FQ8: 0 | FR8: 0 | FS8: 0 | FT8: 0 | FU8: 0 | FV8: 0 | FW8: 0 | FX8: 0 | FY8: 0 | FZ8: 0 | GA8: 0 | GB8: 0 | GC8: 0 | GD8: 0 | GE8: 0 | GF8: 0 | GG8: 0 | GH8: 0 | GI8: 0 | GJ8: 0 | GK8: 0 | GL8: 0 | GM8: 0 | GN8: 0 | GO8: 0 | GP8: 0 | GQ8: 0 | GR8: 0 | GS8: 0 | GT8: 0 | GU8: 0 | GV8: 0 | GW8: 0 | GX8: 0 | GY8: 0 | GZ8: 0 | HA8: 0 | HB8: 0 | HC8: 0 | HD8: 0 | HE8: 0 | HF8: 0 | HG8: 0 | HH8: 0 | HI8: 0 | HJ8: 0 | HK8: 0 | HL8: 0 | HM8: 0 | HN8: 0 | HO8: 0 | HP8: 0 | HQ8: 0 | HR8: 0 | HS8: 0 | HT8: 0 | HU8: 0 | HV8: 0 | HW8: 0 | HX8: 0 | HY8: 0 | HZ8: 0 | IA8: 0 | IB8: 0 | IC8: 0 | ID8: 0 | IE8: 0 | IF8: 0 | IG8: 0 | IH8: 0 | II8: 0 | IJ8: 0 | IK8: 0 | IL8: 0 | IM8: 0 | IN8: 0 | IO8: 0 | IP8: 0 | IQ8: 0 | IR8: 0 | IS8: 0 | IT8: 0 | IU8: 0 | IV8: 0 | IW8: 0 | IX8: 0 | IY8: 0 | IZ8: 0 | JA8: 0 | JB8: 0 | JC8: 0 | JD8: 0 | JE8: 0 | JF8: 0 | JG8: 0 | JH8: 0 | JI8: 0 | JJ8: 0 | JK8: 0 | JL8: 0 | JM8: 0 | JN8: 0 | JO8: 0 | JP8: 0 | JQ8: 0 | JR8: 0 | JS8: 0 | JT8: 0 | JU8: 0 | JV8: 0 | JW8: 0 | JX8: 0 | JY8: 0 | JZ8: 0 | KA8: 0 | KB8: 0 | KC8: 0 | KD8: 0 | KE8: 0 | KF8: 0 | KG8: 0 | KH8: 0 | KI8: 0 | KJ8: 0 | KK8: 0 | KL8: 0 | KM8: 0 | KN8: 0 | KO8: 0 | KP8: 0 | KQ8: 0 | KR8: 0 | KS8: 0 | KT8: 0 | KU8: 0 | KV8: 0 | KW8: 0 | KX8: 0 | KY8: 0 | KZ8: 0 | LA8: 0 | LB8: 0 | LC8: 0 | LD8: 0 | LE8: 0 | LF8: 0 | LG8: 0 | LH8: 0 | LI8: 0 | LJ8: 0 | LK8: 0 | LL8: 0 | LM8: 0 | LN8: 0 | LO8: 0 | LP8: 0 | LQ8: 0 | LR8: 0 | LS8: 0 | LT8: 0 | LU8: 0 | LV8: 0 | LW8: 0 | LX8: 0 | LY8: 0 | LZ8: 0 | MA8: 0 | MB8: 0 | MC8: 0 | MD8: 0 | ME8: 0 | MF8: 0 | MG8: 0 | MH8: 0 | MI8: 0 | MJ8: 0 | MK8: 0 | ML8: 0 | MM8: 0 | MN8: 0 | MO8: 0 | MP8: 0 | MQ8: 0 | MR8: 0 | MS8: 0 | MT8: 0 | MU8: 0 | MV8: 0 | MW8: 0 | MX8: 0 | MY8: 0 | MZ8: 0 | NA8: 0 | NB8: 0 | NC8: 0 | ND8: 0 | NE8: 0 | NF8: 0 | NG8: 0 | NH8: 0 | NI8: 0 | NJ8: 0 | NK8: 0 | NL8: 0 | NM8: 0 | NN8: 0 | NO8: 0 | NP8: 0 | NQ8: 0 | NR8: 0 | NS8: 0 | NT8: 0 | NU8: 0 | NV8: 0 | NW8: 0 | NX8: 0 | NY8: 0 | NZ8: 0 | OA8: 0 | OB8: 0 | OC8: 0 | OD8: 0 | OE8: 0 | OF8: 0 | OG8: 0 | OH8: 0 | OI8: 0 | OJ8: 0 | OK8: 0 | OL8: 0 | OM8: 0 | ON8: 0 | OO8: =SUM(E8:ON8)-SUM(NT8:NW8)-SUM(NZ8:OE8) -> 0
D9: MASCULINO | E9: 0 | F9: 0 | G9: 0 | H9: 0 | I9: 0 | J9: 0 | K9: 0 | L9: 0 | M9: 0 | N9: 0 | O9: 0 | P9: 0 | Q9: 0 | R9: 0 | S9: 0 | T9: 0 | U9: 0 | V9: 0 | W9: 0 | X9: 0 | Y9: 0 | Z9: 0 | AA9: 0 | AB9: 0 | AC9: 0 | AD9: 0 | AE9: 0 | AF9: 0 | AG9: 0 | AH9: 0 | AI9: 0 | AJ9: 0 | AK9: 0 | AL9: 0 | AM9: 0 | AN9: 0 | AO9: 0 | AP9: 0 | AQ9: 0 | AR9: 0 | AS9: 0 | AT9: 0 | AU9: 0 | AV9: 0 | AW9: 0 | AX9: 0 | AY9: 0 | AZ9: 0 | BA9: 0 | BB9: 0 | BC9: 0 | BD9: 0 | BE9: 0 | BF9: 0 | BG9: 0 | BH9: 0 | BI9: 0 | BJ9: 0 | BK9: 0 | BL9: 0 | BM9: 0 | BN9: 0 | BO9: 0 | BP9: 0 | BQ9: 0 | BR9: 0 | BS9: 0 | BT9: 0 | BU9: 0 | BV9: 0 | BW9: 0 | BX9: 0 | BY9: 0 | BZ9: 0 | CA9: 0 | CB9: 0 | CC9: 0 | CD9: 0 | CE9: 0 | CF9: 0 | CG9: 0 | CH9: 0 | CI9: 0 | CJ9: 0 | CK9: 0 | CL9: 0 | CM9: 0 | CN9: 0 | CO9: 0 | CP9: 0 | CQ9: 0 | CR9: 0 | CS9: 0 | CT9: 0 | CU9: 0 | CV9: 0 | CW9: 0 | CX9: 0 | CY9: 0 | CZ9: 0 | DA9: 0 | DB9: 0 | DC9: 0 | DD9: 0 | DE9: 0 | DF9: 0 | DG9: 0 | DH9: 0 | DI9: 0 | DJ9: 0 | DK9: 0 | DL9: 0 | DM9: 0 | DN9: 0 | DO9: 0 | DP9: 0 | DQ9: 0 | DR9: 0 | DS9: 0 | DT9: 0 | DU9: 0 | DV9: 0 | DW9: 0 | DX9: 0 | DY9: 0 | DZ9: 0 | EA9: 0 | EB9: 0 | EC9: 0 | ED9: 0 | EE9: 0 | EF9: 0 | EG9: 0 | EH9: 0 | EI9: 0 | EJ9: 0 | EK9: 0 | EL9: 0 | EM9: 0 | EN9: 0 | EO9: 0 | EP9: 0 | EQ9: 0 | ER9: 0 | ES9: 0 | ET9: 0 | EU9: 0 | EV9: 0 | EW9: 0 | EX9: 0 | EY9: 0 | EZ9: 0 | FA9: 0 | FB9: 0 | FC9: 0 | FD9: 0 | FE9: 0 | FF9: 0 | FG9: 0 | FH9: 0 | FI9: 0 | FJ9: 0 | FK9: 0 | FL9: 0 | FM9: 0 | FN9: 0 | FO9: 0 | FP9: 0 | FQ9: 0 | FR9: 0 | FS9: 0 | FT9: 0 | FU9: 0 | FV9: 0 | FW9: 0 | FX9: 0 | FY9: 0 | FZ9: 0 | GA9: 0 | GB9: 0 | GC9: 0 | GD9: 0 | GE9: 0 | GF9: 0 | GG9: 0 | GH9: 0 | GI9: 0 | GJ9: 0 | GK9: 0 | GL9: 0 | GM9: 0 | GN9: 0 | GO9: 0 | GP9: 0 | GQ9: 0 | GR9: 0 | GS9: 0 | GT9: 0 | GU9: 0 | GV9: 0 | GW9: 0 | GX9: 0 | GY9: 0 | GZ9: 0 | HA9: 0 | HB9: 0 | HC9: 0 | HD9: 0 | HE9: 0 | HF9: 0 | HG9: 0 | HH9: 0 | HI9: 0 | HJ9: 0 | HK9: 0 | HL9: 0 | HM9: 0 | HN9: 0 | HO9: 0 | HP9: 0 | HQ9: 0 | HR9: 0 | HS9: 0 | HT9: 0 | HU9: 0 | HV9: 0 | HW9: 0 | HX9: 0 | HY9: 0 | HZ9: 0 | IA9: 0 | IB9: 0 | IC9: 0 | ID9: 0 | IE9: 0 | IF9: 0 | IG9: 0 | IH9: 0 | II9: 0 | IJ9: 0 | IK9: 0 | IL9: 0 | IM9: 0 | IN9: 0 | IO9: 0 | IP9: 0 | IQ9: 0 | IR9: 0 | IS9: 0 | IT9: 0 | IU9: 0 | IV9: 0 | IW9: 0 | IX9: 0 | IY9: 0 | IZ9: 0 | JA9: 0 | JB9: 0 | JC9: 0 | JD9: 0 | JE9: 0 | JF9: 0 | JG9: 0 | JH9: 0 | JI9: 0 | JJ9: 0 | JK9: 0 | JL9: 0 | JM9: 0 | JN9: 0 | JO9: 0 | JP9: 0 | JQ9: 0 | JR9: 0 | JS9: 0 | JT9: 0 | JU9: 0 | JV9: 0 | JW9: 0 | JX9: 0 | JY9: 0 | JZ9: 0 | KA9: 0 | KB9: 0 | KC9: 0 | KD9: 0 | KE9: 0 | KF9: 0 | KG9: 0 | KH9: 0 | KI9: 0 | KJ9: 0 | KK9: 0 | KL9: 0 | KM9: 0 | KN9: 0 | KO9: 0 | KP9: 0 | KQ9: 0 | KR9: 0 | KS9: 0 | KT9: 0 | KU9: 0 | KV9: 0 | KW9: 0 | KX9: 0 | KY9: 0 | KZ9: 0 | LA9: 0 | LB9: 0 | LC9: 0 | LD9: 0 | LE9: 0 | LF9: 0 | LG9: 0 | LH9: 0 | LI9: 0 | LJ9: 0 | LK9: 0 | LL9: 0 | LM9: 0 | LN9: 0 | LO9: 0 | LP9: 0 | LQ9: 0 | LR9: 0 | LS9: 0 | LT9: 0 | LU9: 0 | LV9: 0 | LW9: 0 | LX9: 0 | LY9: 0 | LZ9: 0 | MA9: 0 | MB9: 0 | MC9: 0 | MD9: 0 | ME9: 0 | MF9: 0 | MG9: 0 | MH9: 0 | MI9: 0 | MJ9: 0 | MK9: 0 | ML9: 0 | MM9: 0 | MN9: 0 | MO9: 0 | MP9: 0 | MQ9: 0 | MR9: 0 | MS9: 0 | MT9: 0 | MU9: 0 | MV9: 0 | MW9: 0 | MX9: 0 | MY9: 0 | MZ9: 0 | NA9: 0 | NB9: 0 | NC9: 0 | ND9: 0 | NE9: 0 | NF9: 0 | NG9: 0 | NH9: 0 | NI9: 0 | NJ9: 0 | NK9: 0 | NL9: 0 | NM9: 0 | NN9: 0 | NO9: 0 | NP9: 0 | NQ9: 0 | NR9: 0 | NS9: 0 | NT9: 0 | NU9: 0 | NV9: 0 | NW9: 0 | NX9: 0 | NY9: 0 | NZ9: 0 | OA9: 0 | OB9: 0 | OC9: 0 | OD9: 0 | OE9: 0 | OF9: 0 | OG9: 0 | OH9: 0 | OI9: 0 | OJ9: 0 | OK9: 0 | OL9: 0 | OM9: 0 | ON9: 0 | OO9: =SUM(E9:ON9)-SUM(NT9:NW9)-SUM(NZ9:OE9) -> 0
D10: OTRO | E10: 0 | F10: 0 | G10: 0 | H10: 0 | I10: 0 | J10: 0 | K10: 0 | L10: 0 | M10: 0 | N10: 0 | O10: 0 | P10: 0 | Q10: 0 | R10: 0 | S10: 0 | T10: 0 | U10: 0 | V10: 0 | W10: 0 | X10: 0 | Y10: 0 | Z10: 0 | AA10: 0 | AB10: 0 | AC10: 0 | AD10: 0 | AE10: 0 | AF10: 0 | AG10: 0 | AH10: 0 | AI10: 0 | AJ10: 0 | AK10: 0 | AL10: 0 | AM10: 0 | AN10: 0 | AO10: 0 | AP10: 0 | AQ10: 0 | AR10: 0 | AS10: 0 | AT10: 0 | AU10: 0 | AV10: 0 | AW10: 0 | AX10: 0 | AY10: 0 | AZ10: 0 | BA10: 0 | BB10: 0 | BC10: 0 | BD10: 0 | BE10: 0 | BF10: 0 | BG10: 0 | BH10: 0 | BI10: 0 | BJ10: 0 | BK10: 0 | BL10: 0 | BM10: 0 | BN10: 0 | BO10: 0 | BP10: 0 | BQ10: 0 | BR10: 0 | BS10: 0 | BT10: 0 | BU10: 0 | BV10: 0 | BW10: 0 | BX10: 0 | BY10: 0 | BZ10: 0 | CA10: 0 | CB10: 0 | CC10: 0 | CD10: 0 | CE10: 0 | CF10: 0 | CG10: 0 | CH10: 0 | CI10: 0 | CJ10: 0 | CK10: 0 | CL10: 0 | CM10: 0 | CN10: 0 | CO10: 0 | CP10: 0 | CQ10: 0 | CR10: 0 | CS10: 0 | CT10: 0 | CU10: 0 | CV10: 0 | CW10: 0 | CX10: 0 | CY10: 0 | CZ10: 0 | DA10: 0 | DB10: 0 | DC10: 0 | DD10: 0 | DE10: 0 | DF10: 0 | DG10: 0 | DH10: 0 | DI10: 0 | DJ10: 0 | DK10: 0 | DL10: 0 | DM10: 0 | DN10: 0 | DO10: 0 | DP10: 0 | DQ10: 0 | DR10: 0 | DS10: 0 | DT10: 0 | DU10: 0 | DV10: 0 | DW10: 0 | DX10: 0 | DY10: 0 | DZ10: 0 | EA10: 0 | EB10: 0 | EC10: 0 | ED10: 0 | EE10: 0 | EF10: 0 | EG10: 0 | EH10: 0 | EI10: 0 | EJ10: 0 | EK10: 0 | EL10: 0 | EM10: 0 | EN10: 0 | EO10: 0 | EP10: 0 | EQ10: 0 | ER10: 0 | ES10: 0 | ET10: 0 | EU10: 0 | EV10: 0 | EW10: 0 | EX10: 0 | EY10: 0 | EZ10: 0 | FA10: 0 | FB10: 0 | FC10: 0 | FD10: 0 | FE10: 0 | FF10: 0 | FG10: 0 | FH10: 0 | FI10: 0 | FJ10: 0 | FK10: 0 | FL10: 0 | FM10: 0 | FN10: 0 | FO10: 0 | FP10: 0 | FQ10: 0 | FR10: 0 | FS10: 0 | FT10: 0 | FU10: 0 | FV10: 0 | FW10: 0 | FX10: 0 | FY10: 0 | FZ10: 0 | GA10: 0 | GB10: 0 | GC10: 0 | GD10: 0 | GE10: 0 | GF10: 0 | GG10: 0 | GH10: 0 | GI10: 0 | GJ10: 0 | GK10: 0 | GL10: 0 | GM10: 0 | GN10: 0 | GO10: 0 | GP10: 0 | GQ10: 0 | GR10: 0 | GS10: 0 | GT10: 0 | GU10: 0 | GV10: 0 | GW10: 0 | GX10: 0 | GY10: 0 | GZ10: 0 | HA10: 0 | HB10: 0 | HC10: 0 | HD10: 0 | HE10: 0 | HF10: 0 | HG10: 0 | HH10: 0 | HI10: 0 | HJ10: 0 | HK10: 0 | HL10: 0 | HM10: 0 | HN10: 0 | HO10: 0 | HP10: 0 | HQ10: 0 | HR10: 0 | HS10: 0 | HT10: 0 | HU10: 0 | HV10: 0 | HW10: 0 | HX10: 0 | HY10: 0 | HZ10: 0 | IA10: 0 | IB10: 0 | IC10: 0 | ID10: 0 | IE10: 0 | IF10: 0 | IG10: 0 | IH10: 0 | II10: 0 | IJ10: 0 | IK10: 0 | IL10: 0 | IM10: 0 | IN10: 0 | IO10: 0 | IP10: 0 | IQ10: 0 | IR10: 0 | IS10: 0 | IT10: 0 | IU10: 0 | IV10: 0 | IW10: 0 | IX10: 0 | IY10: 0 | IZ10: 0 | JA10: 0 | JB10: 0 | JC10: 0 | JD10: 0 | JE10: 0 | JF10: 0 | JG10: 0 | JH10: 0 | JI10: 0 | JJ10: 0 | JK10: 0 | JL10: 0 | JM10: 0 | JN10: 0 | JO10: 0 | JP10: 0 | JQ10: 0 | JR10: 0 | JS10: 0 | JT10: 0 | JU10: 0 | JV10: 0 | JW10: 0 | JX10: 0 | JY10: 0 | JZ10: 0 | KA10: 0 | KB10: 0 | KC10: 0 | KD10: 0 | KE10: 0 | KF10: 0 | KG10: 0 | KH10: 0 | KI10: 0 | KJ10: 0 | KK10: 0 | KL10: 0 | KM10: 0 | KN10: 0 | KO10: 0 | KP10: 0 | KQ10: 0 | KR10: 0 | KS10: 0 | KT10: 0 | KU10: 0 | KV10: 0 | KW10: 0 | KX10: 0 | KY10: 0 | KZ10: 0 | LA10: 0 | LB10: 0 | LC10: 0 | LD10: 0 | LE10: 0 | LF10: 0 | LG10: 0 | LH10: 0 | LI10: 0 | LJ10: 0 | LK10: 0 | LL10: 0 | LM10: 0 | LN10: 0 | LO10: 0 | LP10: 0 | LQ10: 0 | LR10: 0 | LS10: 0 | LT10: 0 | LU10: 0 | LV10: 0 | LW10: 0 | LX10: 0 | LY10: 0 | LZ10: 0 | MA10: 0 | MB10: 0 | MC10: 0 | MD10: 0 | ME10: 0 | MF10: 0 | MG10: 0 | MH10: 0 | MI10: 0 | MJ10: 0 | MK10: 0 | ML10: 0 | MM10: 0 | MN10: 0 | MO10: 0 | MP10: 0 | MQ10: 0 | MR10: 0 | MS10: 0 | MT10: 0 | MU10: 0 | MV10: 0 | MW10: 0 | MX10: 0 | MY10: 0 | MZ10: 0 | NA10: 0 | NB10: 0 | NC10: 0 | ND10: 0 | NE10: 0 | NF10: 0 | NG10: 0 | NH10: 0 | NI10: 0 | NJ10: 0 | NK10: 0 | NL10: 0 | NM10: 0 | NN10: 0 | NO10: 0 | NP10: 0 | NQ10: 0 | NR10: 0 | NS10: 0 | NT10: 0 | NU10: 0 | NV10: 0 | NW10: 0 | NX10: 0 | NY10: 0 | NZ10: 0 | OA10: 0 | OB10: 0 | OC10: 0 | OD10: 0 | OE10: 0 | OF10: 0 | OG10: 0 | OH10: 0 | OI10: 0 | OJ10: 0 | OK10: 0 | OL10: 0 | OM10: 0 | ON10: 0 | OO10: =SUM(E10:ON10)-SUM(NT10:NW10)-SUM(NZ10:OE10) -> 0
D11: TOTAL GENERO | E11: =SUM(E8:E10) -> 0 | F11: =SUM(F8:F10) -> 0 | G11: =SUM(G8:G10) -> 0 | H11: =SUM(H8:H10) -> 0 | I11: =SUM(I8:I10) -> 0 | J11: =SUM(J8:J10) -> 0 | K11: =SUM(K8:K10) -> 0 | L11: =SUM(L8:L10) -> 0 | ... OO11: =SUM(OO8:OO10) -> 0
D12: CONTRIBUTIVO | E12: 0 | F12: 0 | G12: 0 | H12: 0 | I12: 0 | J12: 0 | K12: 0 | L12: 0 | M12: 0 | N12: 0 | O12: 0 | P12: 0 | Q12: 0 | R12: 0 | S12: 0 | T12: 0 | U12: 0 | V12: 0 | W12: 0 | X12: 0 | Y12: 0 | Z12: 0 | AA12: 0 | AB12: 0 | AC12: 0 | AD12: 0 | AE12: 0 | AF12: 0 | AG12: 0 | AH12: 0 | AI12: 0 | AJ12: 0 | AK12: 0 | AL12: 0 | AM12: 0 | AN12: 0 | AO12: 0 | AP12: 0 | AQ12: 0 | AR12: 0 | AS12: 0 | AT12: 0 | AU12: 0 | AV12: 0 | AW12: 0 | AX12: 0 | AY12: 0 | AZ12: 0 | BA12: 0 | BB12: 0 | BC12: 0 | BD12: 0 | BE12: 0 | BF12: 0 | BG12: 0 | BH12: 0 | BI12: 0 | BJ12: 0 | BK12: 0 | BL12: 0 | BM12: 0 | BN12: 0 | BO12: 0 | BP12: 0 | BQ12: 0 | BR12: 0 | BS12: 0 | BT12: 0 | BU12: 0 | BV12: 0 | BW12: 0 | BX12: 0 | BY12: 0 | BZ12: 0 | CA12: 0 | CB12: 0 | CC12: 0 | CD12: 0 | CE12: 0 | CF12: 0 | CG12: 0 | CH12: 0 | CI12: 0 | CJ12: 0 | CK12: 0 | CL12: 0 | CM12: 0 | CN12: 0 | CO12: 0 | CP12: 0 | CQ12: 0 | CR12: 0 | CS12: 0 | CT12: 0 | CU12: 0 | CV12: 0 | CW12: 0 | CX12: 0 | CY12: 0 | CZ12: 0 | DA12: 0 | DB12: 0 | DC12: 0 | DD12: 0 | DE12: 0 | DF12: 0 | DG12: 0 | DH12: 0 | DI12: 0 | DJ12: 0 | DK12: 0 | DL12: 0 | DM12: 0 | DN12: 0 | DO12: 0 | DP12: 0 | DQ12: 0 | DR12: 0 | DS12: 0 | DT12: 0 | DU12: 0 | DV12: 0 | DW12: 0 | DX12: 0 | DY12: 0 | DZ12: 0 | EA12: 0 | EB12: 0 | EC12: 0 | ED12: 0 | EE12: 0 | EF12: 0 | EG12: 0 | EH12: 0 | EI12: 0 | EJ12: 0 | EK12: 0 | EL12: 0 | EM12: 0 | EN12: 0 | EO12: 0 | EP12: 0 | EQ12: 0 | ER12: 0 | ES12: 0 | ET12: 0 | EU12: 0 | EV12: 0 | EW12: 0 | EX12: 0 | EY12: 0 | EZ12: 0 | FA12: 0 | FB12: 0 | FC12: 0 | FD12: 0 | FE12: 0 | FF12: 0 | FG12: 0 | FH12: 0 | FI12: 0 | FJ12: 0 | FK12: 0 | FL12: 0 | FM12: 0 | FN12: 0 | FO12: 0 | FP12: 0 | FQ12: 0 | FR12: 0 | FS12: 0 | FT12: 0 | FU12: 0 | FV12: 0 | FW12: 0 | FX12: 0 | FY12: 0 | FZ12: 0 | GA12: 0 | GB12: 0 | GC12: 0 | GD12: 0 | GE12: 0 | GF12: 0 | GG12: 0 | GH12: 0 | GI12: 0 | GJ12: 0 | GK12: 0 | GL12: 0 | GM12: 0 | GN12: 0 | GO12: 0 | GP12: 0 | GQ12: 0 | GR12: 0 | GS12: 0 | GT12: 0 | GU12: 0 | GV12: 0 | GW12: 0 | GX12: 0 | GY12: 0 | GZ12: 0 | HA12: 0 | HB12: 0 | HC12: 0 | HD12: 0 | HE12: 0 | HF12: 0 | HG12: 0 | HH12: 0 | HI12: 0 | HJ12: 0 | HK12: 0 | HL12: 0 | HM12: 0 | HN12: 0 | HO12: 0 | HP12: 0 | HQ12: 0 | HR12: 0 | HS12: 0 | HT12: 0 | HU12: 0 | HV12: 0 | HW12: 0 | HX12: 0 | HY12: 0 | HZ12: 0 | IA12: 0 | IB12: 0 | IC12: 0 | ID12: 0 | IE12: 0 | IF12: 0 | IG12: 0 | IH12: 0 | II12: 0 | IJ12: 0 | IK12: 0 | IL12: 0 | IM12: 0 | IN12: 0 | IO12: 0 | IP12: 0 | IQ12: 0 | IR12: 0 | IS12: 0 | IT12: 0 | IU12: 0 | IV12: 0 | IW12: 0 | IX12: 0 | IY12: 0 | IZ12: 0 | JA12: 0 | JB12: 0 | JC12: 0 | JD12: 0 | JE12: 0 | JF12: 0 | JG12: 0 | JH12: 0 | JI12: 0 | JJ12: 0 | JK12: 0 | JL12: 0 | JM12: 0 | JN12: 0 | JO12: 0 | JP12: 0 | JQ12: 0 | JR12: 0 | JS12: 0 | JT12: 0 | JU12: 0 | JV12: 0 | JW12: 0 | JX12: 0 | JY12: 0 | JZ12: 0 | KA12: 0 | KB12: 0 | KC12: 0 | KD12: 0 | KE12: 0 | KF12: 0 | KG12: 0 | KH12: 0 | KI12: 0 | KJ12: 0 | KK12: 0 | KL12: 0 | KM12: 0 | KN12: 0 | KO12: 0 | KP12: 0 | KQ12: 0 | KR12: 0 | KS12: 0 | KT12: 0 | KU12: 0 | KV12: 0 | KW12: 0 | KX12: 0 | KY12: 0 | KZ12: 0 | LA12: 0 | LB12: 0 | LC12: 0 | LD12: 0 | LE12: 0 | LF12: 0 | LG12: 0 | LH12: 0 | LI12: 0 | LJ12: 0 | LK12: 0 | LL12: 0 | LM12: 0 | LN12: 0 | LO12: 0 | LP12: 0 | LQ12: 0 | LR12: 0 | LS12: 0 | LT12: 0 | LU12: 0 | LV12: 0 | LW12: 0 | LX12: 0 | LY12: 0 | LZ12: 0 | MA12: 0 | MB12: 0 | MC12: 0 | MD12: 0 | ME12: 0 | MF12: 0 | MG12: 0 | MH12: 0 | MI12: 0 | MJ12: 0 | MK12: 0 | ML12: 0 | MM12: 0 | MN12: 0 | MO12: 0 | MP12: 0 | MQ12: 0 | MR12: 0 | MS12: 0 | MT12: 0 | MU12: 0 | MV12: 0 | MW12: 0 | MX12: 0 | MY12: 0 | MZ12: 0 | NA12: 0 | NB12: 0 | NC12: 0 | ND12: 0 | NE12: 0 | NF12: 0 | NG12: 0 | NH12: 0 | NI12: 0 | NJ12: 0 | NK12: 0 | NL12: 0 | NM12: 0 | NN12: 0 | NO12: 0 | NP12: 0 | NQ12: 0 | NR12: 0 | NS12: 0 | NT12: 0 | NU12: 0 | NV12: 0 | NW12: 0 | NX12: 0 | NY12: 0 | NZ12: 0 | OA12: 0 | OB12: 0 | OC12: 0 | OD12: 0 | OE12: 0 | OF12: 0 | OG12: 0 | OH12: 0 | OI12: 0 | OJ12: 0 | OK12: 0 | OL12: 0 | OM12: 0 | ON12: 0 | OO12: =SUM(E12:ON12)-SUM(NT12:NW12)-SUM(NZ12:OE12) -> 0
D13: SUBSIDIADO | E13: 0 | F13: 0 | G13: 0 | H13: 0 | I13: 0 | J13: 0 | K13: 0 | L13: 0 | M13: 0 | N13: 0 | O13: 0 | P13: 0 | Q13: 0 | R13: 0 | S13: 0 | T13: 0 | U13: 0 | V13: 0 | W13: 0 | X13: 0 | Y13: 0 | Z13: 0 | AA13: 0 | AB13: 0 | AC13: 0 | AD13: 0 | AE13: 0 | AF13: 0 | AG13: 0 | AH13: 0 | AI13: 0 | AJ13: 0 | AK13: 0 | AL13: 0 | AM13: 0 | AN13: 0 | AO13: 0 | AP13: 0 | AQ13: 0 | AR13: 0 | AS13: 0 | AT13: 0 | AU13: 0 | AV13: 0 | AW13: 0 | AX13: 0 | AY13: 0 | AZ13: 0 | BA13: 0 | BB13: 0 | BC13: 0 | BD13: 0 | BE13: 0 | BF13: 0 | BG13: 0 | BH13: 0 | BI13: 0 | BJ13: 0 | BK13: 0 | BL13: 0 | BM13: 0 | BN13: 0 | BO13: 0 | BP13: 0 | BQ13: 0 | BR13: 0 | BS13: 0 | BT13: 0 | BU13: 0 | BV13: 0 | BW13: 0 | BX13: 0 | BY13: 0 | BZ13: 0 | CA13: 0 | CB13: 0 | CC13: 0 | CD13: 0 | CE13: 0 | CF13: 0 | CG13: 0 | CH13: 0 | CI13: 0 | CJ13: 0 | CK13: 0 | CL13: 0 | CM13: 0 | CN13: 0 | CO13: 0 | CP13: 0 | CQ13: 0 | CR13: 0 | CS13: 0 | CT13: 0 | CU13: 0 | CV13: 0 | CW13: 0 | CX13: 0 | CY13: 0 | CZ13: 0 | DA13: 0 | DB13: 0 | DC13: 0 | DD13: 0 | DE13: 0 | DF13: 0 | DG13: 0 | DH13: 0 | DI13: 0 | DJ13: 0 | DK13: 0 | DL13: 0 | DM13: 0 | DN13: 0 | DO13: 0 | DP13: 0 | DQ13: 0 | DR13: 0 | DS13: 0 | DT13: 0 | DU13: 0 | DV13: 0 | DW13: 0 | DX13: 0 | DY13: 0 | DZ13: 0 | EA13: 0 | EB13: 0 | EC13: 0 | ED13: 0 | EE13: 0 | EF13: 0 | EG13: 0 | EH13: 0 | EI13: 0 | EJ13: 0 | EK13: 0 | EL13: 0 | EM13: 0 | EN13: 0 | EO13: 0 | EP13: 0 | EQ13: 0 | ER13: 0 | ES13: 0 | ET13: 0 | EU13: 0 | EV13: 0 | EW13: 0 | EX13: 0 | EY13: 0 | EZ13: 0 | FA13: 0 | FB13: 0 | FC13: 0 | FD13: 0 | FE13: 0 | FF13: 0 | FG13: 0 | FH13: 0 | FI13: 0 | FJ13: 0 | FK13: 0 | FL13: 0 | FM13: 0 | FN13: 0 | FO13: 0 | FP13: 0 | FQ13: 0 | FR13: 0 | FS13: 0 | FT13: 0 | FU13: 0 | FV13: 0 | FW13: 0 | FX13: 0 | FY13: 0 | FZ13: 0 | GA13: 0 | GB13: 0 | GC13: 0 | GD13: 0 | GE13: 0 | GF13: 0 | GG13: 0 | GH13: 0 | GI13: 0 | GJ13: 0 | GK13: 0 | GL13: 0 | GM13: 0 | GN13: 0 | GO13: 0 | GP13: 0 | GQ13: 0 | GR13: 0 | GS13: 0 | GT13: 0 | GU13: 0 | GV13: 0 | GW13: 0 | GX13: 0 | GY13: 0 | GZ13: 0 | HA13: 0 | HB13: 0 | HC13: 0 | HD13: 0 | HE13: 0 | HF13: 0 | HG13: 0 | HH13: 0 | HI13: 0 | HJ13: 0 | HK13: 0 | HL13: 0 | HM13: 0 | HN13: 0 | HO13: 0 | HP13: 0 | HQ13: 0 | HR13: 0 | HS13: 0 | HT13: 0 | HU13: 0 | HV13: 0 | HW13: 0 | HX13: 0 | HY13: 0 | HZ13: 0 | IA13: 0 | IB13: 0 | IC13: 0 | ID13: 0 | IE13: 0 | IF13: 0 | IG13: 0 | IH13: 0 | II13: 0 | IJ13: 0 | IK13: 0 | IL13: 0 | IM13: 0 | IN13: 0 | IO13: 0 | IP13: 0 | IQ13: 0 | IR13: 0 | IS13: 0 | IT13: 0 | IU13: 0 | IV13: 0 | IW13: 0 | IX13: 0 | IY13: 0 | IZ13: 0 | JA13: 0 | JB13: 0 | JC13: 0 | JD13: 0 | JE13: 0 | JF13: 0 | JG13: 0 | JH13: 0 | JI13: 0 | JJ13: 0 | JK13: 0 | JL13: 0 | JM13: 0 | JN13: 0 | JO13: 0 | JP13: 0 | JQ13: 0 | JR13: 0 | JS13: 0 | JT13: 0 | JU13: 0 | JV13: 0 | JW13: 0 | JX13: 0 | JY13: 0 | JZ13: 0 | KA13: 0 | KB13: 0 | KC13: 0 | KD13: 0 | KE13: 0 | KF13: 0 | KG13: 0 | KH13: 0 | KI13: 0 | KJ13: 0 | KK13: 0 | KL13: 0 | KM13: 0 | KN13: 0 | KO13: 0 | KP13: 0 | KQ13: 0 | KR13: 0 | KS13: 0 | KT13: 0 | KU13: 0 | KV13: 0 | KW13: 0 | KX13: 0 | KY13: 0 | KZ13: 0 | LA13: 0 | LB13: 0 | LC13: 0 | LD13: 0 | LE13: 0 | LF13: 0 | LG13: 0 | LH13: 0 | LI13: 0 | LJ13: 0 | LK13: 0 | LL13: 0 | LM13: 0 | LN13: 0 | LO13: 0 | LP13: 0 | LQ13: 0 | LR13: 0 | LS13: 0 | LT13: 0 | LU13: 0 | LV13: 0 | LW13: 0 | LX13: 0 | LY13: 0 | LZ13: 0 | MA13: 0 | MB13: 0 | MC13: 0 | MD13: 0 | ME13: 0 | MF13: 0 | MG13: 0 | MH13: 0 | MI13: 0 | MJ13: 0 | MK13: 0 | ML13: 0 | MM13: 0 | MN13: 0 | MO13: 0 | MP13: 0 | MQ13: 0 | MR13: 0 | MS13: 0 | MT13: 0 | MU13: 0 | MV13: 0 | MW13: 0 | MX13: 0 | MY13: 0 | MZ13: 0 | NA13: 0 | NB13: 0 | NC13: 0 | ND13: 0 | NE13: 0 | NF13: 0 | NG13: 0 | NH13: 0 | NI13: 0 | NJ13: 0 | NK13: 0 | NL13: 0 | NM13: 0 | NN13: 0 | NO13: 0 | NP13: 0 | NQ13: 0 | NR13: 0 | NS13: 0 | NT13: 0 | NU13: 0 | NV13: 0 | NW13: 0 | NX13: 0 | NY13: 0 | NZ13: 0 | OA13: 0 | OB13: 0 | OC13: 0 | OD13: 0 | OE13: 0 | OF13: 0 | OG13: 0 | OH13: 0 | OI13: 0 | OJ13: 0 | OK13: 0 | OL13: 0 | OM13: 0 | ON13: 0 | OO13: =SUM(E13:ON13)-SUM(NT13:NW13)-SUM(NZ13:OE13) -> 0
D14: POBRE NO ASEGURADO | E14: 0 | F14: 0 | G14: 0 | H14: 0 | I14: 0 | J14: 0 | K14: 0 | L14: 0 | M14: 0 | N14: 0 | O14: 0 | P14: 0 | Q14: 0 | R14: 0 | S14: 0 | T14: 0 | U14: 0 | V14: 0 | W14: 0 | X14: 0 | Y14: 0 | Z14: 0 | AA14: 0 | AB14: 0 | AC14: 0 | AD14: 0 | AE14: 0 | AF14: 0 | AG14: 0 | AH14: 0 | AI14: 0 | AJ14: 0 | AK14: 0 | AL14: 0 | AM14: 0 | AN14: 0 | AO14: 0 | AP14: 0 | AQ14: 0 | AR14: 0 | AS14: 0 | AT14: 0 | AU14: 0 | AV14: 0 | AW14: 0 | AX14: 0 | AY14: 0 | AZ14: 0 | BA14: 0 | BB14: 0 | BC14: 0 | BD14: 0 | BE14: 0 | BF14: 0 | BG14: 0 | BH14: 0 | BI14: 0 | BJ14: 0 | CO14: 0 | CP14: 0 | CQ14: 0 | CR14: 0 | CS14: 0 | CT14: 0 | CU14: 0 | CV14: 0 | CW14: 0 | CX14: 0 | CY14: 0 | CZ14: 0 | DA14: 0 | DB14: 0 | DC14: 0 | DD14: 0 | DE14: 0 | DF14: 0 | DG14: 0 | DH14: 0 | DI14: 0 | DJ14: 0 | DK14: 0 | DL14: 0 | DM14: 0 | DN14: 0 | DO14: 0 | DP14: 0 | DQ14: 0 | DR14: 0 | DS14: 0 | DT14: 0 | DU14: 0 | DV14: 0 | DW14: 0 | DX14: 0 | DY14: 0 | DZ14: 0 | EA14: 0 | EB14: 0 | EC14: 0 | ED14: 0 | EE14: 0 | EF14: 0 | EG14: 0 | EH14: 0 | EI14: 0 | EJ14: 0 | EK14: 0 | EL14: 0 | EM14: 0 | EN14: 0 | EO14: 0 | EP14: 0 | EQ14: 0 | ER14: 0 | ES14: 0 | ET14: 0 | EU14: 0 | EV14: 0 | EW14: 0 | EX14: 0 | EY14: 0 | EZ14: 0 | FA14: 0 | FB14: 0 | FC14: 0 | FD14: 0 | FE14: 0 | FF14: 0 | FG14: 0 | FH14: 0 | FI14: 0 | FJ14: 0 | FK14: 0 | FL14: 0 | FM14: 0 | FN14: 0 | FO14: 0 | FP14: 0 | FQ14: 0 | FR14: 0 | FS14: 0 | FT14: 0 | FU14: 0 | FV14: 0 | FW14: 0 | FX14: 0 | FY14: 0 | FZ14: 0 | GA14: 0 | GB14: 0 | GC14: 0 | GD14: 0 | GE14: 0 | GF14: 0 | GG14: 0 | GH14: 0 | GI14: 0 | GJ14: 0 | GK14: 0 | GL14: 0 | GM14: 0 | GN14: 0 | GO14: 0 | GP14: 0 | GQ14: 0 | GR14: 0 | GS14: 0 | GT14: 0 | GU14: 0 | GV14: 0 | GW14: 0 | GX14: 0 | GY14: 0 | GZ14: 0 | HA14: 0 | HB14: 0 | HC14: 0 | HD14: 0 | HE14: 0 | HF14: 0 | HG14: 0 | HH14: 0 | HI14: 0 | HJ14: 0 | HK14: 0 | HL14: 0 | HM14: 0 | HN14: 0 | HO14: 0 | HP14: 0 | HQ14: 0 | HR14: 0 | HS14: 0 | HT14: 0 | HU14: 0 | HV14: 0 | HW14: 0 | HX14: 0 | HY14: 0 | HZ14: 0 | IA14: 0 | IB14: 0 | IC14: 0 | ID14: 0 | IE14: 0 | IF14: 0 | IG14: 0 | IH14: 0 | II14: 0 | IJ14: 0 | IK14: 0 | IL14: 0 | IM14: 0 | IN14: 0 | IO14: 0 | IP14: 0 | IQ14: 0 | IR14: 0 | IS14: 0 | IT14: 0 | IU14: 0 | IV14: 0 | IW14: 0 | IX14: 0 | IY14: 0 | IZ14: 0 | JA14: 0 | JB14: 0 | JC14: 0 | JD14: 0 | JE14: 0 | JF14: 0 | JG14: 0 | JH14: 0 | JI14: 0 | JJ14: 0 | JK14: 0 | JL14: 0 | JM14: 0 | JN14: 0 | JO14: 0 | JP14: 0 | JQ14: 0 | JR14: 0 | JS14: 0 | JT14: 0 | JU14: 0 | JV14: 0 | JW14: 0 | JX14: 0 | JY14: 0 | JZ14: 0 | KA14: 0 | KB14: 0 | KC14: 0 | KD14: 0 | KE14: 0 | KF14: 0 | KG14: 0 | KH14: 0 | KI14: 0 | KJ14: 0 | KK14: 0 | KL14: 0 | KM14: 0 | KN14: 0 | KO14: 0 | KP14: 0 | KQ14: 0 | KR14: 0 | KS14: 0 | KT14: 0 | KU14: 0 | KV14: 0 | KW14: 0 | KX14: 0 | KY14: 0 | KZ14: 0 | LA14: 0 | LB14: 0 | LC14: 0 | LD14: 0 | LE14: 0 | LF14: 0 | LG14: 0 | LH14: 0 | LI14: 0 | LJ14: 0 | LK14: 0 | LL14: 0 | LM14: 0 | LN14: 0 | LO14: 0 | LP14: 0 | LQ14: 0 | LR14: 0 | LS14: 0 | LT14: 0 | LU14: 0 | LV14: 0 | LW14: 0 | LX14: 0 | LY14: 0 | LZ14: 0 | MA14: 0 | MB14: 0 | MC14: 0 | MD14: 0 | ME14: 0 | MF14: 0 | MG14: 0 | MH14: 0 | MI14: 0 | MJ14: 0 | MK14: 0 | ML14: 0 | MM14: 0 | MN14: 0 | MO14: 0 | MP14: 0 | MQ14: 0 | MR14: 0 | MS14: 0 | MT14: 0 | MU14: 0 | MV14: 0 | MW14: 0 | MX14: 0 | MY14: 0 | MZ14: 0 | NA14: 0 | NB14: 0 | NC14: 0 | ND14: 0 | NE14: 0 | NF14: 0 | NG14: 0 | NH14: 0 | NI14: 0 | NJ14: 0 | NK14: 0 | NL14: 0 | NM14: 0 | NN14: 0 | NO14: 0 | NP14: 0 | NQ14: 0 | NR14: 0 | NS14: 0 | NT14: 0 | NU14: 0 | NV14: 0 | NW14: 0 | NX14: 0 | NY14: 0 | NZ14: 0 | OA14: 0 | OB14: 0 | OC14: 0 | OD14: 0 | OE14: 0 | OF14: 0 | OG14: 0 | OH14: 0 | OI14: 0 | OJ14: 0 | OK14: 0 | OL14: 0 | OM14: 0 | ON14: 0 | OO14: =SUM(E14:ON14)-SUM(NT14:NW14)-SUM(NZ14:OE14) -> 0
D15: REGIMEN ESPECIAL | E15: 0 | F15: 0 | G15: 0 | H15: 0 | I15: 0 | J15: 0 | K15: 0 | L15: 0 | M15: 0 | N15: 0 | O15: 0 | P15: 0 | Q15: 0 | R15: 0 | S15: 0 | T15: 0 | U15: 0 | V15: 0 | W15: 0 | X15: 0 | Y15: 0 | Z15: 0 | AA15: 0 | AB15: 0 | AC15: 0 | AD15: 0 | AE15: 0 | AF15: 0 | AG15: 0 | AH15: 0 | AI15: 0 | AJ15: 0 | AK15: 0 | AL15: 0 | AM15: 0 | AN15: 0 | AO15: 0 | AP15: 0 | AQ15: 0 | AR15: 0 | AS15: 0 | AT15: 0 | AU15: 0 | AV15: 0 | AW15: 0 | AX15: 0 | AY15: 0 | AZ15: 0 | BA15: 0 | BB15: 0 | BC15: 0 | BD15: 0 | BE15: 0 | BF15: 0 | BG15: 0 | BH15: 0 | BI15: 0 | BJ15: 0 | BK15: 0 | BL15: 0 | BM15: 0 | BN15: 0 | BO15: 0 | BP15: 0 | BQ15: 0 | BR15: 0 | BS15: 0 | BT15: 0 | BU15: 0 | BV15: 0 | BW15: 0 | BX15: 0 | BY15: 0 | BZ15: 0 | CA15: 0 | CB15: 0 | CC15: 0 | CD15: 0 | CE15: 0 | CF15: 0 | CG15: 0 | CH15: 0 | CI15: 0 | CJ15: 0 | CK15: 0 | CL15: 0 | CM15: 0 | CN15: 0 | CO15: 0 | CP15: 0 | CQ15: 0 | CR15: 0 | CS15: 0 | CT15: 0 | CU15: 0 | CV15: 0 | CW15: 0 | CX15: 0 | CY15: 0 | CZ15: 0 | DA15: 0 | DB15: 0 | DC15: 0 | DD15: 0 | DE15: 0 | DF15: 0 | DG15: 0 | DH15: 0 | DI15: 0 | DJ15: 0 | DK15: 0 | DL15: 0 | DM15: 0 | DN15: 0 | DO15: 0 | DP15: 0 | DQ15: 0 | DR15: 0 | DS15: 0 | DT15: 0 | DU15: 0 | DV15: 0 | DW15: 0 | DX15: 0 | DY15: 0 | DZ15: 0 | EA15: 0 | EB15: 0 | EC15: 0 | ED15: 0 | EE15: 0 | EF15: 0 | EG15: 0 | EH15: 0 | EI15: 0 | EJ15: 0 | EK15: 0 | EL15: 0 | EM15: 0 | EN15: 0 | EO15: 0 | EP15: 0 | EQ15: 0 | ER15: 0 | ES15: 0 | ET15: 0 | EU15: 0 | EV15: 0 | EW15: 0 | EX15: 0 | EY15: 0 | EZ15: 0 | FA15: 0 | FB15: 0 | FC15: 0 | FD15: 0 | FE15: 0 | FF15: 0 | FG15: 0 | FH15: 0 | FI15: 0 | FJ15: 0 | FK15: 0 | FL15: 0 | FM15: 0 | FN15: 0 | FO15: 0 | FP15: 0 | FQ15: 0 | FR15: 0 | FS15: 0 | FT15: 0 | FU15: 0 | FV15: 0 | FW15: 0 | FX15: 0 | FY15: 0 | FZ15: 0 | GA15: 0 | GB15: 0 | GC15: 0 | GD15: 0 | GE15: 0 | GF15: 0 | GG15: 0 | GH15: 0 | GI15: 0 | GJ15: 0 | GK15: 0 | GL15: 0 | GM15: 0 | GN15: 0 | GO15: 0 | GP15: 0 | GQ15: 0 | GR15: 0 | GS15: 0 | GT15: 0 | GU15: 0 | GV15: 0 | GW15: 0 | GX15: 0 | GY15: 0 | GZ15: 0 | HA15: 0 | HB15: 0 | HC15: 0 | HD15: 0 | HE15: 0 | HF15: 0 | HG15: 0 | HH15: 0 | HI15: 0 | HJ15: 0 | HK15: 0 | HL15: 0 | HM15: 0 | HN15: 0 | HO15: 0 | HP15: 0 | HQ15: 0 | HR15: 0 | HS15: 0 | HT15: 0 | HU15: 0 | HV15: 0 | HW15: 0 | HX15: 0 | HY15: 0 | HZ15: 0 | IA15: 0 | IB15: 0 | IC15: 0 | ID15: 0 | IE15: 0 | IF15: 0 | IG15: 0 | IH15: 0 | II15: 0 | IJ15: 0 | IK15: 0 | IL15: 0 | IM15: 0 | IN15: 0 | IO15: 0 | IP15: 0 | IQ15: 0 | IR15: 0 | IS15: 0 | IT15: 0 | IU15: 0 | IV15: 0 | IW15: 0 | IX15: 0 | IY15: 0 | IZ15: 0 | JA15: 0 | JB15: 0 | JC15: 0 | JD15: 0 | JE15: 0 | JF15: 0 | JG15: 0 | JH15: 0 | JI15: 0 | JJ15: 0 | JK15: 0 | JL15: 0 | JM15: 0 | JN15: 0 | JO15: 0 | JP15: 0 | JQ15: 0 | JR15: 0 | JS15: 0 | JT15: 0 | JU15: 0 | JV15: 0 | JW15: 0 | JX15: 0 | JY15: 0 | JZ15: 0 | KA15: 0 | KB15: 0 | KC15: 0 | KD15: 0 | KE15: 0 | KF15: 0 | KG15: 0 | KH15: 0 | KI15: 0 | KJ15: 0 | KK15: 0 | KL15: 0 | KM15: 0 | KN15: 0 | KO15: 0 | KP15: 0 | KQ15: 0 | KR15: 0 | KS15: 0 | KT15: 0 | KU15: 0 | KV15: 0 | KW15: 0 | KX15: 0 | KY15: 0 | KZ15: 0 | LA15: 0 | LB15: 0 | LC15: 0 | LD15: 0 | LE15: 0 | LF15: 0 | LG15: 0 | LH15: 0 | LI15: 0 | LJ15: 0 | LK15: 0 | LL15: 0 | LM15: 0 | LN15: 0 | LO15: 0 | LP15: 0 | LQ15: 0 | LR15: 0 | LS15: 0 | LT15: 0 | LU15: 0 | LV15: 0 | LW15: 0 | LX15: 0 | LY15: 0 | LZ15: 0 | MA15: 0 | MB15: 0 | MC15: 0 | MD15: 0 | ME15: 0 | MF15: 0 | MG15: 0 | MH15: 0 | MI15: 0 | MJ15: 0 | MK15: 0 | ML15: 0 | MM15: 0 | MN15: 0 | MO15: 0 | MP15: 0 | MQ15: 0 | MR15: 0 | MS15: 0 | MT15: 0 | MU15: 0 | MV15: 0 | MW15: 0 | MX15: 0 | MY15: 0 | MZ15: 0 | NA15: 0 | NB15: 0 | NC15: 0 | ND15: 0 | NE15: 0 | NF15: 0 | NG15: 0 | NH15: 0 | NI15: 0 | NJ15: 0 | NK15: 0 | NL15: 0 | NM15: 0 | NN15: 0 | NO15: 0 | NP15: 0 | NQ15: 0 | NR15: 0 | NS15: 0 | NT15: 0 | NU15: 0 | NV15: 0 | NW15: 0 | NX15: 0 | NY15: 0 | NZ15: 0 | OA15: 0 | OB15: 0 | OC15: 0 | OD15: 0 | OE15: 0 | OF15: 0 | OG15: 0 | OH15: 0 | OI15: 0 | OJ15: 0 | OK15: 0 | OL15: 0 | OM15: 0 | ON15: 0 | OO15: =SUM(E15:ON15)-SUM(NT15:NW15)-SUM(NZ15:OE15) -> 0
D16: TOTAL REGIMEN | E16: =SUM(E12:E15) -> 0 | F16: =SUM(F12:F15) -> 0 | G16: =SUM(G12:G15) -> 0 | H16: =SUM(H12:H15) -> 0 | I16: =SUM(I12:I15) -> 0 | J16: =SUM(J12:J15) -> 0 | K16: =SUM(K12:K15) -> 0 | L16: =SUM(L12:L15) -> 0 | ... OO16: =SUM(OO12:OO15) -> 0
A17: 2 | B17: 002 | C17: FEBRERO | D17: FEMENINO | E17: 0 | F17: 0 | G17: 0 | H17: 0 | I17: 0 | J17: 0 | K17: 0 | L17: 0 | M17: 0 | N17: 0 | O17: 0 | P17: 0 | Q17: 0 | R17: 0 | S17: 0 | T17: 0 | U17: 0 | V17: 0 | W17: 0 | X17: 0 | Y17: 0 | Z17: 0 | AA17: 0 | AB17: 0 | AC17: 0 | AD17: 0 | AE17: 0 | AF17: 0 | AG17: 0 | AH17: 0 | AI17: 0 | AJ17: 0 | AK17: 0 | AL17: 0 | AM17: 0 | AN17: 0 | AO17: 0 | AP17: 0 | AQ17: 0 | AR17: 0 | AS17: 0 | AT17: 0 | AU17: 0 | AV17: 0 | AW17: 0 | AX17: 0 | AY17: 0 | AZ17: 0 | BA17: 0 | BB17: 0 | BC17: 0 | BD17: 0 | BE17: 0 | BF17: 0 | BG17: 0 | BH17: 0 | BI17: 0 | BJ17: 0 | BK17: 0 | BL17: 0 | BM17: 0 | BN17: 0 | BO17: 0 | BP17: 0 | BQ17: 0 | BR17: 0 | BS17: 0 | BT17: 0 | BU17: 0 | BV17: 0 | BW17: 0 | BX17: 0 | BY17: 0 | BZ17: 0 | CA17: 0 | CB17: 0 | CC17: 0 | CD17: 0 | CE17: 0 | CF17: 0 | CG17: 0 | CH17: 0 | CI17: 0 | CJ17: 0 | CK17: 0 | CL17: 0 | CM17: 0 | CN17: 0 | CO17: 0 | CP17: 0 | CQ17: 0 | CR17: 0 | CS17: 0 | CT17: 0 | CU17: 0 | CV17: 0 | CW17: 0 | CX17: 0 | CY17: 0 | CZ17: 0 | DA17: 0 | DB17: 0 | DC17: 0 | DD17: 0 | DE17: 0 | DF17: 0 | DG17: 0 | DH17: 0 | DI17: 0 | DJ17: 0 | DK17: 0 | DL17: 0 | DM17: 0 | DN17: 0 | DO17: 0 | DP17: 0 | DQ17: 0 | DR17: 0 | DS17: 0 | DT17: 0 | DU17: 0 | DV17: 0 | DW17: 0 | DX17: 0 | DY17: 0 | DZ17: 0 | EA17: 0 | EB17: 0 | EC17: 0 | ED17: 0 | EE17: 0 | EF17: 0 | EG17: 0 | EH17: 0 | EI17: 0 | EJ17: 0 | EK17: 0 | EL17: 0 | EM17: 0 | EN17: 0 | EO17: 0 | EP17: 0 | EQ17: 0 | ER17: 0 | ES17: 0 | ET17: 0 | EU17: 0 | EV17: 0 | EW17: 0 | EX17: 0 | EY17: 0 | EZ17: 0 | FA17: 0 | FB17: 0 | FC17: 0 | FD17: 0 | FE17: 0 | FF17: 0 | FG17: 0 | FH17: 0 | FI17: 0 | FJ17: 0 | FK17: 0 | FL17: 0 | FM17: 0 | FN17: 0 | FO17: 0 | FP17: 0 | FQ17: 0 | FR17: 0 | FS17: 0 | FT17: 0 | FU17: 0 | FV17: 0 | FW17: 0 | FX17: 0 | FY17: 0 | FZ17: 0 | GA17: 0 | GB17: 0 | GC17: 0 | GD17: 0 | GE17: 0 | GF17: 0 | GG17: 0 | GH17: 0 | GI17: 0 | GJ17: 0 | GK17: 0 | GL17: 0 | GM17: 0 | GN17: 0 | GO17: 0 | GP17: 0 | GQ17: 0 | GR17: 0 | GS17: 0 | GT17: 0 | GU17: 0 | GV17: 0 | GW17: 0 | GX17: 0 | GY17: 0 | GZ17: 0 | HA17: 0 | HB17: 0 | HC17: 0 | HD17: 0 | HE17: 0 | HF17: 0 | HG17: 0 | HH17: 0 | HI17: 0 | HJ17: 0 | HK17: 0 | HL17: 0 | HM17: 0 | HN17: 0 | HO17: 0 | HP17: 0 | HQ17: 0 | HR17: 0 | HS17: 0 | HT17: 0 | HU17: 0 | HV17: 0 | HW17: 0 | HX17: 0 | HY17: 0 | HZ17: 0 | IA17: 0 | IB17: 0 | IC17: 0 | ID17: 0 | IE17: 0 | IF17: 0 | IG17: 0 | IH17: 0 | II17: 0 | IJ17: 0 | IK17: 0 | IL17: 0 | IM17: 0 | IN17: 0 | IO17: 0 | IP17: 0 | IQ17: 0 | IR17: 0 | IS17: 0 | IT17: 0 | IU17: 0 | IV17: 0 | IW17: 0 | IX17: 0 | IY17: 0 | IZ17: 0 | JA17: 0 | JB17: 0 | JC17: 0 | JD17: 0 | JE17: 0 | JF17: 0 | JG17: 0 | JH17: 0 | JI17: 0 | JJ17: 0 | JK17: 0 | JL17: 0 | JM17: 0 | JN17: 0 | JO17: 0 | JP17: 0 | JQ17: 0 | JR17: 0 | JS17: 0 | JT17: 0 | JU17: 0 | JV17: 0 | JW17: 0 | JX17: 0 | JY17: 0 | JZ17: 0 | KA17: 0 | KB17: 0 | KC17: 0 | KD17: 0 | KE17: 0 | KF17: 0 | KG17: 0 | KH17: 0 | KI17: 0 | KJ17: 0 | KK17: 0 | KL17: 0 | KM17: 0 | KN17: 0 | KO17: 0 | KP17: 0 | KQ17: 0 | KR17: 0 | KS17: 0 | KT17: 0 | KU17: 0 | KV17: 0 | KW17: 0 | KX17: 0 | KY17: 0 | KZ17: 0 | LA17: 0 | LB17: 0 | LC17: 0 | LD17: 0 | LE17: 0 | LF17: 0 | LG17: 0 | LH17: 0 | LI17: 0 | LJ17: 0 | LK17: 0 | LL17: 0 | LM17: 0 | LN17: 0 | LO17: 0 | LP17: 0 | LQ17: 0 | LR17: 0 | LS17: 0 | LT17: 0 | LU17: 0 | LV17: 0 | LW17: 0 | LX17: 0 | LY17: 0 | LZ17: 0 | MA17: 0 | MB17: 0 | MC17: 0 | MD17: 0 | ME17: 0 | MF17: 0 | MG17: 0 | MH17: 0 | MI17: 0 | MJ17: 0 | MK17: 0 | ML17: 0 | MM17: 0 | MN17: 0 | MO17: 0 | MP17: 0 | MQ17: 0 | MR17: 0 | MS17: 0 | MT17: 0 | MU17: 0 | MV17: 0 | MW17: 0 | MX17: 0 | MY17: 0 | MZ17: 0 | NA17: 0 | NB17: 0 | NC17: 0 | ND17: 0 | NE17: 0 | NF17: 0 | NG17: 0 | NH17: 0 | NI17: 0 | NJ17: 0 | NK17: 0 | NL17: 0 | NM17: 0 | NN17: 0 | NO17: 0 | NP17: 0 | NQ17: 0 | NR17: 0 | NS17: 0 | NT17: 0 | NU17: 0 | NV17: 0 | NW17: 0 | NX17: 0 | NY17: 0 | NZ17: 0 | OA17: 0 | OB17: 0 | OC17: 0 | OD17: 0 | OE17: 0 | OF17: 0 | OG17: 0 | OH17: 0 | OI17: 0 | OJ17: 0 | OK17: 0 | OL17: 0 | OM17: 0 | ON17: 0 | OO17: =SUM(E17:ON17)-SUM(NT17:NW17)-SUM(NZ17:OE17) -> 0
D18: MASCULINO | E18: 0 | F18: 0 | G18: 0 | H18: 0 | I18: 0 | J18: 0 | K18: 0 | L18: 0 | M18: 0 | N18: 0 | O18: 0 | P18: 0 | Q18: 0 | R18: 0 | S18: 0 | T18: 0 | U18: 0 | V18: 0 | W18: 0 | X18: 0 | Y18: 0 | Z18: 0 | AA18: 0 | AB18: 0 | AC18: 0 | AD18: 0 | AE18: 0 | AF18: 0 | AG18: 0 | AH18: 0 | AI18: 0 | AJ18: 0 | AK18: 0 | AL18: 0 | AM18: 0 | AN18: 0 | AO18: 0 | AP18: 0 | AQ18: 0 | AR18: 0 | AS18: 0 | AT18: 0 | AU18: 0 | AV18: 0 | AW18: 0 | AX18: 0 | AY18: 0 | AZ18: 0 | BA18: 0 | BB18: 0 | BC18: 0 | BD18: 0 | BE18: 0 | BF18: 0 | BG18: 0 | BH18: 0 | BI18: 0 | BJ18: 0 | BK18: 0 | BL18: 0 | BM18: 0 | BN18: 0 | BO18: 0 | BP18: 0 | BQ18: 0 | BR18: 0 | BS18: 0 | BT18: 0 | BU18: 0 | BV18: 0 | BW18: 0 | BX18: 0 | BY18: 0 | BZ18: 0 | CA18: 0 | CB18: 0 | CC18: 0 | CD18: 0 | CE18: 0 | CF18: 0 | CG18: 0 | CH18: 0 | CI18: 0 | CJ18: 0 | CK18: 0 | CL18: 0 | CM18: 0 | CN18: 0 | CO18: 0 | CP18: 0 | CQ18: 0 | CR18: 0 | CS18: 0 | CT18: 0 | CU18: 0 | CV18: 0 | CW18: 0 | CX18: 0 | CY18: 0 | CZ18: 0 | DA18: 0 | DB18: 0 | DC18: 0 | DD18: 0 | DE18: 0 | DF18: 0 | DG18: 0 | DH18: 0 | DI18: 0 | DJ18: 0 | DK18: 0 | DL18: 0 | DM18: 0 | DN18: 0 | DO18: 0 | DP18: 0 | DQ18: 0 | DR18: 0 | DS18: 0 | DT18: 0 | DU18: 0 | DV18: 0 | DW18: 0 | DX18: 0 | DY18: 0 | DZ18: 0 | EA18: 0 | EB18: 0 | EC18: 0 | ED18: 0 | EE18: 0 | EF18: 0 | EG18: 0 | EH18: 0 | EI18: 0 | EJ18: 0 | EK18: 0 | EL18: 0 | EM18: 0 | EN18: 0 | EO18: 0 | EP18: 0 | EQ18: 0 | ER18: 0 | ES18: 0 | ET18: 0 | EU18: 0 | EV18: 0 | EW18: 0 | EX18: 0 | EY18: 0 | EZ18: 0 | FA18: 0 | FB18: 0 | FC18: 0 | FD18: 0 | FE18: 0 | FF18: 0 | FG18: 0 | FH18: 0 | FI18: 0 | FJ18: 0 | FK18: 0 | FL18: 0 | FM18: 0 | FN18: 0 | FO18: 0 | FP18: 0 | FQ18: 0 | FR18: 0 | FS18: 0 | FT18: 0 | FU18: 0 | FV18: 0 | FW18: 0 | FX18: 0 | FY18: 0 | FZ18: 0 | GA18: 0 | GB18: 0 | GC18: 0 | GD18: 0 | GE18: 0 | GF18: 0 | GG18: 0 | GH18: 0 | GI18: 0 | GJ18: 0 | GK18: 0 | GL18: 0 | GM18: 0 | GN18: 0 | GO18: 0 | GP18: 0 | GQ18: 0 | GR18: 0 | GS18: 0 | GT18: 0 | GU18: 0 | GV18: 0 | GW18: 0 | GX18: 0 | GY18: 0 | GZ18: 0 | HA18: 0 | HB18: 0 | HC18: 0 | HD18: 0 | HE18: 0 | HF18: 0 | HG18: 0 | HH18: 0 | HI18: 0 | HJ18: 0 | HK18: 0 | HL18: 0 | HM18: 0 | HN18: 0 | HO18: 0 | HP18: 0 | HQ18: 0 | HR18: 0 | HS18: 0 | HT18: 0 | HU18: 0 | HV18: 0 | HW18: 0 | HX18: 0 | HY18: 0 | HZ18: 0 | IA18: 0 | IB18: 0 | IC18: 0 | ID18: 0 | IE18: 0 | IF18: 0 | IG18: 0 | IH18: 0 | II18: 0 | IJ18: 0 | IK18: 0 | IL18: 0 | IM18: 0 | IN18: 0 | IO18: 0 | IP18: 0 | IQ18: 0 | IR18: 0 | IS18: 0 | IT18: 0 | IU18: 0 | IV18: 0 | IW18: 0 | IX18: 0 | IY18: 0 | IZ18: 0 | JA18: 0 | JB18: 0 | JC18: 0 | JD18: 0 | JE18: 0 | JF18: 0 | JG18: 0 | JH18: 0 | JI18: 0 | JJ18: 0 | JK18: 0 | JL18: 0 | JM18: 0 | JN18: 0 | JO18: 0 | JP18: 0 | JQ18: 0 | JR18: 0 | JS18: 0 | JT18: 0 | JU18: 0 | JV18: 0 | JW18: 0 | JX18: 0 | JY18: 0 | JZ18: 0 | KA18: 0 | KB18: 0 | KC18: 0 | KD18: 0 | KE18: 0 | KF18: 0 | KG18: 0 | KH18: 0 | KI18: 0 | KJ18: 0 | KK18: 0 | KL18: 0 | KM18: 0 | KN18: 0 | KO18: 0 | KP18: 0 | KQ18: 0 | KR18: 0 | KS18: 0 | KT18: 0 | KU18: 0 | KV18: 0 | KW18: 0 | KX18: 0 | KY18: 0 | KZ18: 0 | LA18: 0 | LB18: 0 | LC18: 0 | LD18: 0 | LE18: 0 | LF18: 0 | LG18: 0 | LH18: 0 | LI18: 0 | LJ18: 0 | LK18: 0 | LL18: 0 | LM18: 0 | LN18: 0 | LO18: 0 | LP18: 0 | LQ18: 0 | LR18: 0 | LS18: 0 | LT18: 0 | LU18: 0 | LV18: 0 | LW18: 0 | LX18: 0 | LY18: 0 | LZ18: 0 | MA18: 0 | MB18: 0 | MC18: 0 | MD18: 0 | ME18: 0 | MF18: 0 | MG18: 0 | MH18: 0 | MI18: 0 | MJ18: 0 | MK18: 0 | ML18: 0 | MM18: 0 | MN18: 0 | MO18: 0 | MP18: 0 | MQ18: 0 | MR18: 0 | MS18: 0 | MT18: 0 | MU18: 0 | MV18: 0 | MW18: 0 | MX18: 0 | MY18: 0 | MZ18: 0 | NA18: 0 | NB18: 0 | NC18: 0 | ND18: 0 | NE18: 0 | NF18: 0 | NG18: 0 | NH18: 0 | NI18: 0 | NJ18: 0 | NK18: 0 | NL18: 0 | NM18: 0 | NN18: 0 | NO18: 0 | NP18: 0 | NQ18: 0 | NR18: 0 | NS18: 0 | NT18: 0 | NU18: 0 | NV18: 0 | NW18: 0 | NX18: 0 | NY18: 0 | NZ18: 0 | OA18: 0 | OB18: 0 | OC18: 0 | OD18: 0 | OE18: 0 | OF18: 0 | OG18: 0 | OH18: 0 | OI18: 0 | OJ18: 0 | OK18: 0 | OL18: 0 | OM18: 0 | ON18: 0 | OO18: =SUM(E18:ON18)-SUM(NT18:NW18)-SUM(NZ18:OE18) -> 0
D19: OTRO | E19: 0 | F19: 0 | G19: 0 | H19: 0 | I19: 0 | J19: 0 | K19: 0 | L19: 0 | M19: 0 | N19: 0 | O19: 0 | P19: 0 | Q19: 0 | R19: 0 | S19: 0 | T19: 0 | U19: 0 | V19: 0 | W19: 0 | X19: 0 | Y19: 0 | Z19: 0 | AA19: 0 | AB19: 0 | AC19: 0 | AD19: 0 | AE19: 0 | AF19: 0 | AG19: 0 | AH19: 0 | AI19: 0 | AJ19: 0 | AK19: 0 | AL19: 0 | AM19: 0 | AN19: 0 | AO19: 0 | AP19: 0 | AQ19: 0 | AR19: 0 | AS19: 0 | AT19: 0 | AU19: 0 | AV19: 0 | AW19: 0 | AX19: 0 | AY19: 0 | AZ19: 0 | BA19: 0 | BB19: 0 | BC19: 0 | BD19: 0 | BE19: 0 | BF19: 0 | BG19: 0 | BH19: 0 | BI19: 0 | BJ19: 0 | BK19: 0 | BL19: 0 | BM19: 0 | BN19: 0 | BO19: 0 | BP19: 0 | BQ19: 0 | BR19: 0 | BS19: 0 | BT19: 0 | BU19: 0 | BV19: 0 | BW19: 0 | BX19: 0 | BY19: 0 | BZ19: 0 | CA19: 0 | CB19: 0 | CC19: 0 | CD19: 0 | CE19: 0 | CF19: 0 | CG19: 0 | CH19: 0 | CI19: 0 | CJ19: 0 | CK19: 0 | CL19: 0 | CM19: 0 | CN19: 0 | CO19: 0 | CP19: 0 | CQ19: 0 | CR19: 0 | CS19: 0 | CT19: 0 | CU19: 0 | CV19: 0 | CW19: 0 | CX19: 0 | CY19: 0 | CZ19: 0 | DA19: 0 | DB19: 0 | DC19: 0 | DD19: 0 | DE19: 0 | DF19: 0 | DG19: 0 | DH19: 0 | DI19: 0 | DJ19: 0 | DK19: 0 | DL19: 0 | DM19: 0 | DN19: 0 | DO19: 0 | DP19: 0 | DQ19: 0 | DR19: 0 | DS19: 0 | DT19: 0 | DU19: 0 | DV19: 0 | DW19: 0 | DX19: 0 | DY19: 0 | DZ19: 0 | EA19: 0 | EB19: 0 | EC19: 0 | ED19: 0 | EE19: 0 | EF19: 0 | EG19: 0 | EH19: 0 | EI19: 0 | EJ19: 0 | EK19: 0 | EL19: 0 | EM19: 0 | EN19: 0 | EO19: 0 | EP19: 0 | EQ19: 0 | ER19: 0 | ES19: 0 | ET19: 0 | EU19: 0 | EV19: 0 | EW19: 0 | EX19: 0 | EY19: 0 | EZ19: 0 | FA19: 0 | FB19: 0 | FC19: 0 | FD19: 0 | FE19: 0 | FF19: 0 | FG19: 0 | FH19: 0 | FI19: 0 | FJ19: 0 | FK19: 0 | FL19: 0 | FM19: 0 | FN19: 0 | FO19: 0 | FP19: 0 | FQ19: 0 | FR19: 0 | FS19: 0 | FT19: 0 | FU19: 0 | FV19: 0 | FW19: 0 | FX19: 0 | FY19: 0 | FZ19: 0 | GA19: 0 | GB19: 0 | GC19: 0 | GD19: 0 | GE19: 0 | GF19: 0 | GG19: 0 | GH19: 0 | GI19: 0 | GJ19: 0 | GK19: 0 | GL19: 0 | GM19: 0 | GN19: 0 | GO19: 0 | GP19: 0 | GQ19: 0 | GR19: 0 | GS19: 0 | GT19: 0 | GU19: 0 | GV19: 0 | GW19: 0 | GX19: 0 | GY19: 0 | GZ19: 0 | HA19: 0 | HB19: 0 | HC19: 0 | HD19: 0 | HE19: 0 | HF19: 0 | HG19: 0 | HH19: 0 | HI19: 0 | HJ19: 0 | HK19: 0 | HL19: 0 | HM19: 0 | HN19: 0 | HO19: 0 | HP19: 0 | HQ19: 0 | HR19: 0 | HS19: 0 | HT19: 0 | HU19: 0 | HV19: 0 | HW19: 0 | HX19: 0 | HY19: 0 | HZ19: 0 | IA19: 0 | IB19: 0 | IC19: 0 | ID19: 0 | IE19: 0 | IF19: 0 | IG19: 0 | IH19: 0 | II19: 0 | IJ19: 0 | IK19: 0 | IL19: 0 | IM19: 0 | IN19: 0 | IO19: 0 | IP19: 0 | IQ19: 0 | IR19: 0 | IS19: 0 | IT19: 0 | IU19: 0 | IV19: 0 | IW19: 0 | IX19: 0 | IY19: 0 | IZ19: 0 | JA19: 0 | JB19: 0 | JC19: 0 | JD19: 0 | JE19: 0 | JF19: 0 | JG19: 0 | JH19: 0 | JI19: 0 | JJ19: 0 | JK19: 0 | JL19: 0 | JM19: 0 | JN19: 0 | JO19: 0 | JP19: 0 | JQ19: 0 | JR19: 0 | JS19: 0 | JT19: 0 | JU19: 0 | JV19: 0 | JW19: 0 | JX19: 0 | JY19: 0 | JZ19: 0 | KA19: 0 | KB19: 0 | KC19: 0 | KD19: 0 | KE19: 0 | KF19: 0 | KG19: 0 | KH19: 0 | KI19: 0 | KJ19: 0 | KK19: 0 | KL19: 0 | KM19: 0 | KN19: 0 | KO19: 0 | KP19: 0 | KQ19: 0 | KR19: 0 | KS19: 0 | KT19: 0 | KU19: 0 | KV19: 0 | KW19: 0 | KX19: 0 | KY19: 0 | KZ19: 0 | LA19: 0 | LB19: 0 | LC19: 0 | LD19: 0 | LE19: 0 | LF19: 0 | LG19: 0 | LH19: 0 | LI19: 0 | LJ19: 0 | LK19: 0 | LL19: 0 | LM19: 0 | LN19: 0 | LO19: 0 | LP19: 0 | LQ19: 0 | LR19: 0 | LS19: 0 | LT19: 0 | LU19: 0 | LV19: 0 | LW19: 0 | LX19: 0 | LY19: 0 | LZ19: 0 | MA19: 0 | MB19: 0 | MC19: 0 | MD19: 0 | ME19: 0 | MF19: 0 | MG19: 0 | MH19: 0 | MI19: 0 | MJ19: 0 | MK19: 0 | ML19: 0 | MM19: 0 | MN19: 0 | MO19: 0 | MP19: 0 | MQ19: 0 | MR19: 0 | MS19: 0 | MT19: 0 | MU19: 0 | MV19: 0 | MW19: 0 | MX19: 0 | MY19: 0 | MZ19: 0 | NA19: 0 | NB19: 0 | NC19: 0 | ND19: 0 | NE19: 0 | NF19: 0 | NG19: 0 | NH19: 0 | NI19: 0 | NJ19: 0 | NK19: 0 | NL19: 0 | NM19: 0 | NN19: 0 | NO19: 0 | NP19: 0 | NQ19: 0 | NR19: 0 | NS19: 0 | NT19: 0 | NU19: 0 | NV19: 0 | NW19: 0 | NX19: 0 | NY19: 0 | NZ19: 0 | OA19: 0 | OB19: 0 | OC19: 0 | OD19: 0 | OE19: 0 | OF19: 0 | OG19: 0 | OH19: 0 | OI19: 0 | OJ19: 0 | OK19: 0 | OL19: 0 | OM19: 0 | ON19: 0 | OO19: =SUM(E19:ON19)-SUM(NT19:NW19)-SUM(NZ19:OE19) -> 0
D20: TOTAL GENERO | E20: =SUM(E17:E19) -> 0 | F20: =SUM(F17:F19) -> 0 | G20: =SUM(G17:G19) -> 0 | H20: =SUM(H17:H19) -> 0 | I20: =SUM(I17:I19) -> 0 | J20: =SUM(J17:J19) -> 0 | K20: =SUM(K17:K19) -> 0 | L20: =SUM(L17:L19) -> 0 | ... OO20: =SUM(OO17:OO19) -> 0
D21: CONTRIBUTIVO | E21: 0 | F21: 0 | G21: 0 | H21: 0 | I21: 0 | J21: 0 | K21: 0 | L21: 0 | M21: 0 | N21: 0 | O21: 0 | P21: 0 | Q21: 0 | R21: 0 | S21: 0 | T21: 0 | U21: 0 | V21: 0 | W21: 0 | X21: 0 | Y21: 0 | Z21: 0 | AA21: 0 | AB21: 0 | AC21: 0 | AD21: 0 | AE21: 0 | AF21: 0 | AG21: 0 | AH21: 0 | AI21: 0 | AJ21: 0 | AK21: 0 | AL21: 0 | AM21: 0 | AN21: 0 | AO21: 0 | AP21: 0 | AQ21: 0 | AR21: 0 | AS21: 0 | AT21: 0 | AU21: 0 | AV21: 0 | AW21: 0 | AX21: 0 | AY21: 0 | AZ21: 0 | BA21: 0 | BB21: 0 | BC21: 0 | BD21: 0 | BE21: 0 | BF21: 0 | BG21: 0 | BH21: 0 | BI21: 0 | BJ21: 0 | BK21: 0 | BL21: 0 | BM21: 0 | BN21: 0 | BO21: 0 | BP21: 0 | BQ21: 0 | BR21: 0 | BS21: 0 | BT21: 0 | BU21: 0 | BV21: 0 | BW21: 0 | BX21: 0 | BY21: 0 | BZ21: 0 | CA21: 0 | CB21: 0 | CC21: 0 | CD21: 0 | CE21: 0 | CF21: 0 | CG21: 0 | CH21: 0 | CI21: 0 | CJ21: 0 | CK21: 0 | CL21: 0 | CM21: 0 | CN21: 0 | CO21: 0 | CP21: 0 | CQ21: 0 | CR21: 0 | CS21: 0 | CT21: 0 | CU21: 0 | CV21: 0 | CW21: 0 | CX21: 0 | CY21: 0 | CZ21: 0 | DA21: 0 | DB21: 0 | DC21: 0 | DD21: 0 | DE21: 0 | DF21: 0 | DG21: 0 | DH21: 0 | DI21: 0 | DJ21: 0 | DK21: 0 | DL21: 0 | DM21: 0 | DN21: 0 | DO21: 0 | DP21: 0 | DQ21: 0 | DR21: 0 | DS21: 0 | DT21: 0 | DU21: 0 | DV21: 0 | DW21: 0 | DX21: 0 | DY21: 0 | DZ21: 0 | EA21: 0 | EB21: 0 | EC21: 0 | ED21: 0 | EE21: 0 | EF21: 0 | EG21: 0 | EH21: 0 | EI21: 0 | EJ21: 0 | EK21: 0 | EL21: 0 | EM21: 0 | EN21: 0 | EO21: 0 | EP21: 0 | EQ21: 0 | ER21: 0 | ES21: 0 | ET21: 0 | EU21: 0 | EV21: 0 | EW21: 0 | EX21: 0 | EY21: 0 | EZ21: 0 | FA21: 0 | FB21: 0 | FC21: 0 | FD21: 0 | FE21: 0 | FF21: 0 | FG21: 0 | FH21: 0 | FI21: 0 | FJ21: 0 | FK21: 0 | FL21: 0 | FM21: 0 | FN21: 0 | FO21: 0 | FP21: 0 | FQ21: 0 | FR21: 0 | FS21: 0 | FT21: 0 | FU21: 0 | FV21: 0 | FW21: 0 | FX21: 0 | FY21: 0 | FZ21: 0 | GA21: 0 | GB21: 0 | GC21: 0 | GD21: 0 | GE21: 0 | GF21: 0 | GG21: 0 | GH21: 0 | GI21: 0 | GJ21: 0 | GK21: 0 | GL21: 0 | GM21: 0 | GN21: 0 | GO21: 0 | GP21: 0 | GQ21: 0 | GR21: 0 | GS21: 0 | GT21: 0 | GU21: 0 | GV21: 0 | GW21: 0 | GX21: 0 | GY21: 0 | GZ21: 0 | HA21: 0 | HB21: 0 | HC21: 0 | HD21: 0 | HE21: 0 | HF21: 0 | HG21: 0 | HH21: 0 | HI21: 0 | HJ21: 0 | HK21: 0 | HL21: 0 | HM21: 0 | HN21: 0 | HO21: 0 | HP21: 0 | HQ21: 0 | HR21: 0 | HS21: 0 | HT21: 0 | HU21: 0 | HV21: 0 | HW21: 0 | HX21: 0 | HY21: 0 | HZ21: 0 | IA21: 0 | IB21: 0 | IC21: 0 | ID21: 0 | IE21: 0 | IF21: 0 | IG21: 0 | IH21: 0 | II21: 0 | IJ21: 0 | IK21: 0 | IL21: 0 | IM21: 0 | IN21: 0 | IO21: 0 | IP21: 0 | IQ21: 0 | IR21: 0 | IS21: 0 | IT21: 0 | IU21: 0 | IV21: 0 | IW21: 0 | IX21: 0 | IY21: 0 | IZ21: 0 | JA21: 0 | JB21: 0 | JC21: 0 | JD21: 0 | JE21: 0 | JF21: 0 | JG21: 0 | JH21: 0 | JI21: 0 | JJ21: 0 | JK21: 0 | JL21: 0 | JM21: 0 | JN21: 0 | JO21: 0 | JP21: 0 | JQ21: 0 | JR21: 0 | JS21: 0 | JT21: 0 | JU21: 0 | JV21: 0 | JW21: 0 | JX21: 0 | JY21: 0 | JZ21: 0 | KA21: 0 | KB21: 0 | KC21: 0 | KD21: 0 | KE21: 0 | KF21: 0 | KG21: 0 | KH21: 0 | KI21: 0 | KJ21: 0 | KK21: 0 | KL21: 0 | KM21: 0 | KN21: 0 | KO21: 0 | KP21: 0 | KQ21: 0 | KR21: 0 | KS21: 0 | KT21: 0 | KU21: 0 | KV21: 0 | KW21: 0 | KX21: 0 | KY21: 0 | KZ21: 0 | LA21: 0 | LB21: 0 | LC21: 0 | LD21: 0 | LE21: 0 | LF21: 0 | LG21: 0 | LH21: 0 | LI21: 0 | LJ21: 0 | LK21: 0 | LL21: 0 | LM21: 0 | LN21: 0 | LO21: 0 | LP21: 0 | LQ21: 0 | LR21: 0 | LS21: 0 | LT21: 0 | LU21: 0 | LV21: 0 | LW21: 0 | LX21: 0 | LY21: 0 | LZ21: 0 | MA21: 0 | MB21: 0 | MC21: 0 | MD21: 0 | ME21: 0 | MF21: 0 | MG21: 0 | MH21: 0 | MI21: 0 | MJ21: 0 | MK21: 0 | ML21: 0 | MM21: 0 | MN21: 0 | MO21: 0 | MP21: 0 | MQ21: 0 | MR21: 0 | MS21: 0 | MT21: 0 | MU21: 0 | MV21: 0 | MW21: 0 | MX21: 0 | MY21: 0 | MZ21: 0 | NA21: 0 | NB21: 0 | NC21: 0 | ND21: 0 | NE21: 0 | NF21: 0 | NG21: 0 | NH21: 0 | NI21: 0 | NJ21: 0 | NK21: 0 | NL21: 0 | NM21: 0 | NN21: 0 | NO21: 0 | NP21: 0 | NQ21: 0 | NR21: 0 | NS21: 0 | NT21: 0 | NU21: 0 | NV21: 0 | NW21: 0 | NX21: 0 | NY21: 0 | NZ21: 0 | OA21: 0 | OB21: 0 | OC21: 0 | OD21: 0 | OE21: 0 | OF21: 0 | OG21: 0 | OH21: 0 | OI21: 0 | OJ21: 0 | OK21: 0 | OL21: 0 | OM21: 0 | ON21: 0 | OO21: =SUM(E21:ON21)-SUM(NT21:NW21)-SUM(NZ21:OE21) -> 0
D22: SUBSIDIADO | E22: 0 | F22: 0 | G22: 0 | H22: 0 | I22: 0 | J22: 0 | K22: 0 | L22: 0 | M22: 0 | N22: 0 | O22: 0 | P22: 0 | Q22: 0 | R22: 0 | S22: 0 | T22: 0 | U22: 0 | V22: 0 | W22: 0 | X22: 0 | Y22: 0 | Z22: 0 | AA22: 0 | AB22: 0 | AC22: 0 | AD22: 0 | AE22: 0 | AF22: 0 | AG22: 0 | AH22: 0 | AI22: 0 | AJ22: 0 | AK22: 0 | AL22: 0 | AM22: 0 | AN22: 0 | AO22: 0 | AP22: 0 | AQ22: 0 | AR22: 0 | AS22: 0 | AT22: 0 | AU22: 0 | AV22: 0 | AW22: 0 | AX22: 0 | AY22: 0 | AZ22: 0 | BA22: 0 | BB22: 0 | BC22: 0 | BD22: 0 | BE22: 0 | BF22: 0 | BG22: 0 | BH22: 0 | BI22: 0 | BJ22: 0 | BK22: 0 | BL22: 0 | BM22: 0 | BN22: 0 | BO22: 0 | BP22: 0 | BQ22: 0 | BR22: 0 | BS22: 0 | BT22: 0 | BU22: 0 | BV22: 0 | BW22: 0 | BX22: 0 | BY22: 0 | BZ22: 0 | CA22: 0 | CB22: 0 | CC22: 0 | CD22: 0 | CE22: 0 | CF22: 0 | CG22: 0 | CH22: 0 | CI22: 0 | CJ22: 0 | CK22: 0 | CL22: 0 | CM22: 0 | CN22: 0 | CO22: 0 | CP22: 0 | CQ22: 0 | CR22: 0 | CS22: 0 | CT22: 0 | CU22: 0 | CV22: 0 | CW22: 0 | CX22: 0 | CY22: 0 | CZ22: 0 | DA22: 0 | DB22: 0 | DC22: 0 | DD22: 0 | DE22: 0 | DF22: 0 | DG22: 0 | DH22: 0 | DI22: 0 | DJ22: 0 | DK22: 0 | DL22: 0 | DM22: 0 | DN22: 0 | DO22: 0 | DP22: 0 | DQ22: 0 | DR22: 0 | DS22: 0 | DT22: 0 | DU22: 0 | DV22: 0 | DW22: 0 | DX22: 0 | DY22: 0 | DZ22: 0 | EA22: 0 | EB22: 0 | EC22: 0 | ED22: 0 | EE22: 0 | EF22: 0 | EG22: 0 | EH22: 0 | EI22: 0 | EJ22: 0 | EK22: 0 | EL22: 0 | EM22: 0 | EN22: 0 | EO22: 0 | EP22: 0 | EQ22: 0 | ER22: 0 | ES22: 0 | ET22: 0 | EU22: 0 | EV22: 0 | EW22: 0 | EX22: 0 | EY22: 0 | EZ22: 0 | FA22: 0 | FB22: 0 | FC22: 0 | FD22: 0 | FE22: 0 | FF22: 0 | FG22: 0 | FH22: 0 | FI22: 0 | FJ22: 0 | FK22: 0 | FL22: 0 | FM22: 0 | FN22: 0 | FO22: 0 | FP22: 0 | FQ22: 0 | FR22: 0 | FS22: 0 | FT22: 0 | FU22: 0 | FV22: 0 | FW22: 0 | FX22: 0 | FY22: 0 | FZ22: 0 | GA22: 0 | GB22: 0 | GC22: 0 | GD22: 0 | GE22: 0 | GF22: 0 | GG22: 0 | GH22: 0 | GI22: 0 | GJ22: 0 | GK22: 0 | GL22: 0 | GM22: 0 | GN22: 0 | GO22: 0 | GP22: 0 | GQ22: 0 | GR22: 0 | GS22: 0 | GT22: 0 | GU22: 0 | GV22: 0 | GW22: 0 | GX22: 0 | GY22: 0 | GZ22: 0 | HA22: 0 | HB22: 0 | HC22: 0 | HD22: 0 | HE22: 0 | HF22: 0 | HG22: 0 | HH22: 0 | HI22: 0 | HJ22: 0 | HK22: 0 | HL22: 0 | HM22: 0 | HN22: 0 | HO22: 0 | HP22: 0 | HQ22: 0 | HR22: 0 | HS22: 0 | HT22: 0 | HU22: 0 | HV22: 0 | HW22: 0 | HX22: 0 | HY22: 0 | HZ22: 0 | IA22: 0 | IB22: 0 | IC22: 0 | ID22: 0 | IE22: 0 | IF22: 0 | IG22: 0 | IH22: 0 | II22: 0 | IJ22: 0 | IK22: 0 | IL22: 0 | IM22: 0 | IN22: 0 | IO22: 0 | IP22: 0 | IQ22: 0 | IR22: 0 | IS22: 0 | IT22: 0 | IU22: 0 | IV22: 0 | IW22: 0 | IX22: 0 | IY22: 0 | IZ22: 0 | JA22: 0 | JB22: 0 | JC22: 0 | JD22: 0 | JE22: 0 | JF22: 0 | JG22: 0 | JH22: 0 | JI22: 0 | JJ22: 0 | JK22: 0 | JL22: 0 | JM22: 0 | JN22: 0 | JO22: 0 | JP22: 0 | JQ22: 0 | JR22: 0 | JS22: 0 | JT22: 0 | JU22: 0 | JV22: 0 | JW22: 0 | JX22: 0 | JY22: 0 | JZ22: 0 | KA22: 0 | KB22: 0 | KC22: 0 | KD22: 0 | KE22: 0 | KF22: 0 | KG22: 0 | KH22: 0 | KI22: 0 | KJ22: 0 | KK22: 0 | KL22: 0 | KM22: 0 | KN22: 0 | KO22: 0 | KP22: 0 | KQ22: 0 | KR22: 0 | KS22: 0 | KT22: 0 | KU22: 0 | KV22: 0 | KW22: 0 | KX22: 0 | KY22: 0 | KZ22: 0 | LA22: 0 | LB22: 0 | LC22: 0 | LD22: 0 | LE22: 0 | LF22: 0 | LG22: 0 | LH22: 0 | LI22: 0 | LJ22: 0 | LK22: 0 | LL22: 0 | LM22: 0 | LN22: 0 | LO22: 0 | LP22: 0 | LQ22: 0 | LR22: 0 | LS22: 0 | LT22: 0 | LU22: 0 | LV22: 0 | LW22: 0 | LX22: 0 | LY22: 0 | LZ22: 0 | MA22: 0 | MB22: 0 | MC22: 0 | MD22: 0 | ME22: 0 | MF22: 0 | MG22: 0 | MH22: 0 | MI22: 0 | MJ22: 0 | MK22: 0 | ML22: 0 | MM22: 0 | MN22: 0 | MO22: 0 | MP22: 0 | MQ22: 0 | MR22: 0 | MS22: 0 | MT22: 0 | MU22: 0 | MV22: 0 | MW22: 0 | MX22: 0 | MY22: 0 | MZ22: 0 | NA22: 0 | NB22: 0 | NC22: 0 | ND22: 0 | NE22: 0 | NF22: 0 | NG22: 0 | NH22: 0 | NI22: 0 | NJ22: 0 | NK22: 0 | NL22: 0 | NM22: 0 | NN22: 0 | NO22: 0 | NP22: 0 | NQ22: 0 | NR22: 0 | NS22: 0 | NT22: 0 | NU22: 0 | NV22: 0 | NW22: 0 | NX22: 0 | NY22: 0 | NZ22: 0 | OA22: 0 | OB22: 0 | OC22: 0 | OD22: 0 | OE22: 0 | OF22: 0 | OG22: 0 | OH22: 0 | OI22: 0 | OJ22: 0 | OK22: 0 | OL22: 0 | OM22: 0 | ON22: 0 | OO22: =SUM(E22:ON22)-SUM(NT22:NW22)-SUM(NZ22:OE22) -> 0
D23: POBRE NO ASEGURADO | E23: 0 | F23: 0 | G23: 0 | H23: 0 | I23: 0 | J23: 0 | K23: 0 | L23: 0 | M23: 0 | N23: 0 | O23: 0 | P23: 0 | Q23: 0 | R23: 0 | S23: 0 | T23: 0 | U23: 0 | V23: 0 | W23: 0 | X23: 0 | Y23: 0 | Z23: 0 | AA23: 0 | AB23: 0 | AC23: 0 | AD23: 0 | AE23: 0 | AF23: 0 | AG23: 0 | AH23: 0 | AI23: 0 | AJ23: 0 | AK23: 0 | AL23: 0 | AM23: 0 | AN23: 0 | AO23: 0 | AP23: 0 | AQ23: 0 | AR23: 0 | AS23: 0 | AT23: 0 | AU23: 0 | AV23: 0 | AW23: 0 | AX23: 0 | AY23: 0 | AZ23: 0 | BA23: 0 | BB23: 0 | BC23: 0 | BD23: 0 | BE23: 0 | BF23: 0 | BG23: 0 | BH23: 0 | BI23: 0 | BJ23: 0 | BK23: 0 | BL23: 0 | BM23: 0 | BN23: 0 | BO23: 0 | BP23: 0 | BQ23: 0 | BR23: 0 | BS23: 0 | BT23: 0 | BU23: 0 | BV23: 0 | BW23: 0 | BX23: 0 | BY23: 0 | BZ23: 0 | CA23: 0 | CB23: 0 | CC23: 0 | CD23: 0 | CE23: 0 | CF23: 0 | CG23: 0 | CH23: 0 | CI23: 0 | CJ23: 0 | CK23: 0 | CL23: 0 | CM23: 0 | CN23: 0 | CO23: 0 | CP23: 0 | CQ23: 0 | CR23: 0 | CS23: 0 | CT23: 0 | CU23: 0 | CV23: 0 | CW23: 0 | CX23: 0 | CY23: 0 | CZ23: 0 | DA23: 0 | DB23: 0 | DC23: 0 | DD23: 0 | DE23: 0 | DF23: 0 | DG23: 0 | DH23: 0 | DI23: 0 | DJ23: 0 | DK23: 0 | DL23: 0 | DM23: 0 | DN23: 0 | DO23: 0 | DP23: 0 | DQ23: 0 | DR23: 0 | DS23: 0 | DT23: 0 | DU23: 0 | DV23: 0 | DW23: 0 | DX23: 0 | DY23: 0 | DZ23: 0 | EA23: 0 | EB23: 0 | EC23: 0 | ED23: 0 | EE23: 0 | EF23: 0 | EG23: 0 | EH23: 0 | EI23: 0 | EJ23: 0 | EK23: 0 | EL23: 0 | EM23: 0 | EN23: 0 | EO23: 0 | EP23: 0 | EQ23: 0 | ER23: 0 | ES23: 0 | ET23: 0 | EU23: 0 | EV23: 0 | EW23: 0 | EX23: 0 | EY23: 0 | EZ23: 0 | FA23: 0 | FB23: 0 | FC23: 0 | FD23: 0 | FE23: 0 | FF23: 0 | FG23: 0 | FH23: 0 | FI23: 0 | FJ23: 0 | FK23: 0 | FL23: 0 | FM23: 0 | FN23: 0 | FO23: 0 | FP23: 0 | FQ23: 0 | FR23: 0 | FS23: 0 | FT23: 0 | FU23: 0 | FV23: 0 | FW23: 0 | FX23: 0 | FY23: 0 | FZ23: 0 | GA23: 0 | GB23: 0 | GC23: 0 | GD23: 0 | GE23: 0 | GF23: 0 | GG23: 0 | GH23: 0 | GI23: 0 | GJ23: 0 | GK23: 0 | GL23: 0 | GM23: 0 | GN23: 0 | GO23: 0 | GP23: 0 | GQ23: 0 | GR23: 0 | GS23: 0 | GT23: 0 | GU23: 0 | GV23: 0 | GW23: 0 | GX23: 0 | GY23: 0 | GZ23: 0 | HA23: 0 | HB23: 0 | HC23: 0 | HD23: 0 | HE23: 0 | HF23: 0 | HG23: 0 | HH23: 0 | HI23: 0 | HJ23: 0 | HK23: 0 | HL23: 0 | HM23: 0 | HN23: 0 | HO23: 0 | HP23: 0 | HQ23: 0 | HR23: 0 | HS23: 0 | HT23: 0 | HU23: 0 | HV23: 0 | HW23: 0 | HX23: 0 | HY23: 0 | HZ23: 0 | IA23: 0 | IB23: 0 | IC23: 0 | ID23: 0 | IE23: 0 | IF23: 0 | IG23: 0 | IH23: 0 | II23: 0 | IJ23: 0 | IK23: 0 | IL23: 0 | IM23: 0 | IN23: 0 | IO23: 0 | IP23: 0 | IQ23: 0 | IR23: 0 | IS23: 0 | IT23: 0 | IU23: 0 | IV23: 0 | IW23: 0 | IX23: 0 | IY23: 0 | IZ23: 0 | JA23: 0 | JB23: 0 | JC23: 0 | JD23: 0 | JE23: 0 | JF23: 0 | JG23: 0 | JH23: 0 | JI23: 0 | JJ23: 0 | JK23: 0 | JL23: 0 | JM23: 0 | JN23: 0 | JO23: 0 | JP23: 0 | JQ23: 0 | JR23: 0 | JS23: 0 | JT23: 0 | JU23: 0 | JV23: 0 | JW23: 0 | JX23: 0 | JY23: 0 | JZ23: 0 | KA23: 0 | KB23: 0 | KC23: 0 | KD23: 0 | KE23: 0 | KF23: 0 | KG23: 0 | KH23: 0 | KI23: 0 | KJ23: 0 | KK23: 0 | KL23: 0 | KM23: 0 | KN23: 0 | KO23: 0 | KP23: 0 | KQ23: 0 | KR23: 0 | KS23: 0 | KT23: 0 | KU23: 0 | KV23: 0 | KW23: 0 | KX23: 0 | KY23: 0 | KZ23: 0 | LA23: 0 | LB23: 0 | LC23: 0 | LD23: 0 | LE23: 0 | LF23: 0 | LG23: 0 | LH23: 0 | LI23: 0 | LJ23: 0 | LK23: 0 | LL23: 0 | LM23: 0 | LN23: 0 | LO23: 0 | LP23: 0 | LQ23: 0 | LR23: 0 | LS23: 0 | LT23: 0 | LU23: 0 | LV23: 0 | LW23: 0 | LX23: 0 | LY23: 0 | LZ23: 0 | MA23: 0 | MB23: 0 | MC23: 0 | MD23: 0 | ME23: 0 | MF23: 0 | MG23: 0 | MH23: 0 | MI23: 0 | MJ23: 0 | MK23: 0 | ML23: 0 | MM23: 0 | MN23: 0 | MO23: 0 | MP23: 0 | MQ23: 0 | MR23: 0 | MS23: 0 | MT23: 0 | MU23: 0 | MV23: 0 | MW23: 0 | MX23: 0 | MY23: 0 | MZ23: 0 | NA23: 0 | NB23: 0 | NC23: 0 | ND23: 0 | NE23: 0 | NF23: 0 | NG23: 0 | NH23: 0 | NI23: 0 | NJ23: 0 | NK23: 0 | NL23: 0 | NM23: 0 | NN23: 0 | NO23: 0 | NP23: 0 | NQ23: 0 | NR23: 0 | NS23: 0 | NT23: 0 | NU23: 0 | NV23: 0 | NW23: 0 | NX23: 0 | NY23: 0 | NZ23: 0 | OA23: 0 | OB23: 0 | OC23: 0 | OD23: 0 | OE23: 0 | OF23: 0 | OG23: 0 | OH23: 0 | OI23: 0 | OJ23: 0 | OK23: 0 | OL23: 0 | OM23: 0 | ON23: 0 | OO23: =SUM(E23:ON23)-SUM(NT23:NW23)-SUM(NZ23:OE23) -> 0
D24: REGIMEN ESPECIAL | E24: 0 | F24: 0 | G24: 0 | H24: 0 | I24: 0 | J24: 0 | K24: 0 | L24: 0 | M24: 0 | N24: 0 | O24: 0 | P24: 0 | Q24: 0 | R24: 0 | S24: 0 | T24: 0 | U24: 0 | V24: 0 | W24: 0 | X24: 0 | Y24: 0 | Z24: 0 | AA24: 0 | AB24: 0 | AC24: 0 | AD24: 0 | AE24: 0 | AF24: 0 | AG24: 0 | AH24: 0 | AI24: 0 | AJ24: 0 | AK24: 0 | AL24: 0 | AM24: 0 | AN24: 0 | AO24: 0 | AP24: 0 | AQ24: 0 | AR24: 0 | AS24: 0 | AT24: 0 | AU24: 0 | AV24: 0 | AW24: 0 | AX24: 0 | AY24: 0 | AZ24: 0 | BA24: 0 | BB24: 0 | BC24: 0 | BD24: 0 | BE24: 0 | BF24: 0 | BG24: 0 | BH24: 0 | BI24: 0 | BJ24: 0 | BK24: 0 | BL24: 0 | BM24: 0 | BN24: 0 | BO24: 0 | BP24: 0 | BQ24: 0 | BR24: 0 | BS24: 0 | BT24: 0 | BU24: 0 | BV24: 0 | BW24: 0 | BX24: 0 | BY24: 0 | BZ24: 0 | CA24: 0 | CB24: 0 | CC24: 0 | CD24: 0 | CE24: 0 | CF24: 0 | CG24: 0 | CH24: 0 | CI24: 0 | CJ24: 0 | CK24: 0 | CL24: 0 | CM24: 0 | CN24: 0 | CO24: 0 | CP24: 0 | CQ24: 0 | CR24: 0 | CS24: 0 | CT24: 0 | CU24: 0 | CV24: 0 | CW24: 0 | CX24: 0 | CY24: 0 | CZ24: 0 | DA24: 0 | DB24: 0 | DC24: 0 | DD24: 0 | DE24: 0 | DF24: 0 | DG24: 0 | DH24: 0 | DI24: 0 | DJ24: 0 | DK24: 0 | DL24: 0 | DM24: 0 | DN24: 0 | DO24: 0 | DP24: 0 | DQ24: 0 | DR24: 0 | DS24: 0 | DT24: 0 | DU24: 0 | DV24: 0 | DW24: 0 | DX24: 0 | DY24: 0 | DZ24: 0 | EA24: 0 | EB24: 0 | EC24: 0 | ED24: 0 | EE24: 0 | EF24: 0 | EG24: 0 | EH24: 0 | EI24: 0 | EJ24: 0 | EK24: 0 | EL24: 0 | EM24: 0 | EN24: 0 | EO24: 0 | EP24: 0 | EQ24: 0 | ER24: 0 | ES24: 0 | ET24: 0 | EU24: 0 | EV24: 0 | EW24: 0 | EX24: 0 | EY24: 0 | EZ24: 0 | FA24: 0 | FB24: 0 | FC24: 0 | FD24: 0 | FE24: 0 | FF24: 0 | FG24: 0 | FH24: 0 | FI24: 0 | FJ24: 0 | FK24: 0 | FL24: 0 | FM24: 0 | FN24: 0 | FO24: 0 | FP24: 0 | FQ24: 0 | FR24: 0 | FS24: 0 | FT24: 0 | FU24: 0 | FV24: 0 | FW24: 0 | FX24: 0 | FY24: 0 | FZ24: 0 | GA24: 0 | GB24: 0 | GC24: 0 | GD24: 0 | GE24: 0 | GF24: 0 | GG24: 0 | GH24: 0 | GI24: 0 | GJ24: 0 | GK24: 0 | GL24: 0 | GM24: 0 | GN24: 0 | GO24: 0 | GP24: 0 | GQ24: 0 | GR24: 0 | GS24: 0 | GT24: 0 | GU24: 0 | GV24: 0 | GW24: 0 | GX24: 0 | GY24: 0 | GZ24: 0 | HA24: 0 | HB24: 0 | HC24: 0 | HD24: 0 | HE24: 0 | HF24: 0 | HG24: 0 | HH24: 0 | HI24: 0 | HJ24: 0 | HK24: 0 | HL24: 0 | HM24: 0 | HN24: 0 | HO24: 0 | HP24: 0 | HQ24: 0 | HR24: 0 | HS24: 0 | HT24: 0 | HU24: 0 | HV24: 0 | HW24: 0 | HX24: 0 | HY24: 0 | HZ24: 0 | IA24: 0 | IB24: 0 | IC24: 0 | ID24: 0 | IE24: 0 | IF24: 0 | IG24: 0 | IH24: 0 | II24: 0 | IJ24: 0 | IK24: 0 | IL24: 0 | IM24: 0 | IN24: 0 | IO24: 0 | IP24: 0 | IQ24: 0 | IR24: 0 | IS24: 0 | IT24: 0 | IU24: 0 | IV24: 0 | IW24: 0 | IX24: 0 | IY24: 0 | IZ24: 0 | JA24: 0 | JB24: 0 | JC24: 0 | JD24: 0 | JE24: 0 | JF24: 0 | JG24: 0 | JH24: 0 | JI24: 0 | JJ24: 0 | JK24: 0 | JL24: 0 | JM24: 0 | JN24: 0 | JO24: 0 | JP24: 0 | JQ24: 0 | JR24: 0 | JS24: 0 | JT24: 0 | JU24: 0 | JV24: 0 | JW24: 0 | JX24: 0 | JY24: 0 | JZ24: 0 | KA24: 0 | KB24: 0 | KC24: 0 | KD24: 0 | KE24: 0 | KF24: 0 | KG24: 0 | KH24: 0 | KI24: 0 | KJ24: 0 | KK24: 0 | KL24: 0 | KM24: 0 | KN24: 0 | KO24: 0 | KP24: 0 | KQ24: 0 | KR24: 0 | KS24: 0 | KT24: 0 | KU24: 0 | KV24: 0 | KW24: 0 | KX24: 0 | KY24: 0 | KZ24: 0 | LA24: 0 | LB24: 0 | LC24: 0 | LD24: 0 | LE24: 0 | LF24: 0 | LG24: 0 | LH24: 0 | LI24: 0 | LJ24: 0 | LK24: 0 | LL24: 0 | LM24: 0 | LN24: 0 | LO24: 0 | LP24: 0 | LQ24: 0 | LR24: 0 | LS24: 0 | LT24: 0 | LU24: 0 | LV24: 0 | LW24: 0 | LX24: 0 | LY24: 0 | LZ24: 0 | MA24: 0 | MB24: 0 | MC24: 0 | MD24: 0 | ME24: 0 | MF24: 0 | MG24: 0 | MH24: 0 | MI24: 0 | MJ24: 0 | MK24: 0 | ML24: 0 | MM24: 0 | MN24: 0 | MO24: 0 | MP24: 0 | MQ24: 0 | MR24: 0 | MS24: 0 | MT24: 0 | MU24: 0 | MV24: 0 | MW24: 0 | MX24: 0 | MY24: 0 | MZ24: 0 | NA24: 0 | NB24: 0 | NC24: 0 | ND24: 0 | NE24: 0 | NF24: 0 | NG24: 0 | NH24: 0 | NI24: 0 | NJ24: 0 | NK24: 0 | NL24: 0 | NM24: 0 | NN24: 0 | NO24: 0 | NP24: 0 | NQ24: 0 | NR24: 0 | NS24: 0 | NT24: 0 | NU24: 0 | NV24: 0 | NW24: 0 | NX24: 0 | NY24: 0 | NZ24: 0 | OA24: 0 | OB24: 0 | OC24: 0 | OD24: 0 | OE24: 0 | OF24: 0 | OG24: 0 | OH24: 0 | OI24: 0 | OJ24: 0 | OK24: 0 | OL24: 0 | OM24: 0 | ON24: 0 | OO24: =SUM(E24:ON24)-SUM(NT24:NW24)-SUM(NZ24:OE24) -> 0
D25: TOTAL REGIMEN | E25: =SUM(E21:E24) -> 0 | F25: =SUM(F21:F24) -> 0 | G25: =SUM(G21:G24) -> 0 | H25: =SUM(H21:H24) -> 0 | I25: =SUM(I21:I24) -> 0 | J25: =SUM(J21:J24) -> 0 | K25: =SUM(K21:K24) -> 0 | L25: =SUM(L21:L24) -> 0 | ... OO25: =SUM(OO21:OO24) -> 0
A26: 3 | B26: 004 | C26: MARZO | D26: FEMENINO | E26: 0 | F26: 0 | G26: 0 | H26: 0 | I26: 0 | J26: 0 | K26: 0 | L26: 0 | M26: 0 | N26: 0 | O26: 0 | P26: 0 | Q26: 0 | R26: 0 | S26: 0 | T26: 0 | U26: 0 | V26: 0 | W26: 0 | X26: 0 | Y26: 0 | Z26: 0 | AA26: 0 | AB26: 0 | AC26: 0 | AD26: 0 | AE26: 0 | AF26: 0 | AG26: 0 | AH26: 0 | AI26: 0 | AJ26: 0 | AK26: 0 | AL26: 0 | AM26: 0 | AN26: 0 | AO26: 0 | AP26: 0 | AQ26: 0 | AR26: 0 | AS26: 0 | AT26: 0 | AU26: 0 | AV26: 0 | AW26: 0 | AX26: 0 | AY26: 0 | AZ26: 0 | BA26: 0 | BB26: 0 | BC26: 0 | BD26: 0 | BE26: 0 | BF26: 0 | BG26: 0 | BH26: 0 | BI26: 0 | BK26: 0 | BL26: 0 | BM26: 0 | BN26: 0 | BO26: 0 | BP26: 0 | BQ26: 0 | BR26: 0 | BS26: 0 | BT26: 0 | BU26: 0 | BV26: 0 | BW26: 0 | BX26: 0 | BY26: 0 | BZ26: 0 | CA26: 0 | CB26: 0 | CC26: 0 | CD26: 0 | CE26: 0 | CF26: 0 | CG26: 0 | CH26: 0 | CI26: 0 | CJ26: 0 | CK26: 0 | CL26: 0 | CM26: 0 | CN26: 0 | CO26: 0 | CP26: 0 | CQ26: 0 | CR26: 0 | CS26: 0 | CT26: 0 | CU26: 0 | CV26: 0 | CW26: 0 | CX26: 0 | CY26: 0 | CZ26: 0 | DA26: 0 | DB26: 0 | DC26: 0 | DD26: 0 | DE26: 0 | DF26: 0 | DG26: 0 | DH26: 0 | DI26: 0 | DJ26: 0 | DK26: 0 | DL26: 0 | DM26: 0 | DN26: 0 | DO26: 0 | DP26: 0 | DQ26: 0 | DR26: 0 | DS26: 0 | DT26: 0 | DU26: 0 | DV26: 0 | DW26: 0 | DX26: 0 | DY26: 0 | DZ26: 0 | EA26: 0 | EB26: 0 | EC26: 0 | ED26: 0 | EE26: 0 | EF26: 0 | EG26: 0 | EH26: 0 | EI26: 0 | EJ26: 0 | EK26: 0 | EL26: 0 | EN26: 0 | EO26: 0 | EP26: 0 | EQ26: 0 | ER26: 0 | ES26: 0 | ET26: 0 | EU26: 0 | EV26: 0 | EW26: 0 | EX26: 0 | EY26: 0 | EZ26: 0 | FA26: 0 | FB26: 0 | FC26: 0 | FD26: 0 | FE26: 0 | FF26: 0 | FG26: 0 | FH26: 0 | FI26: 0 | FJ26: 0 | FK26: 0 | FL26: 0 | FM26: 0 | FN26: 0 | FO26: 0 | FP26: 0 | FQ26: 0 | FR26: 0 | FS26: 0 | FT26: 0 | FU26: 0 | FV26: 0 | FW26: 0 | FX26: 0 | FY26: 0 | FZ26: 0 | GA26: 0 | GB26: 0 | GC26: 0 | GD26: 0 | GE26: 0 | GF26: 0 | GG26: 0 | GH26: 0 | GI26: 0 | GJ26: 0 | GK26: 0 | GL26: 0 | GM26: 0 | GN26: 0 | GO26: 0 | GP26: 0 | GQ26: 0 | GR26: 0 | GS26: 0 | GT26: 0 | GU26: 0 | GV26: 0 | GW26: 0 | GX26: 0 | GY26: 0 | GZ26: 0 | HA26: 0 | HB26: 0 | HC26: 0 | HD26: 0 | HE26: 0 | HF26: 0 | HG26: 0 | HH26: 0 | HI26: 0 | HJ26: 0 | HK26: 0 | HL26: 0 | HM26: 0 | HN26: 0 | HO26: 0 | HP26: 0 | HQ26: 0 | HR26: 0 | HS26: 0 | HT26: 0 | HU26: 0 | HV26: 0 | HW26: 0 | HX26: 0 | HY26: 0 | HZ26: 0 | IA26: 0 | IB26: 0 | IC26: 0 | ID26: 0 | IE26: 0 | IF26: 0 | IG26: 0 | IH26: 0 | II26: 0 | IJ26: 0 | IK26: 0 | IL26: 0 | IM26: 0 | IN26: 0 | IO26: 0 | IP26: 0 | IQ26: 0 | IR26: 0 | IS26: 0 | IT26: 0 | IU26: 0 | IV26: 0 | IW26: 0 | IX26: 0 | IY26: 0 | IZ26: 0 | JA26: 0 | JB26: 0 | JC26: 0 | JD26: 0 | JE26: 0 | JF26: 0 | JG26: 0 | JH26: 0 | JI26: 0 | JJ26: 0 | JK26: 0 | JL26: 0 | JM26: 0 | JN26: 0 | JO26: 0 | JP26: 0 | JQ26: 0 | JR26: 0 | JS26: 0 | JT26: 0 | JU26: 0 | JV26: 0 | JW26: 0 | JX26: 0 | JY26: 0 | JZ26: 0 | KA26: 0 | KB26: 0 | KC26: 0 | KD26: 0 | KE26: 0 | KF26: 0 | KG26: 0 | KH26: 0 | KI26: 0 | KJ26: 0 | KK26: 0 | KL26: 0 | KM26: 0 | KN26: 0 | KO26: 0 | KP26: 0 | KQ26: 0 | KR26: 0 | KS26: 0 | KT26: 0 | KU26: 0 | KV26: 0 | KW26: 0 | KX26: 0 | KY26: 0 | KZ26: 0 | LA26: 0 | LB26: 0 | LC26: 0 | LD26: 0 | LE26: 0 | LF26: 0 | LG26: 0 | LH26: 0 | LI26: 0 | LJ26: 0 | LK26: 0 | LL26: 0 | LM26: 0 | LN26: 0 | LO26: 0 | LP26: 0 | LQ26: 0 | LR26: 0 | LS26: 0 | LT26: 0 | LU26: 0 | LV26: 0 | LW26: 0 | LX26: 0 | LY26: 0 | LZ26: 0 | MA26: 0 | MB26: 0 | MC26: 0 | MD26: 0 | ME26: 0 | MF26: 0 | MG26: 0 | MH26: 0 | MI26: 0 | MJ26: 0 | MK26: 0 | ML26: 0 | MM26: 0 | MN26: 0 | MO26: 0 | MP26: 0 | MQ26: 0 | MR26: 0 | MS26: 0 | MT26: 0 | MU26: 0 | MV26: 0 | MW26: 0 | MX26: 0 | MY26: 0 | MZ26: 0 | NA26: 0 | NB26: 0 | NC26: 0 | ND26: 0 | NE26: 0 | NF26: 0 | NG26: 0 | NH26: 0 | NI26: 0 | NJ26: 0 | NK26: 0 | NL26: 0 | NM26: 0 | NN26: 0 | NO26: 0 | NP26: 0 | NQ26: 0 | NR26: 0 | NS26: 0 | NT26: 0 | NU26: 0 | NV26: 0 | NW26: 0 | NX26: 0 | NY26: 0 | NZ26: 0 | OA26: 0 | OB26: 0 | OC26: 0 | OD26: 0 | OE26: 0 | OF26: 0 | OG26: 0 | OH26: 0 | OI26: 0 | OJ26: 0 | OK26: 0 | OL26: 0 | OM26: 0 | ON26: 0 | OO26: =SUM(E26:ON26)-SUM(NT26:NW26)-SUM(NZ26:OE26) -> 0
