Workbook

Sheet CLASF. PERDIDAS
A2: CLASIFICACIÓN DE MOTIVOS DE PERDIDAS
A3: MOVIMIENTO DE BIOLÓGICOS (MB) VS PAIWEB
B5: MOTIVO DE PERDIDA MOVIMIENTO DE BIOLÓGICO | C5: MOTIVO DE PERDIDA PAIWEB
A6: 1 | B6: POR FRASCO ABIERTO INSTITUCIONAL | C6: PAI - Política de frascos abiertos intramural (Verificar lo contenido en la Circular 26 del 01 de agosto de 2017).
B7: POR FRASCO ABIERTO EXTRAMURAL | C7: PAI - Política de frasco abierto extramural (Verificar lo contenido en la Circular 26 del 01 de agosto de 2017).
A8: 2 | B8: INTERRUPCIÓN DE CADENA DE FRÍO | C8: PAI - Pérdida de cadena de frío.
C9: PAI - Por excursión temperatura.
C10: PEDIDOS - Interrupción de cadena de frío en el transporte o en el lugar de la recepción.
A11: 3 | B11: CONTAMINACION DEL BIOLÓGICO/DISPOSITIVO MÉDICO | C11: PAI - Contaminación del biológico o dispositivo en la cadena de distribución que no incluya la manipulación (ejemplo: accidente en el transporte que representa que la vacuna se salga de su contenedor sin ruptura, pero si exposición con agentes contaminantes).
A12: 4 | B12: VIAL ROTO | C12: PAI - Frasco vial roto (aplica para viales, jeringas prellenadas y diluyentes)
C13: PEDIDOS - Frasco de biológico roto en recepción (aplica para viales, jeringas prellenadas y diluyentes)
A14: 5 | B14: ERRORES EN LA MANIPULACIÓN | C14: PAI - Derrame de biológico o diluyente en la prepara
C15: PAI - Derrame del biológico o diluyente en la aplición
C16: PAI - Contaminación dispositivo médico x manipulación
C17: PAI - Anulación por error al diligenciamiento
C18: PAI - Error en la dosificación sobre o subdosificación
C19: PAI - Reconstitución de vacuna
C20: PAI - Error en la reconstitución - jeringa
A21: 6 | B21: VENCIMIENTO DEL BIOLÓGICO O JERINGA | C21: PAI - Vencimiento de biológico
C22: PAI - Vencimiento de diluyente
C23: PAI - Vencimiento de jeringa
C24: PAI - Excede días de almacenamiento permitidos por reconstitución del biológico según el laboratorio fabricante.
A25: 7 | B25: FARMACOVIGILANCIA/ TECNOVIGILANCIA | C25: PAI - Defectos de fabricación dispositivos médicos (ejemplo: desprendimiento de agujas, mal sellamiento del embolo, etc.)
C26: PAI - Defectos de fabricación en biológicos
C27: PAI - Por reacción alérgica a biológicos
C28: PAI - Rendimiento menor a la presentación
A29: 8 | B29: VOMITO FRANCO | C29: PAI - Vómito franco por a administración de vacunas por vía oral
A30: 9 | B30: APLICACIÓN FUERA DE LA EDAD | C30: PAI - Aplicación fuera de edad
C31: PAI - Revacunación
A32: 10 | B32: POR DECISIÓN FINAL DEL PACIENTE DE NO VACUNACIÓN | C32: PAI - Reconstitución o alistamiento de la vacuna posterior al diligenciamiento del consentimiento informado con decisión final de no vacunación por parte del paciente o adulto responsable.
C33: PAI - Jeringa o insumo utilizado en la reconstitución o alistamiento de la vacuna en el contexto de este punto.
A34: 11 | B34: SINIESTRO O ROBO | C34: PAI - Robo de biológico
C35: PAI - Robo de jeringa
C36: PAI - Siniestro
A39: MOTIVOS DE PÉRDIDAS DE VACUNAS CONTRA LA COVID-19 RESOLUCIÓN 0986 DEL 21 DE JUNIO DE 2023 DISPONIBLE EN EL SIGUIENTE LINK: chrome-extension://efaidnbmnnnibpcajpcglclefindmkaj/https://www.minsalud.gov.co/Normatividad_Nuevo/Resoluci%C3%B3n%20No.%20986%20de%202023.pdf
A40: MOVIMIENTO DE BIOLÓGICOS (MB) VS PAIWEB
A42: ÍTEM | B42: MOTIVO DE PERDIDA MOVIMIENTO DE BIOLÓGICO | C42: MOTIVO DE PERDIDA PAIWEB
A43: =+[1]Hoja1!$C$3 -> 1 | B43: POLÍTICA DE FRASCOS ABIERTO | C43: Dosis pérdidas de acuerdo con las indicaciones del laboratorio productor en la estrategia intramural o extramural.
A44: =+[1]Hoja1!$C4 -> 2 | B44: INTERRUPCIÓN DE LA CADENA DE FRÍO | C44: Vacuna COVID-19 con concepto técnico de NO USO por parte del INVIMA.
A45: =+[1]Hoja1!$C5 -> 3 | B45: CONTAMINACIÓN DEL BIOLÓGICO | C45: Corresponde a la cantidad de dosis pérdidas debido a que el vial se contaminó durante el proceso de almacenamiento, alistamiento, envasado, aplicación de la vacuna COVID-19, entre otras, inmersión del vial, agujas permanentes insertadas sobre el tapón del frasco, mala manipulación.
A46: =+[1]Hoja1!$C6 -> 4 | B46: ERROR EN LA MANIPULACIÓN | C46: Corresponde a la aguja mal empatada que provoca pérdida del producto. Derrame o ruptura del biológico durante el alistamiento, reconstitución o administración. Partículas extrañas del tapón al interior del frasco/vial que se identifican posterior al proceso de reconstitución.
A47: =+[1]Hoja1!$C7 -> 5 | B47: ERROR EN LA RECONSTITUCIÓN/DILUCIÓN | C47: Vacuna COVID-19 reconstituida o diluida con diluyente que no le corresponde de acuerdo a las indicaciones del fabricante. Reconstitución o dilución con menor o mayor cantidad de mililitros a los indicados por el fabricante.
A48: =+[1]Hoja1!$C8 -> 6 | B48: ERROR EN LA DOSIFICACIÓN | C48: Corresponde a la persona vacunada contra COVID-19 con mayor o menor cantidad de dosis aplicada respecto a la indicación farmacéutica y los lineamientos nacionales.
A49: =+[1]Hoja1!$C9 -> 7 | B49: VACUNA QUE EXCEDE EL TIEMPO DE ALMACENAMIENTO EN REFRIGERACIÓN | C49: Corresponde a la vacuna que superó los días de almacenamiento en temperaturas de refrigeración de acuerdo a las indicaciones del laboratorio fabricante.
A50: =+[1]Hoja1!$C10 -> 8 | B50: VENCIMIENTO DEL BIOLÓGICO | C50: Corresponde a la vacuna que expiró (venció) de acuerdo con lo registrado en la etiqueta del producto.
A51: =+[1]Hoja1!$C11 -> 9 | B51: FRASCO VIAL ROTO | C51: Corresponde a las dosis de un (unos) viales identificados roto o fracturados durante el proceso de transporte nacional, municipal, IPS o extramural.
A52: =+[1]Hoja1!$C12 -> 10 | B52: FALLAS DE FABRICACIÓN/CALIDAD | C52: Corresponde a frasco/vial de vacuna COVID-19 sin producto, sin etiqueta, cambios de coloración del producto, partículas dentro del vial identificadas previas a la reconstitución, caja incompleta u otros aspectos del producto diferentes al indicado por el fabricante.
A53: 11 | B53: POR DECISIÓN FINAL DEL PACIENTE DE NO VACUNACIÓN | C53: PAI - Reconstitución o alistamiento de la vacuna posterior al consentimiento con decisión final de no vacunación.
C54: PAI - Jeringa o insumo utilizado en la reconstitución o alistamiento de la vacuna en este punto.
A55: 12 | B55: SINIESTRO/ACCIDENTE | C55: Vacuna pérdida en siniestros como inundaciones, incendios, desastres naturales, entre otros.
A56: 13 | B56: ROBO/HURTO BIOLÓGICO | C56: Vacuna COVID-19 que fue hurtada durante el almacenamiento, transporte, distribución a nivel departamental, municipal, IPS o extramural.
A57: 14 | B57: DOSIS QUE NO CUENTAN CON SOPORTE | C57: Corresponde a dosis no soportadas, que no cuentan con algún tipo de registro o soporte de aplicación, registro en inventario o presentado alguna de las otras 12 causales.

Sheet Enero
A1: MUNICIPIOS / IPS VACUNADORAS
A2: ÍTEM | B2: INSUMOS | D2: SALDO MES ANTERIOR | E2: BIOLÓGICO RECIBIDO DEL CENTRO DE ACOPIO DEPARTAMENTAL / DISTRITAL | F2: DOSIS APLICADAS | H2: Entradas | I2: Salidas | J2: TOTAL DOSIS APLICADAS | K2: DOSIS PERDIDAS | L2: TOTAL DOSIS ÚTILIZADAS EN EL MES | M2: SALDO QUE INICIA EL MES SIGUIENTE (SOLO MUNICIPIOS) | N2: DOSIS POR LOTES | O2: No. LOTE | P2: LABORATORIO | Q2: FECHA DE VENCIMIENTO | R2: SEMAFORIZACION VIDA ÚTIL DEL BIOLÓGICO | S2: CONDICIÓN FINAL DEL BIOLÓGICO, DILUYENTE Y CARNET | T2: DOSIS EN CUARENTENA | U2: LABORATORIO | V2: No. LOTE | W2: FECHA DE VENCIMEINTO | X2: FECHA DE INICIO CUARENTENA | Y2: PORCENTAJE DE PERDIDA DEL MES | Z2: OBSERVACIONES | AB2: CAUSAS PERDIDA DE BIOLÓGICOS (Remítase a la primera hoja donde se especifica la clasificación de las perdidas) | AO2: TOTAL DOSIS PERDIDAS
F3: DOSIS APLICADAS COLOMBIANOS | G3: DOSIS APLICADAS EXTRANJEROS | H3: DOSIS INGRESADAS POR TRASLADOS DE MUNICIPIOS O IPS | I3: DOSIS TRASLADADAS A OTROS MUNICIPIOS O IPS | AB3: 1 | AE3: 2 | AF3: 3 | AG3: 4 | AH3: 5 | AI3: 6 | AJ3: 7 | AK3: 8 | AL3: 9 | AM3: 10 | AN3: 11
AB4: POLÍTICA DE FRASCOS ABIERTO | AE4: INTERRUPCIÓN DE CADENA DE FRÍO | AF4: CONTAMINACION DEL BIOLÓGICO/DISPOSITIVO MÉDICO | AG4: VIAL ROTO | AH4: ERRORES EN LA MANIPULACIÓN | AI4: VENCIMIENTO DEL BIOLÓGICO O JERINGA | AJ4: FARMACOVIGILANCIA / TECNOVIGILANCIA | AK4: VOMITO FRANCO | AL4: APLICACIÓN FUERA DE LA EDAD | AM4: POR DECISIÓN FINAL DEL PACIENTE DE NO VACUNACIÓN | AN4: SINIESTRO O ROBO
AB5: INSTITUCIONAL | AC5: EXTRAMURAL | AD5: TOTAL
A6: 1 | B6: Vacuna de BCG (Bacilo de Calmette y Guérin) Liofilizada | D6: 390 | F6: 49 | J6: =+F6+G6 -> 49 | K6: =+AO6 -> 251 | L6: =+J6+K6 -> 300 | M6: =+(D6+E6)-(L6)+H6-I6 -> 90 | N6: 90 | O6: 0374MA071 | Q6: 12/026 | R6: =IF(Q6=0," ",IFERROR(IF(DATEDIF(TODAY(),Q6,"M")<=5,"ROJO",IF(DATEDIF(TODAY(),Q6,"M")>=12,"VERDE",IF(AND(DATEDIF(TODAY(),Q6,"M")>=6,DATEDIF(TODAY(),Q6,"M")<=11),"AMARILLO"))),S6)) -> NO VENCIDO | S6: =IF(Q6=0," ",IF(Q6<=$N$5,"VENCIDO","NO VENCIDO")) -> NO VENCIDO | Y6: =+AT6 -> 0 | AB6: 115 | AC6: 136 | AD6: =+AB6+AC6 -> 251 | AO6: =SUM(AD6:AN10) -> 251
R7: =IF(Q7=0," ",IFERROR(IF(DATEDIF(TODAY(),Q7,"M")<=5,"ROJO",IF(DATEDIF(TODAY(),Q7,"M")>=12,"VERDE",IF(AND(DATEDIF(TODAY(),Q7,"M")>=6,DATEDIF(TODAY(),Q7,"M")<=11),"AMARILLO"))),S7)) | S7: =IF(Q7=0," ",IF(Q7<=$N$5,"VENCIDO","NO VENCIDO"))
R8: =IF(Q8=0," ",IFERROR(IF(DATEDIF(TODAY(),Q8,"M")<=5,"ROJO",IF(DATEDIF(TODAY(),Q8,"M")>=12,"VERDE",IF(AND(DATEDIF(TODAY(),Q8,"M")>=6,DATEDIF(TODAY(),Q8,"M")<=11),"AMARILLO"))),S8)) | S8: =IF(Q8=0," ",IF(Q8<=$N$5,"VENCIDO","NO VENCIDO"))
R9: =IF(Q9=0," ",IFERROR(IF(DATEDIF(TODAY(),Q9,"M")<=5,"ROJO",IF(DATEDIF(TODAY(),Q9,"M")>=12,"VERDE",IF(AND(DATEDIF(TODAY(),Q9,"M")>=6,DATEDIF(TODAY(),Q9,"M")<=11),"AMARILLO"))),S9)) | S9: =IF(Q9=0," ",IF(Q9<=$N$5,"VENCIDO","NO VENCIDO"))
R10: =IF(Q10=0," ",IFERROR(IF(DATEDIF(TODAY(),Q10,"M")<=5,"ROJO",IF(DATEDIF(TODAY(),Q10,"M")>=12,"VERDE",IF(AND(DATEDIF(TODAY(),Q10,"M")>=6,DATEDIF(TODAY(),Q10,"M")<=11),"AMARILLO"))),S10)) | S10: =IF(Q10=0," ",IF(Q10<=$N$5,"VENCIDO","NO VENCIDO"))
M11: =M6=N11 -> TRUE | N11: =SUM(N6:N10) -> 90 | O11: “Verdadero” indica que la cantidad por lote, coincide con el saldo que inicia al mes siguiente. "Falso" no coinicide. | T11: =SUM(T6:T10) -> 0
A12: =A6+1 -> 2 | B12: Vacuna de Hepatitis B Recombinante Pediátrica - Liquida | D12: 160 | F12: 42 | J12: =+F12+G12 -> 42 | K12: =+AO12 -> 0 | L12: =+J12+K12 -> 42 | M12: =+(D12+E12)-(L12)+H12-I12 -> 118 | N12: 118 | O12: 0324L013B | Q12: 46692 | R12: =IF(Q12=0," ",IFERROR(IF(DATEDIF(TODAY(),Q12,"M")<=5,"ROJO",IF(DATEDIF(TODAY(),Q12,"M")>=12,"VERDE",IF(AND(DATEDIF(TODAY(),Q12,"M")>=6,DATEDIF(TODAY(),Q12,"M")<=11),"AMARILLO"))),S12)) -> VERDE | S12: =IF(Q12=0," ",IF(Q12<=$N$5,"VENCIDO","NO VENCIDO")) -> NO VENCIDO | Y12: =+AT12 -> 0 | AD12: =+AB12+AC12 -> 0 | AO12: =SUM(AD12:AN16) -> 0
R13: =IF(Q13=0," ",IFERROR(IF(DATEDIF(TODAY(),Q13,"M")<=5,"ROJO",IF(DATEDIF(TODAY(),Q13,"M")>=12,"VERDE",IF(AND(DATEDIF(TODAY(),Q13,"M")>=6,DATEDIF(TODAY(),Q13,"M")<=11),"AMARILLO"))),S13)) | S13: =IF(Q13=0," ",IF(Q13<=$N$5,"VENCIDO","NO VENCIDO"))
R14: =IF(Q14=0," ",IFERROR(IF(DATEDIF(TODAY(),Q14,"M")<=5,"ROJO",IF(DATEDIF(TODAY(),Q14,"M")>=12,"VERDE",IF(AND(DATEDIF(TODAY(),Q14,"M")>=6,DATEDIF(TODAY(),Q14,"M")<=11),"AMARILLO"))),S14)) | S14: =IF(Q14=0," ",IF(Q14<=$N$5,"VENCIDO","NO VENCIDO"))
R15: =IF(Q15=0," ",IFERROR(IF(DATEDIF(TODAY(),Q15,"M")<=5,"ROJO",IF(DATEDIF(TODAY(),Q15,"M")>=12,"VERDE",IF(AND(DATEDIF(TODAY(),Q15,"M")>=6,DATEDIF(TODAY(),Q15,"M")<=11),"AMARILLO"))),S15)) | S15: =IF(Q15=0," ",IF(Q15<=$N$5,"VENCIDO","NO VENCIDO"))
R16: =IF(Q16=0," ",IFERROR(IF(DATEDIF(TODAY(),Q16,"M")<=5,"ROJO",IF(DATEDIF(TODAY(),Q16,"M")>=12,"VERDE",IF(AND(DATEDIF(TODAY(),Q16,"M")>=6,DATEDIF(TODAY(),Q16,"M")<=11),"AMARILLO"))),S16)) | S16: =IF(Q16=0," ",IF(Q16<=$N$5,"VENCIDO","NO VENCIDO"))
M17: =M12=N17 -> TRUE | N17: =SUM(N12:N16) -> 118 | O17: “Verdadero” indica que la cantidad por lote, coincide con el saldo que inicia al mes siguiente. "Falso" no coinicide. | T17: =SUM(T12:T16) -> 0
A18: =A12+1 -> 3 | B18: Vacuna de Hepatitis B Recombinante Adultos - Liquida | D18: 21 | F18: 5 | J18: =+F18+G18 -> 5 | K18: =+AO18 -> 0 | L18: =+J18+K18 -> 5 | M18: =+(D18+E18)-(L18)+H18-I18 -> 16 | N18: 16 | O18: 0344X002C | Q18: 46539 | R18: =IF(Q18=0," ",IFERROR(IF(DATEDIF(TODAY(),Q18,"M")<=5,"ROJO",IF(DATEDIF(TODAY(),Q18,"M")>=12,"VERDE",IF(AND(DATEDIF(TODAY(),Q18,"M")>=6,DATEDIF(TODAY(),Q18,"M")<=11),"AMARILLO"))),S18)) -> AMARILLO | S18: =IF(Q18=0," ",IF(Q18<=$N$5,"VENCIDO","NO VENCIDO")) -> NO VENCIDO | Y18: =+AT18 -> 0 | AD18: =+AB18+AC18 -> 0 | AO18: =SUM(AD18:AN22) -> 0
R19: =IF(Q19=0," ",IFERROR(IF(DATEDIF(TODAY(),Q19,"M")<=5,"ROJO",IF(DATEDIF(TODAY(),Q19,"M")>=12,"VERDE",IF(AND(DATEDIF(TODAY(),Q19,"M")>=6,DATEDIF(TODAY(),Q19,"M")<=11),"AMARILLO"))),S19)) | S19: =IF(Q19=0," ",IF(Q19<=$N$5,"VENCIDO","NO VENCIDO"))
R20: =IF(Q20=0," ",IFERROR(IF(DATEDIF(TODAY(),Q20,"M")<=5,"ROJO",IF(DATEDIF(TODAY(),Q20,"M")>=12,"VERDE",IF(AND(DATEDIF(TODAY(),Q20,"M")>=6,DATEDIF(TODAY(),Q20,"M")<=11),"AMARILLO"))),S20)) | S20: =IF(Q20=0," ",IF(Q20<=$N$5,"VENCIDO","NO VENCIDO"))
R21: =IF(Q21=0," ",IFERROR(IF(DATEDIF(TODAY(),Q21,"M")<=5,"ROJO",IF(DATEDIF(TODAY(),Q21,"M")>=12,"VERDE",IF(AND(DATEDIF(TODAY(),Q21,"M")>=6,DATEDIF(TODAY(),Q21,"M")<=11),"AMARILLO"))),S21)) | S21: =IF(Q21=0," ",IF(Q21<=$N$5,"VENCIDO","NO VENCIDO"))
R22: =IF(Q22=0," ",IFERROR(IF(DATEDIF(TODAY(),Q22,"M")<=5,"ROJO",IF(DATEDIF(TODAY(),Q22,"M")>=12,"VERDE",IF(AND(DATEDIF(TODAY(),Q22,"M")>=6,DATEDIF(TODAY(),Q22,"M")<=11),"AMARILLO"))),S22)) | S22: =IF(Q22=0," ",IF(Q22<=$N$5,"VENCIDO","NO VENCIDO"))
M23: =M18=N23 -> TRUE | N23: =SUM(N18:N22) -> 16 | O23: “Verdadero” indica que la cantidad por lote, coincide con el saldo que inicia al mes siguiente. "Falso" no coinicide. | T23: =SUM(T18:T22) -> 0
A24: =A18+1 -> 4 | B24: Vacuna de Poliovirus Inactiva IPV - Liquida | D24: 730 | F24: 297 | J24: =+F24+G24 -> 297 | K24: =+AO24 -> 0 | L24: =+J24+K24 -> 297 | M24: =+(D24+E24)-(L24)+H24-I24 -> 433 | N24: 433 | O24: 2435007 | Q24: 46521 | R24: =IF(Q24=0," ",IFERROR(IF(DATEDIF(TODAY(),Q24,"M")<=5,"ROJO",IF(DATEDIF(TODAY(),Q24,"M")>=12,"VERDE",IF(AND(DATEDIF(TODAY(),Q24,"M")>=6,DATEDIF(TODAY(),Q24,"M")<=11),"AMARILLO"))),S24)) -> AMARILLO | S24: =IF(Q24=0," ",IF(Q24<=$N$5,"VENCIDO","NO VENCIDO")) -> NO VENCIDO | Y24: =+AT24 -> 0 | AD24: =+AB24+AC24 -> 0 | AO24: =SUM(AD24:AN28) -> 0
R25: =IF(Q25=0," ",IFERROR(IF(DATEDIF(TODAY(),Q25,"M")<=5,"ROJO",IF(DATEDIF(TODAY(),Q25,"M")>=12,"VERDE",IF(AND(DATEDIF(TODAY(),Q25,"M")>=6,DATEDIF(TODAY(),Q25,"M")<=11),"AMARILLO"))),S25)) | S25: =IF(Q25=0," ",IF(Q25<=$N$5,"VENCIDO","NO VENCIDO"))
R26: =IF(Q26=0," ",IFERROR(IF(DATEDIF(TODAY(),Q26,"M")<=5,"ROJO",IF(DATEDIF(TODAY(),Q26,"M")>=12,"VERDE",IF(AND(DATEDIF(TODAY(),Q26,"M")>=6,DATEDIF(TODAY(),Q26,"M")<=11),"AMARILLO"))),S26)) | S26: =IF(Q26=0," ",IF(Q26<=$N$5,"VENCIDO","NO VENCIDO"))
R27: =IF(Q27=0," ",IFERROR(IF(DATEDIF(TODAY(),Q27,"M")<=5,"ROJO",IF(DATEDIF(TODAY(),Q27,"M")>=12,"VERDE",IF(AND(DATEDIF(TODAY(),Q27,"M")>=6,DATEDIF(TODAY(),Q27,"M")<=11),"AMARILLO"))),S27)) | S27: =IF(Q27=0," ",IF(Q27<=$N$5,"VENCIDO","NO VENCIDO"))
R28: =IF(Q28=0," ",IFERROR(IF(DATEDIF(TODAY(),Q28,"M")<=5,"ROJO",IF(DATEDIF(TODAY(),Q28,"M")>=12,"VERDE",IF(AND(DATEDIF(TODAY(),Q28,"M")>=6,DATEDIF(TODAY(),Q28,"M")<=11),"AMARILLO"))),S28)) | S28: =IF(Q28=0," ",IF(Q28<=$N$5,"VENCIDO","NO VENCIDO"))
M29: =M24=N29 -> TRUE | N29: =SUM(N24:N28) -> 433 | O29: “Verdadero” indica que la cantidad por lote, coincide con el saldo que inicia al mes siguiente. "Falso" no coinicide. | T29: =SUM(T24:T28) -> 0
A30: =A24+1 -> 5 | B30: Vacuna de Difteria - Tos ferina (Celula completa) - Tétanos - Hepatitis B - Haemophilus influenzae tipo B (DTwP-HepB-Hib) PENTAVALENTE PEDIÁTRICA - Liquida | D30: 670 | F30: 249 | J30: =+F30+G30 -> 249 | K30: =+AO30 -> 0 | L30: =+J30+K30 -> 249 | M30: =+(D30+E30)-(L30)+H30-I30 -> 421 | N30: 421 | O30: 2854X041B | Q30: 46478 | R30: =IF(Q30=0," ",IFERROR(IF(DATEDIF(TODAY(),Q30,"M")<=5,"ROJO",IF(DATEDIF(TODAY(),Q30,"M")>=12,"VERDE",IF(AND(DATEDIF(TODAY(),Q30,"M")>=6,DATEDIF(TODAY(),Q30,"M")<=11),"AMARILLO"))),S30)) -> ROJO | S30: =IF(Q30=0," ",IF(Q30<=$N$5,"VENCIDO","NO VENCIDO")) -> NO VENCIDO | Y30: =+AT30 -> 0 | AD30: =+AB30+AC30 -> 0 | AO30: =SUM(AD30:AN34) -> 0
R31: =IF(Q31=0," ",IFERROR(IF(DATEDIF(TODAY(),Q31,"M")<=5,"ROJO",IF(DATEDIF(TODAY(),Q31,"M")>=12,"VERDE",IF(AND(DATEDIF(TODAY(),Q31,"M")>=6,DATEDIF(TODAY(),Q31,"M")<=11),"AMARILLO"))),S31)) | S31: =IF(Q31=0," ",IF(Q31<=$N$5,"VENCIDO","NO VENCIDO"))
R32: =IF(Q32=0," ",IFERROR(IF(DATEDIF(TODAY(),Q32,"M")<=5,"ROJO",IF(DATEDIF(TODAY(),Q32,"M")>=12,"VERDE",IF(AND(DATEDIF(TODAY(),Q32,"M")>=6,DATEDIF(TODAY(),Q32,"M")<=11),"AMARILLO"))),S32)) | S32: =IF(Q32=0," ",IF(Q32<=$N$5,"VENCIDO","NO VENCIDO"))
R33: =IF(Q33=0," ",IFERROR(IF(DATEDIF(TODAY(),Q33,"M")<=5,"ROJO",IF(DATEDIF(TODAY(),Q33,"M")>=12,"VERDE",IF(AND(DATEDIF(TODAY(),Q33,"M")>=6,DATEDIF(TODAY(),Q33,"M")<=11),"AMARILLO"))),S33)) | S33: =IF(Q33=0," ",IF(Q33<=$N$5,"VENCIDO","NO VENCIDO"))
R34: =IF(Q34=0," ",IFERROR(IF(DATEDIF(TODAY(),Q34,"M")<=5,"ROJO",IF(DATEDIF(TODAY(),Q34,"M")>=12,"VERDE",IF(AND(DATEDIF(TODAY(),Q34,"M")>=6,DATEDIF(TODAY(),Q34,"M")<=11),"AMARILLO"))),S34)) | S34: =IF(Q34=0," ",IF(Q34<=$N$5,"VENCIDO","NO VENCIDO"))
M35: =M30=N35 -> TRUE | N35: =SUM(N30:N34) -> 421 | O35: “Verdadero” indica que la cantidad por lote, coincide con el saldo que inicia al mes siguiente. "Falso" no coinicide. | T35: =SUM(T30:T34) -> 0
A36: =A30+1 -> 6 | B36: Vacuna de Difteria - Tétanos - Tos ferina acelular - Poliovirus inactivado - Hepatitis B - Haemophilus influenzae tipo B (DTaP-IPV-HepB-Hib (HEXAVALENTE ACELULAR) - Liquida | D36: 3 | J36: =+F36+G36 -> 0 | K36: =+AO36 -> 0 | L36: =+J36+K36 -> 0 | M36: =+(D36+E36)-(L36)+H36-I36 -> 3 | N36: 3 | O36: Y3C49 | Q36: 46784 | R36: =IF(Q36=0," ",IFERROR(IF(DATEDIF(TODAY(),Q36,"M")<=5,"ROJO",IF(DATEDIF(TODAY(),Q36,"M")>=12,"VERDE",IF(AND(DATEDIF(TODAY(),Q36,"M")>=6,DATEDIF(TODAY(),Q36,"M")<=11),"AMARILLO"))),S36)) -> VERDE | S36: =IF(Q36=0," ",IF(Q36<=$N$5,"VENCIDO","NO VENCIDO")) -> NO VENCIDO | Y36: =+AT36 -> 0 | AD36: =+AB36+AC36 -> 0 | AO36: =SUM(AD36:AN40) -> 0
R37: =IF(Q37=0," ",IFERROR(IF(DATEDIF(TODAY(),Q37,"M")<=5,"ROJO",IF(DATEDIF(TODAY(),Q37,"M")>=12,"VERDE",IF(AND(DATEDIF(TODAY(),Q37,"M")>=6,DATEDIF(TODAY(),Q37,"M")<=11),"AMARILLO"))),S37)) | S37: =IF(Q37=0," ",IF(Q37<=$N$5,"VENCIDO","NO VENCIDO"))
R38: =IF(Q38=0," ",IFERROR(IF(DATEDIF(TODAY(),Q38,"M")<=5,"ROJO",IF(DATEDIF(TODAY(),Q38,"M")>=12,"VERDE",IF(AND(DATEDIF(TODAY(),Q38,"M")>=6,DATEDIF(TODAY(),Q38,"M")<=11),"AMARILLO"))),S38)) | S38: =IF(Q38=0," ",IF(Q38<=$N$5,"VENCIDO","NO VENCIDO"))
R39: =IF(Q39=0," ",IFERROR(IF(DATEDIF(TODAY(),Q39,"M")<=5,"ROJO",IF(DATEDIF(TODAY(),Q39,"M")>=12,"VERDE",IF(AND(DATEDIF(TODAY(),Q39,"M")>=6,DATEDIF(TODAY(),Q39,"M")<=11),"AMARILLO"))),S39)) | S39: =IF(Q39=0," ",IF(Q39<=$N$5,"VENCIDO","NO VENCIDO"))
R40: =IF(Q40=0," ",IFERROR(IF(DATEDIF(TODAY(),Q40,"M")<=5,"ROJO",IF(DATEDIF(TODAY(),Q40,"M")>=12,"VERDE",IF(AND(DATEDIF(TODAY(),Q40,"M")>=6,DATEDIF(TODAY(),Q40,"M")<=11),"AMARILLO"))),S40)) | S40: =IF(Q40=0," ",IF(Q40<=$N$5,"VENCIDO","NO VENCIDO"))
M41: =M36=N41 -> TRUE | N41: =SUM(N36:N40) -> 3 | O41: “Verdadero” indica que la cantidad por lote, coincide con el saldo que inicia al mes siguiente. "Falso" no coinicide. | T41: =SUM(T36:T40) -> 0
A42: =A36+1 -> 7 | B42: Vacuna de Difteria - Tos ferina (celula completa)- Tétanos - Hepatitis B - Haemophilus influenzae tipo B - Poliovirus inactivado (DTwP-HepB-Hib-IPV) - HEXAVALENTE DE CÉLULAS COMPLETAS - Liquida | J42: =+F42+G42 -> 0 | K42: =+AO42 -> 0 | L42: =+J42+K42 -> 0 | M42: =+(D42+E42)-(L42)+H42-I42 -> 0 | Y42: =+AT42 -> 0 | AD42: =+AB42+AC42 -> 0 | AO42: =SUM(AD42:AN46) -> 0
M47: =M42=N47 -> TRUE | N47: =SUM(N42:N46) -> 0 | O47: “Verdadero” indica que la cantidad por lote, coincide con el saldo que inicia al mes siguiente. "Falso" no coinicide. | T47: =SUM(T42:T46) -> 0
A48: =A42+1 -> 8 | B48: Vacuna de Difteria, Tétano y Tosferina (DPT)- Liquida | D48: 200 | F48: 55 | J48: =+F48+G48 -> 55 | K48: =+AO48 -> 37 | L48: =+J48+K48 -> 92 | M48: =+(D48+E48)-(L48)+H48-I48 -> 108 | N48: 108 | O48: 22110062AA | Q48: 46327 | R48: =IF(Q48=0," ",IFERROR(IF(DATEDIF(TODAY(),Q48,"M")<=5,"ROJO",IF(DATEDIF(TODAY(),Q48,"M")>=12,"VERDE",IF(AND(DATEDIF(TODAY(),Q48,"M")>=6,DATEDIF(TODAY(),Q48,"M")<=11),"AMARILLO"))),S48)) -> ROJO | S48: =IF(Q48=0," ",IF(Q48<=$N$5,"VENCIDO","NO VENCIDO")) -> NO VENCIDO | Y48: =+AT48 -> 0 | AC48: 37 | AD48: =+AB48+AC48 -> 37 | AO48: =SUM(AD48:AN52) -> 37
R49: =IF(Q49=0," ",IFERROR(IF(DATEDIF(TODAY(),Q49,"M")<=5,"ROJO",IF(DATEDIF(TODAY(),Q49,"M")>=12,"VERDE",IF(AND(DATEDIF(TODAY(),Q49,"M")>=6,DATEDIF(TODAY(),Q49,"M")<=11),"AMARILLO"))),S49)) | S49: =IF(Q49=0," ",IF(Q49<=$N$5,"VENCIDO","NO VENCIDO"))
R50: =IF(Q50=0," ",IFERROR(IF(DATEDIF(TODAY(),Q50,"M")<=5,"ROJO",IF(DATEDIF(TODAY(),Q50,"M")>=12,"VERDE",IF(AND(DATEDIF(TODAY(),Q50,"M")>=6,DATEDIF(TODAY(),Q50,"M")<=11),"AMARILLO"))),S50)) | S50: =IF(Q50=0," ",IF(Q50<=$N$5,"VENCIDO","NO VENCIDO"))
R51: =IF(Q51=0," ",IFERROR(IF(DATEDIF(TODAY(),Q51,"M")<=5,"ROJO",IF(DATEDIF(TODAY(),Q51,"M")>=12,"VERDE",IF(AND(DATEDIF(TODAY(),Q51,"M")>=6,DATEDIF(TODAY(),Q51,"M")<=11),"AMARILLO"))),S51)) | S51: =IF(Q51=0," ",IF(Q51<=$N$5,"VENCIDO","NO VENCIDO"))
R52: =IF(Q52=0," ",IFERROR(IF(DATEDIF(TODAY(),Q52,"M")<=5,"ROJO",IF(DATEDIF(TODAY(),Q52,"M")>=12,"VERDE",IF(AND(DATEDIF(TODAY(),Q52,"M")>=6,DATEDIF(TODAY(),Q52,"M")<=11),"AMARILLO"))),S52)) | S52: =IF(Q52=0," ",IF(Q52<=$N$5,"VENCIDO","NO VENCIDO"))
M53: =M48=N53 -> TRUE | N53: =SUM(N48:N52) -> 108 | O53: “Verdadero” indica que la cantidad por lote, coincide con el saldo que inicia al mes siguiente. "Falso" no coinicide. | T53: =SUM(T48:T52) -> 0
A54: =A48+1 -> 9 | B54: Vacuna de Difteria-Tétanos-Tos ferina acelular Pertussis (DTaP) Pediátrica - Liquida | D54: 2 | J54: =+F54+G54 -> 0 | K54: =+AO54 -> 0 | L54: =+J54+K54 -> 0 | M54: =+(D54+E54)-(L54)+H54-I54 -> 2 | N54: 2 | O54: 4CA03C1 | Q54: 46296 | R54: =IF(Q54=0," ",IFERROR(IF(DATEDIF(TODAY(),Q54,"M")<=5,"ROJO",IF(DATEDIF(TODAY(),Q54,"M")>=12,"VERDE",IF(AND(DATEDIF(TODAY(),Q54,"M")>=6,DATEDIF(TODAY(),Q54,"M")<=11),"AMARILLO"))),S54)) -> NO VENCIDO | S54: =IF(Q54=0," ",IF(Q54<=$N$5,"VENCIDO","NO VENCIDO")) -> NO VENCIDO | Y54: =+AT54 -> 0 | AD54: =+AB54+AC54 -> 0 | AO54: =SUM(AD54:AN58) -> 0
R55: =IF(Q55=0," ",IFERROR(IF(DATEDIF(TODAY(),Q55,"M")<=5,"ROJO",IF(DATEDIF(TODAY(),Q55,"M")>=12,"VERDE",IF(AND(DATEDIF(TODAY(),Q55,"M")>=6,DATEDIF(TODAY(),Q55,"M")<=11),"AMARILLO"))),S55)) | S55: =IF(Q55=0," ",IF(Q55<=$N$5,"VENCIDO","NO VENCIDO"))
R56: =IF(Q56=0," ",IFERROR(IF(DATEDIF(TODAY(),Q56,"M")<=5,"ROJO",IF(DATEDIF(TODAY(),Q56,"M")>=12,"VERDE",IF(AND(DATEDIF(TODAY(),Q56,"M")>=6,DATEDIF(TODAY(),Q56,"M")<=11),"AMARILLO"))),S56)) | S56: =IF(Q56=0," ",IF(Q56<=$N$5,"VENCIDO","NO VENCIDO"))
R57: =IF(Q57=0," ",IFERROR(IF(DATEDIF(TODAY(),Q57,"M")<=5,"ROJO",IF(DATEDIF(TODAY(),Q57,"M")>=12,"VERDE",IF(AND(DATEDIF(TODAY(),Q57,"M")>=6,DATEDIF(TODAY(),Q57,"M")<=11),"AMARILLO"))),S57)) | S57: =IF(Q57=0," ",IF(Q57<=$N$5,"VENCIDO","NO VENCIDO"))
R58: =IF(Q58=0," ",IFERROR(IF(DATEDIF(TODAY(),Q58,"M")<=5,"ROJO",IF(DATEDIF(TODAY(),Q58,"M")>=12,"VERDE",IF(AND(DATEDIF(TODAY(),Q58,"M")>=6,DATEDIF(TODAY(),Q58,"M")<=11),"AMARILLO"))),S58)) | S58: =IF(Q58=0," ",IF(Q58<=$N$5,"VENCIDO","NO VENCIDO"))
M59: =M54=N59 -> TRUE | N59: =SUM(N54:N58) -> 2 | O59: “Verdadero” indica que la cantidad por lote, coincide con el saldo que inicia al mes siguiente. "Falso" no coinicide. | T59: =SUM(T54:T58) -> 0
A60: =A54+1 -> 10 | B60: Vacuna de Rotavirus Liquida (administración oral) | D60: 330 | F60: 128 | J60: =+F60+G60 -> 128 | K60: =+AO60 -> 0 | L60: =+J60+K60 -> 128 | M60: =+(D60+E60)-(L60)+H60-I60 -> 202 | N60: 202 | O60: AROLE197AB | Q60: 46419 | R60: =IF(Q60=0," ",IFERROR(IF(DATEDIF(TODAY(),Q60,"M")<=5,"ROJO",IF(DATEDIF(TODAY(),Q60,"M")>=12,"VERDE",IF(AND(DATEDIF(TODAY(),Q60,"M")>=6,DATEDIF(TODAY(),Q60,"M")<=11),"AMARILLO"))),S60)) -> ROJO | S60: =IF(Q60=0," ",IF(Q60<=$N$5,"VENCIDO","NO VENCIDO")) -> NO VENCIDO | Y60: =+AT60 -> 0 | AD60: =+AB60+AC60 -> 0 | AO60: =SUM(AD60:AN64) -> 0
R61: =IF(Q61=0," ",IFERROR(IF(DATEDIF(TODAY(),Q61,"M")<=5,"ROJO",IF(DATEDIF(TODAY(),Q61,"M")>=12,"VERDE",IF(AND(DATEDIF(TODAY(),Q61,"M")>=6,DATEDIF(TODAY(),Q61,"M")<=11),"AMARILLO"))),S61)) | S61: =IF(Q61=0," ",IF(Q61<=$N$5,"VENCIDO","NO VENCIDO"))
R62: =IF(Q62=0," ",IFERROR(IF(DATEDIF(TODAY(),Q62,"M")<=5,"ROJO",IF(DATEDIF(TODAY(),Q62,"M")>=12,"VERDE",IF(AND(DATEDIF(TODAY(),Q62,"M")>=6,DATEDIF(TODAY(),Q62,"M")<=11),"AMARILLO"))),S62)) | S62: =IF(Q62=0," ",IF(Q62<=$N$5,"VENCIDO","NO VENCIDO"))
R63: =IF(Q63=0," ",IFERROR(IF(DATEDIF(TODAY(),Q63,"M")<=5,"ROJO",IF(DATEDIF(TODAY(),Q63,"M")>=12,"VERDE",IF(AND(DATEDIF(TODAY(),Q63,"M")>=6,DATEDIF(TODAY(),Q63,"M")<=11),"AMARILLO"))),S63)) | S63: =IF(Q63=0," ",IF(Q63<=$N$5,"VENCIDO","NO VENCIDO"))
R64: =IF(Q64=0," ",IFERROR(IF(DATEDIF(TODAY(),Q64,"M")<=5,"ROJO",IF(DATEDIF(TODAY(),Q64,"M")>=12,"VERDE",IF(AND(DATEDIF(TODAY(),Q64,"M")>=6,DATEDIF(TODAY(),Q64,"M")<=11),"AMARILLO"))),S64)) | S64: =IF(Q64=0," ",IF(Q64<=$N$5,"VENCIDO","NO VENCIDO"))
M65: =M60=N65 -> TRUE | N65: =SUM(N60:N64) -> 202 | O65: “Verdadero” indica que la cantidad por lote, coincide con el saldo que inicia al mes siguiente. "Falso" no coinicide. | T65: =SUM(T60:T64) -> 0
A66: =A60+1 -> 11 | B66: Vacuna Antineumocócica Conjugada (13-valente) PCV13 - Liquida | D66: 612 | F66: 193 | J66: =+F66+G66 -> 193 | K66: =+AO66 -> 0 | L66: =+J66+K66 -> 193 | M66: =+(D66+E66)-(L66)+H66-I66 -> 419 | N66: 419 | O66: LK3152 | Q66: 46508 | R66: =IF(Q66=0," ",IFERROR(IF(DATEDIF(TODAY(),Q66,"M")<=5,"ROJO",IF(DATEDIF(TODAY(),Q66,"M")>=12,"VERDE",IF(AND(DATEDIF(TODAY(),Q66,"M")>=6,DATEDIF(TODAY(),Q66,"M")<=11),"AMARILLO"))),S66)) -> AMARILLO | S66: =IF(Q66=0," ",IF(Q66<=$N$5,"VENCIDO","NO VENCIDO")) -> NO VENCIDO | Y66: =+AT66 -> 0 | AD66: =+AB66+AC66 -> 0 | AO66: =SUM(AD66:AN70) -> 0
R67: =IF(Q67=0," ",IFERROR(IF(DATEDIF(TODAY(),Q67,"M")<=5,"ROJO",IF(DATEDIF(TODAY(),Q67,"M")>=12,"VERDE",IF(AND(DATEDIF(TODAY(),Q67,"M")>=6,DATEDIF(TODAY(),Q67,"M")<=11),"AMARILLO"))),S67)) | S67: =IF(Q67=0," ",IF(Q67<=$N$5,"VENCIDO","NO VENCIDO"))
R68: =IF(Q68=0," ",IFERROR(IF(DATEDIF(TODAY(),Q68,"M")<=5,"ROJO",IF(DATEDIF(TODAY(),Q68,"M")>=12,"VERDE",IF(AND(DATEDIF(TODAY(),Q68,"M")>=6,DATEDIF(TODAY(),Q68,"M")<=11),"AMARILLO"))),S68)) | S68: =IF(Q68=0," ",IF(Q68<=$N$5,"VENCIDO","NO VENCIDO"))
R69: =IF(Q69=0," ",IFERROR(IF(DATEDIF(TODAY(),Q69,"M")<=5,"ROJO",IF(DATEDIF(TODAY(),Q69,"M")>=12,"VERDE",IF(AND(DATEDIF(TODAY(),Q69,"M")>=6,DATEDIF(TODAY(),Q69,"M")<=11),"AMARILLO"))),S69)) | S69: =IF(Q69=0," ",IF(Q69<=$N$5,"VENCIDO","NO VENCIDO"))
R70: =IF(Q70=0," ",IFERROR(IF(DATEDIF(TODAY(),Q70,"M")<=5,"ROJO",IF(DATEDIF(TODAY(),Q70,"M")>=12,"VERDE",IF(AND(DATEDIF(TODAY(),Q70,"M")>=6,DATEDIF(TODAY(),Q70,"M")<=11),"AMARILLO"))),S70)) | S70: =IF(Q70=0," ",IF(Q70<=$N$5,"VENCIDO","NO VENCIDO"))
M71: =M66=N71 -> TRUE | N71: =SUM(N66:N70) -> 419 | O71: “Verdadero” indica que la cantidad por lote, coincide con el saldo que inicia al mes siguiente. "Falso" no coinicide. | T71: =SUM(T66:T70) -> 0
A72: =A66+1 -> 12 | B72: Vacuna Antineumocócica Conjugada (20-valente) PCV20 - Liquida | J72: =+F72+G72 -> 0 | K72: =+AO72 -> 0 | L72: =+J72+K72 -> 0 | M72: =+(D72+E72)-(L72)+H72-I72 -> 0 | R72: =IF(Q72=0," ",IFERROR(IF(DATEDIF(TODAY(),Q72,"M")<=5,"ROJO",IF(DATEDIF(TODAY(),Q72,"M")>=12,"VERDE",IF(AND(DATEDIF(TODAY(),Q72,"M")>=6,DATEDIF(TODAY(),Q72,"M")<=11),"AMARILLO"))),S72)) | S72: =IF(Q72=0," ",IF(Q72<=$N$5,"VENCIDO","NO VENCIDO")) | Y72: =+AT72 -> 0 | AD72: =+AB72+AC72 -> 0 | AO72: =SUM(AD72:AN76) -> 0
R73: =IF(Q73=0," ",IFERROR(IF(DATEDIF(TODAY(),Q73,"M")<=5,"ROJO",IF(DATEDIF(TODAY(),Q73,"M")>=12,"VERDE",IF(AND(DATEDIF(TODAY(),Q73,"M")>=6,DATEDIF(TODAY(),Q73,"M")<=11),"AMARILLO"))),S73)) | S73: =IF(Q73=0," ",IF(Q73<=$N$5,"VENCIDO","NO VENCIDO"))
R74: =IF(Q74=0," ",IFERROR(IF(DATEDIF(TODAY(),Q74,"M")<=5,"ROJO",IF(DATEDIF(TODAY(),Q74,"M")>=12,"VERDE",IF(AND(DATEDIF(TODAY(),Q74,"M")>=6,DATEDIF(TODAY(),Q74,"M")<=11),"AMARILLO"))),S74)) | S74: =IF(Q74=0," ",IF(Q74<=$N$5,"VENCIDO","NO VENCIDO"))
R75: =IF(Q75=0," ",IFERROR(IF(DATEDIF(TODAY(),Q75,"M")<=5,"ROJO",IF(DATEDIF(TODAY(),Q75,"M")>=12,"VERDE",IF(AND(DATEDIF(TODAY(),Q75,"M")>=6,DATEDIF(TODAY(),Q75,"M")<=11),"AMARILLO"))),S75)) | S75: =IF(Q75=0," ",IF(Q75<=$N$5,"VENCIDO","NO VENCIDO"))
R76: =IF(Q76=0," ",IFERROR(IF(DATEDIF(TODAY(),Q76,"M")<=5,"ROJO",IF(DATEDIF(TODAY(),Q76,"M")>=12,"VERDE",IF(AND(DATEDIF(TODAY(),Q76,"M")>=6,DATEDIF(TODAY(),Q76,"M")<=11),"AMARILLO"))),S76)) | S76: =IF(Q76=0," ",IF(Q76<=$N$5,"VENCIDO","NO VENCIDO"))
M77: =M72=N77 -> TRUE | N77: =SUM(N72:N76) -> 0 | O77: “Verdadero” indica que la cantidad por lote, coincide con el saldo que inicia al mes siguiente. "Falso" no coinicide. | T77: =SUM(T72:T76) -> 0
A78: =A72+1 -> 13 | B78: Vacuna de Sarampión, Rubeola y Paperas (SRP) (Cepa Leningrado-Zagreb) Liofilizado - Vial x 01 dosis - TRIPLE VIRAL | D78: 499 | F78: 113 | J78: =+F78+G78 -> 113 | K78: =+AO78 -> 0 | L78: =+J78+K78 -> 113 | M78: =+(D78+E78)-(L78)+H78-I78 -> 386 | N78: 386 | O78: 0133N146B | Q78: 46266 | R78: =IF(Q78=0," ",IFERROR(IF(DATEDIF(TODAY(),Q78,"M")<=5,"ROJO",IF(DATEDIF(TODAY(),Q78,"M")>=12,"VERDE",IF(AND(DATEDIF(TODAY(),Q78,"M")>=6,DATEDIF(TODAY(),Q78,"M")<=11),"AMARILLO"))),S78)) -> NO VENCIDO | S78: =IF(Q78=0," ",IF(Q78<=$N$5,"VENCIDO","NO VENCIDO")) -> NO VENCIDO | Y78: =+AT78 -> 0 | AD78: =+AB78+AC78 -> 0 | AO78: =SUM(AD78:AN82) -> 0
R79: =IF(Q79=0," ",IFERROR(IF(DATEDIF(TODAY(),Q79,"M")<=5,"ROJO",IF(DATEDIF(TODAY(),Q79,"M")>=12,"VERDE",IF(AND(DATEDIF(TODAY(),Q79,"M")>=6,DATEDIF(TODAY(),Q79,"M")<=11),"AMARILLO"))),S79)) | S79: =IF(Q79=0," ",IF(Q79<=$N$5,"VENCIDO","NO VENCIDO"))
R80: =IF(Q80=0," ",IFERROR(IF(DATEDIF(TODAY(),Q80,"M")<=5,"ROJO",IF(DATEDIF(TODAY(),Q80,"M")>=12,"VERDE",IF(AND(DATEDIF(TODAY(),Q80,"M")>=6,DATEDIF(TODAY(),Q80,"M")<=11),"AMARILLO"))),S80)) | S80: =IF(Q80=0," ",IF(Q80<=$N$5,"VENCIDO","NO VENCIDO"))
R81: =IF(Q81=0," ",IFERROR(IF(DATEDIF(TODAY(),Q81,"M")<=5,"ROJO",IF(DATEDIF(TODAY(),Q81,"M")>=12,"VERDE",IF(AND(DATEDIF(TODAY(),Q81,"M")>=6,DATEDIF(TODAY(),Q81,"M")<=11),"AMARILLO"))),S81)) | S81: =IF(Q81=0," ",IF(Q81<=$N$5,"VENCIDO","NO VENCIDO"))
R82: =IF(Q82=0," ",IFERROR(IF(DATEDIF(TODAY(),Q82,"M")<=5,"ROJO",IF(DATEDIF(TODAY(),Q82,"M")>=12,"VERDE",IF(AND(DATEDIF(TODAY(),Q82,"M")>=6,DATEDIF(TODAY(),Q82,"M")<=11),"AMARILLO"))),S82)) | S82: =IF(Q82=0," ",IF(Q82<=$N$5,"VENCIDO","NO VENCIDO"))
M83: =M78=N83 -> TRUE | N83: =SUM(N78:N82) -> 386 | O83: “Verdadero” indica que la cantidad por lote, coincide con el saldo que inicia al mes siguiente. "Falso" no coinicide. | T83: =SUM(T78:T82) -> 0
A84: =A78+1 -> 14 | B84: Vacuna de Sarampión, Rubeola y Paperas (SRP) (Cepa Leningrado-Zagreb) Liofilizado - Vial x 05 dosis - TRIPLE VIRAL | J84: =+F84+G84 -> 0 | K84: =+AO84 -> 0 | L84: =+J84+K84 -> 0 | M84: =+(D84+E84)-(L84)+H84-I84 -> 0 | R84: =IF(Q84=0," ",IFERROR(IF(DATEDIF(TODAY(),Q84,"M")<=5,"ROJO",IF(DATEDIF(TODAY(),Q84,"M")>=12,"VERDE",IF(AND(DATEDIF(TODAY(),Q84,"M")>=6,DATEDIF(TODAY(),Q84,"M")<=11),"AMARILLO"))),S84)) | S84: =IF(Q84=0," ",IF(Q84<=$N$5,"VENCIDO","NO VENCIDO")) | Y84: =+AT84 -> 0 | AD84: =+AB84+AC84 -> 0 | AO84: =SUM(AD84:AN88) -> 0
R85: =IF(Q85=0," ",IFERROR(IF(DATEDIF(TODAY(),Q85,"M")<=5,"ROJO",IF(DATEDIF(TODAY(),Q85,"M")>=12,"VERDE",IF(AND(DATEDIF(TODAY(),Q85,"M")>=6,DATEDIF(TODAY(),Q85,"M")<=11),"AMARILLO"))),S85)) | S85: =IF(Q85=0," ",IF(Q85<=$N$5,"VENCIDO","NO VENCIDO"))
R86: =IF(Q86=0," ",IFERROR(IF(DATEDIF(TODAY(),Q86,"M")<=5,"ROJO",IF(DATEDIF(TODAY(),Q86,"M")>=12,"VERDE",IF(AND(DATEDIF(TODAY(),Q86,"M")>=6,DATEDIF(TODAY(),Q86,"M")<=11),"AMARILLO"))),S86)) | S86: =IF(Q86=0," ",IF(Q86<=$N$5,"VENCIDO","NO VENCIDO"))
R87: =IF(Q87=0," ",IFERROR(IF(DATEDIF(TODAY(),Q87,"M")<=5,"ROJO",IF(DATEDIF(TODAY(),Q87,"M")>=12,"VERDE",IF(AND(DATEDIF(TODAY(),Q87,"M")>=6,DATEDIF(TODAY(),Q87,"M")<=11),"AMARILLO"))),S87)) | S87: =IF(Q87=0," ",IF(Q87<=$N$5,"VENCIDO","NO VENCIDO"))
R88: =IF(Q88=0," ",IFERROR(IF(DATEDIF(TODAY(),Q88,"M")<=5,"ROJO",IF(DATEDIF(TODAY(),Q88,"M")>=12,"VERDE",IF(AND(DATEDIF(TODAY(),Q88,"M")>=6,DATEDIF(TODAY(),Q88,"M")<=11),"AMARILLO"))),S88)) | S88: =IF(Q88=0," ",IF(Q88<=$N$5,"VENCIDO","NO VENCIDO"))
M89: =M84=N89 -> TRUE | N89: =SUM(N84:N88) -> 0 | O89: “Verdadero” indica que la cantidad por lote, coincide con el saldo que inicia al mes siguiente. "Falso" no coinicide. | T89: =SUM(T84:T88) -> 0
A90: =A84+1 -> 15 | B90: Vacuna de Sarampión, Rubeola y Paperas (SRP) (Cepa Leningrado-Zagreb) Liofilizado - Vial x 10 dosis - TRIPLE VIRAL | J90: =+F90+G90 -> 0 | K90: =+AO90 -> 0 | L90: =+J90+K90 -> 0 | M90: =+(D90+E90)-(L90)+H90-I90 -> 0 | R90: =IF(Q90=0," ",IFERROR(IF(DATEDIF(TODAY(),Q90,"M")<=5,"ROJO",IF(DATEDIF(TODAY(),Q90,"M")>=12,"VERDE",IF(AND(DATEDIF(TODAY(),Q90,"M")>=6,DATEDIF(TODAY(),Q90,"M")<=11),"AMARILLO"))),S90)) | S90: =IF(Q90=0," ",IF(Q90<=$N$5,"VENCIDO","NO VENCIDO")) | Y90: =+AT90 -> 0 | AD90: =+AB90+AC90 -> 0 | AO90: =SUM(AD90:AN94) -> 0
R91: =IF(Q91=0," ",IFERROR(IF(DATEDIF(TODAY(),Q91,"M")<=5,"ROJO",IF(DATEDIF(TODAY(),Q91,"M")>=12,"VERDE",IF(AND(DATEDIF(TODAY(),Q91,"M")>=6,DATEDIF(TODAY(),Q91,"M")<=11),"AMARILLO"))),S91)) | S91: =IF(Q91=0," ",IF(Q91<=$N$5,"VENCIDO","NO VENCIDO"))
R92: =IF(Q92=0," ",IFERROR(IF(DATEDIF(TODAY(),Q92,"M")<=5,"ROJO",IF(DATEDIF(TODAY(),Q92,"M")>=12,"VERDE",IF(AND(DATEDIF(TODAY(),Q92,"M")>=6,DATEDIF(TODAY(),Q92,"M")<=11),"AMARILLO"))),S92)) | S92: =IF(Q92=0," ",IF(Q92<=$N$5,"VENCIDO","NO VENCIDO"))
R93: =IF(Q93=0," ",IFERROR(IF(DATEDIF(TODAY(),Q93,"M")<=5,"ROJO",IF(DATEDIF(TODAY(),Q93,"M")>=12,"VERDE",IF(AND(DATEDIF(TODAY(),Q93,"M")>=6,DATEDIF(TODAY(),Q93,"M")<=11),"AMARILLO"))),S93)) | S93: =IF(Q93=0," ",IF(Q93<=$N$5,"VENCIDO","NO VENCIDO"))
R94: =IF(Q94=0," ",IFERROR(IF(DATEDIF(TODAY(),Q94,"M")<=5,"ROJO",IF(DATEDIF(TODAY(),Q94,"M")>=12,"VERDE",IF(AND(DATEDIF(TODAY(),Q94,"M")>=6,DATEDIF(TODAY(),Q94,"M")<=11),"AMARILLO"))),S94)) | S94: =IF(Q94=0," ",IF(Q94<=$N$5,"VENCIDO","NO VENCIDO"))
M95: =M90=N95 -> TRUE | N95: =SUM(N90:N94) -> 0 | O95: “Verdadero” indica que la cantidad por lote, coincide con el saldo que inicia al mes siguiente. "Falso" no coinicide. | T95: =SUM(T90:T94) -> 0
A96: =A90+1 -> 16 | B96: Vacuna de Sarampión Rubeola (SR) Liofilizada - Vial x 01 dosis -DOBLE VIRAL | J96: =+F96+G96 -> 0 | K96: =+AO96 -> 0 | L96: =+J96+K96 -> 0 | M96: =+(D96+E96)-(L96)+H96-I96 -> 0 | R96: =IF(Q96=0," ",IFERROR(IF(DATEDIF(TODAY(),Q96,"M")<=5,"ROJO",IF(DATEDIF(TODAY(),Q96,"M")>=12,"VERDE",IF(AND(DATEDIF(TODAY(),Q96,"M")>=6,DATEDIF(TODAY(),Q96,"M")<=11),"AMARILLO"))),S96)) | S96: =IF(Q96=0," ",IF(Q96<=$N$5,"VENCIDO","NO VENCIDO")) | Y96: =+AT96 -> 0 | AD96: =+AB96+AC96 -> 0 | AO96: =SUM(AD96:AN100) -> 0
R97: =IF(Q97=0," ",IFERROR(IF(DATEDIF(TODAY(),Q97,"M")<=5,"ROJO",IF(DATEDIF(TODAY(),Q97,"M")>=12,"VERDE",IF(AND(DATEDIF(TODAY(),Q97,"M")>=6,DATEDIF(TODAY(),Q97,"M")<=11),"AMARILLO"))),S97)) | S97: =IF(Q97=0," ",IF(Q97<=$N$5,"VENCIDO","NO VENCIDO"))
R98: =IF(Q98=0," ",IFERROR(IF(DATEDIF(TODAY(),Q98,"M")<=5,"ROJO",IF(DATEDIF(TODAY(),Q98,"M")>=12,"VERDE",IF(AND(DATEDIF(TODAY(),Q98,"M")>=6,DATEDIF(TODAY(),Q98,"M")<=11),"AMARILLO"))),S98)) | S98: =IF(Q98=0," ",IF(Q98<=$N$5,"VENCIDO","NO VENCIDO"))
R99: =IF(Q99=0," ",IFERROR(IF(DATEDIF(TODAY(),Q99,"M")<=5,"ROJO",IF(DATEDIF(TODAY(),Q99,"M")>=12,"VERDE",IF(AND(DATEDIF(TODAY(),Q99,"M")>=6,DATEDIF(TODAY(),Q99,"M")<=11),"AMARILLO"))),S99)) | S99: =IF(Q99=0," ",IF(Q99<=$N$5,"VENCIDO","NO VENCIDO"))
R100: =IF(Q100=0," ",IFERROR(IF(DATEDIF(TODAY(),Q100,"M")<=5,"ROJO",IF(DATEDIF(TODAY(),Q100,"M")>=12,"VERDE",IF(AND(DATEDIF(TODAY(),Q100,"M")>=6,DATEDIF(TODAY(),Q100,"M")<=11),"AMARILLO"))),S100)) | S100: =IF(Q100=0," ",IF(Q100<=$N$5,"VENCIDO","NO VENCIDO"))
M101: =M96=N101 -> TRUE | N101: =SUM(N96:N100) -> 0 | O101: “Verdadero” indica que la cantidad por lote, coincide con el saldo que inicia al mes siguiente. "Falso" no coinicide. | T101: =SUM(T96:T100) -> 0
A102: =A96+1 -> 17 | B102: Vacuna de Sarampión Rubeola (SR) Liofilizada - Vial x 10 dosis - DOBLE VIRAL | J102: =+F102+G102 -> 0 | K102: =+AO102 -> 0 | L102: =+J102+K102 -> 0 | M102: =+(D102+E102)-(L102)+H102-I102 -> 0 | R102: =IF(Q102=0," ",IFERROR(IF(DATEDIF(TODAY(),Q102,"M")<=5,"ROJO",IF(DATEDIF(TODAY(),Q102,"M")>=12,"VERDE",IF(AND(DATEDIF(TODAY(),Q102,"M")>=6,DATEDIF(TODAY(),Q102,"M")<=11),"AMARILLO"))),S102)) | S102: =IF(Q102=0," ",IF(Q102<=$N$5,"VENCIDO","NO VENCIDO")) | Y102: =+AT102 -> 0 | AD102: =+AB102+AC102 -> 0 | AO102: =SUM(AD102:AN106) -> 0
R103: =IF(Q103=0," ",IFERROR(IF(DATEDIF(TODAY(),Q103,"M")<=5,"ROJO",IF(DATEDIF(TODAY(),Q103,"M")>=12,"VERDE",IF(AND(DATEDIF(TODAY(),Q103,"M")>=6,DATEDIF(TODAY(),Q103,"M")<=11),"AMARILLO"))),S103)) | S103: =IF(Q103=0," ",IF(Q103<=$N$5,"VENCIDO","NO VENCIDO"))
R104: =IF(Q104=0," ",IFERROR(IF(DATEDIF(TODAY(),Q104,"M")<=5,"ROJO",IF(DATEDIF(TODAY(),Q104,"M")>=12,"VERDE",IF(AND(DATEDIF(TODAY(),Q104,"M")>=6,DATEDIF(TODAY(),Q104,"M")<=11),"AMARILLO"))),S104)) | S104: =IF(Q104=0," ",IF(Q104<=$N$5,"VENCIDO","NO VENCIDO"))
...

Sheet Febrero
A1: MUNICIPIOS / IPS VACUNADORAS
A2: ÍTEM | B2: INSUMOS | D2: SALDO MES ANTERIOR | E2: BIOLÓGICO RECIBIDO DEL CENTRO DE ACOPIO DEPARTAMENTAL / DISTRITAL | F2: DOSIS APLICADAS | H2: Entradas | I2: Salidas | J2: TOTAL DOSIS APLICADAS | K2: DOSIS PERDIDAS | L2: TOTAL DOSIS ÚTILIZADAS EN EL MES | M2: SALDO QUE INICIA EL MES SIGUIENTE (SOLO MUNICIPIOS) | N2: DOSIS POR LOTES | O2: No. LOTE | P2: LABORATORIO | Q2: FECHA DE VENCIMIENTO | R2: SEMAFORIZACION VIDA ÚTIL DEL BIOLÓGICO | S2: CONDICIÓN FINAL DEL BIOLÓGICO, DILUYENTE Y CARNET | T2: DOSIS EN CUARENTENA | U2: LABORATORIO | V2: No. LOTE | W2: FECHA DE VENCIMEINTO | X2: FECHA DE INICIO CUARENTENA | Y2: PORCENTAJE DE PERDIDA DEL MES | Z2: OBSERVACIONES | AB2: CAUSAS PERDIDA DE BIOLÓGICOS (Remítase a la primera hoja donde se especifica la clasificación de las perdidas) | AO2: TOTAL DOSIS PERDIDAS
F3: DOSIS APLICADAS COLOMBIANOS | G3: DOSIS APLICADAS EXTRANJEROS | H3: DOSIS INGRESADAS POR TRASLADOS DE MUNICIPIOS O IPS | I3: DOSIS TRASLADADAS A OTROS MUNICIPIOS O IPS | AB3: 1 | AE3: 2 | AF3: 3 | AG3: 4 | AH3: 5 | AI3: 6 | AJ3: 7 | AK3: 8 | AL3: 9 | AM3: 10 | AN3: 11
AB4: POLÍTICA DE FRASCOS ABIERTO | AE4: INTERRUPCIÓN DE CADENA DE FRÍO | AF4: CONTAMINACION DEL BIOLÓGICO/DISPOSITIVO MÉDICO | AG4: VIAL ROTO | AH4: ERRORES EN LA MANIPULACIÓN | AI4: VENCIMIENTO DEL BIOLÓGICO O JERINGA | AJ4: FARMACOVIGILANCIA / TECNOVIGILANCIA | AK4: VOMITO FRANCO | AL4: APLICACIÓN FUERA DE LA EDAD | AM4: POR DECISIÓN FINAL DEL PACIENTE DE NO VACUNACIÓN | AN4: SINIESTRO O ROBO
AB5: INSTITUCIONAL | AC5: EXTRAMURAL | AD5: TOTAL
A6: 1 | B6: Vacuna de BCG (Bacilo de Calmette y Guérin) Liofilizada | D6: =+Enero!M6 -> 90 | E6: 400 | F6: 54 | J6: =+F6+G6 -> 54 | K6: =+AO6 -> 236 | L6: =+J6+K6 -> 290 | M6: =+(D6+E6)-(L6)+H6-I6 -> 200 | N6: 200 | O6: 037MA071 | Q6: 46357 | R6: =IF(Q6=0," ",IFERROR(IF(DATEDIF(TODAY(),Q6,"M")<=5,"ROJO",IF(DATEDIF(TODAY(),Q6,"M")>=12,"VERDE",IF(AND(DATEDIF(TODAY(),Q6,"M")>=6,DATEDIF(TODAY(),Q6,"M")<=11),"AMARILLO"))),S6)) -> ROJO | S6: =IF(Q6=0," ",IF(Q6<=$N$5,"VENCIDO","NO VENCIDO")) -> NO VENCIDO | Y6: =+AT6 -> 0 | AB6: 141 | AC6: 95 | AD6: =+AB6+AC6 -> 236 | AO6: =SUM(AD6:AN10) -> 236
R7: =IF(Q7=0," ",IFERROR(IF(DATEDIF(TODAY(),Q7,"M")<=5,"ROJO",IF(DATEDIF(TODAY(),Q7,"M")>=12,"VERDE",IF(AND(DATEDIF(TODAY(),Q7,"M")>=6,DATEDIF(TODAY(),Q7,"M")<=11),"AMARILLO"))),S7)) | S7: =IF(Q7=0," ",IF(Q7<=$N$5,"VENCIDO","NO VENCIDO"))
R8: =IF(Q8=0," ",IFERROR(IF(DATEDIF(TODAY(),Q8,"M")<=5,"ROJO",IF(DATEDIF(TODAY(),Q8,"M")>=12,"VERDE",IF(AND(DATEDIF(TODAY(),Q8,"M")>=6,DATEDIF(TODAY(),Q8,"M")<=11),"AMARILLO"))),S8)) | S8: =IF(Q8=0," ",IF(Q8<=$N$5,"VENCIDO","NO VENCIDO"))
R9: =IF(Q9=0," ",IFERROR(IF(DATEDIF(TODAY(),Q9,"M")<=5,"ROJO",IF(DATEDIF(TODAY(),Q9,"M")>=12,"VERDE",IF(AND(DATEDIF(TODAY(),Q9,"M")>=6,DATEDIF(TODAY(),Q9,"M")<=11),"AMARILLO"))),S9)) | S9: =IF(Q9=0," ",IF(Q9<=$N$5,"VENCIDO","NO VENCIDO"))
R10: =IF(Q10=0," ",IFERROR(IF(DATEDIF(TODAY(),Q10,"M")<=5,"ROJO",IF(DATEDIF(TODAY(),Q10,"M")>=12,"VERDE",IF(AND(DATEDIF(TODAY(),Q10,"M")>=6,DATEDIF(TODAY(),Q10,"M")<=11),"AMARILLO"))),S10)) | S10: =IF(Q10=0," ",IF(Q10<=$N$5,"VENCIDO","NO VENCIDO"))
M11: =M6=N11 -> TRUE | N11: =SUM(N6:N10) -> 200 | O11: “Verdadero” indica que la cantidad por lote, coincide con el saldo que inicia al mes siguiente. "Falso" no coinicide. | T11: =SUM(T6:T10) -> 0
A12: =A6+1 -> 2 | B12: Vacuna de Hepatitis B Recombinante Pediátrica - Liquida | D12: =+Enero!M12 -> 118 | F12: 39 | J12: =+F12+G12 -> 39 | K12: =+AO12 -> 0 | L12: =+J12+K12 -> 39 | M12: =+(D12+E12)-(L12)+H12-I12 -> 79 | N12: 79 | O12: 03241013B | Q12: 46692 | R12: =IF(Q12=0," ",IFERROR(IF(DATEDIF(TODAY(),Q12,"M")<=5,"ROJO",IF(DATEDIF(TODAY(),Q12,"M")>=12,"VERDE",IF(AND(DATEDIF(TODAY(),Q12,"M")>=6,DATEDIF(TODAY(),Q12,"M")<=11),"AMARILLO"))),S12)) -> VERDE | S12: =IF(Q12=0," ",IF(Q12<=$N$5,"VENCIDO","NO VENCIDO")) -> NO VENCIDO | Y12: =+AT12 -> 0 | AD12: =+AB12+AC12 -> 0 | AO12: =SUM(AD12:AN16) -> 0
R13: =IF(Q13=0," ",IFERROR(IF(DATEDIF(TODAY(),Q13,"M")<=5,"ROJO",IF(DATEDIF(TODAY(),Q13,"M")>=12,"VERDE",IF(AND(DATEDIF(TODAY(),Q13,"M")>=6,DATEDIF(TODAY(),Q13,"M")<=11),"AMARILLO"))),S13)) | S13: =IF(Q13=0," ",IF(Q13<=$N$5,"VENCIDO","NO VENCIDO"))
R14: =IF(Q14=0," ",IFERROR(IF(DATEDIF(TODAY(),Q14,"M")<=5,"ROJO",IF(DATEDIF(TODAY(),Q14,"M")>=12,"VERDE",IF(AND(DATEDIF(TODAY(),Q14,"M")>=6,DATEDIF(TODAY(),Q14,"M")<=11),"AMARILLO"))),S14)) | S14: =IF(Q14=0," ",IF(Q14<=$N$5,"VENCIDO","NO VENCIDO"))
R15: =IF(Q15=0," ",IFERROR(IF(DATEDIF(TODAY(),Q15,"M")<=5,"ROJO",IF(DATEDIF(TODAY(),Q15,"M")>=12,"VERDE",IF(AND(DATEDIF(TODAY(),Q15,"M")>=6,DATEDIF(TODAY(),Q15,"M")<=11),"AMARILLO"))),S15)) | S15: =IF(Q15=0," ",IF(Q15<=$N$5,"VENCIDO","NO VENCIDO"))
R16: =IF(Q16=0," ",IFERROR(IF(DATEDIF(TODAY(),Q16,"M")<=5,"ROJO",IF(DATEDIF(TODAY(),Q16,"M")>=12,"VERDE",IF(AND(DATEDIF(TODAY(),Q16,"M")>=6,DATEDIF(TODAY(),Q16,"M")<=11),"AMARILLO"))),S16)) | S16: =IF(Q16=0," ",IF(Q16<=$N$5,"VENCIDO","NO VENCIDO"))
M17: =M12=N17 -> TRUE | N17: =SUM(N12:N16) -> 79 | O17: “Verdadero” indica que la cantidad por lote, coincide con el saldo que inicia al mes siguiente. "Falso" no coinicide. | T17: =SUM(T12:T16) -> 0
A18: =A12+1 -> 3 | B18: Vacuna de Hepatitis B Recombinante Adultos - Liquida | D18: =+Enero!M18 -> 16 | F18: 4 | J18: =+F18+G18 -> 4 | K18: =+AO18 -> 0 | L18: =+J18+K18 -> 4 | M18: =+(D18+E18)-(L18)+H18-I18 -> 12 | N18: 12 | O18: 03344X002C | Q18: 46539 | R18: =IF(Q18=0," ",IFERROR(IF(DATEDIF(TODAY(),Q18,"M")<=5,"ROJO",IF(DATEDIF(TODAY(),Q18,"M")>=12,"VERDE",IF(AND(DATEDIF(TODAY(),Q18,"M")>=6,DATEDIF(TODAY(),Q18,"M")<=11),"AMARILLO"))),S18)) -> AMARILLO | S18: =IF(Q18=0," ",IF(Q18<=$N$5,"VENCIDO","NO VENCIDO")) -> NO VENCIDO | Y18: =+AT18 -> 0 | AD18: =+AB18+AC18 -> 0 | AO18: =SUM(AD18:AN22) -> 0
R19: =IF(Q19=0," ",IFERROR(IF(DATEDIF(TODAY(),Q19,"M")<=5,"ROJO",IF(DATEDIF(TODAY(),Q19,"M")>=12,"VERDE",IF(AND(DATEDIF(TODAY(),Q19,"M")>=6,DATEDIF(TODAY(),Q19,"M")<=11),"AMARILLO"))),S19)) | S19: =IF(Q19=0," ",IF(Q19<=$N$5,"VENCIDO","NO VENCIDO"))
R20: =IF(Q20=0," ",IFERROR(IF(DATEDIF(TODAY(),Q20,"M")<=5,"ROJO",IF(DATEDIF(TODAY(),Q20,"M")>=12,"VERDE",IF(AND(DATEDIF(TODAY(),Q20,"M")>=6,DATEDIF(TODAY(),Q20,"M")<=11),"AMARILLO"))),S20)) | S20: =IF(Q20=0," ",IF(Q20<=$N$5,"VENCIDO","NO VENCIDO"))
R21: =IF(Q21=0," ",IFERROR(IF(DATEDIF(TODAY(),Q21,"M")<=5,"ROJO",IF(DATEDIF(TODAY(),Q21,"M")>=12,"VERDE",IF(AND(DATEDIF(TODAY(),Q21,"M")>=6,DATEDIF(TODAY(),Q21,"M")<=11),"AMARILLO"))),S21)) | S21: =IF(Q21=0," ",IF(Q21<=$N$5,"VENCIDO","NO VENCIDO"))
R22: =IF(Q22=0," ",IFERROR(IF(DATEDIF(TODAY(),Q22,"M")<=5,"ROJO",IF(DATEDIF(TODAY(),Q22,"M")>=12,"VERDE",IF(AND(DATEDIF(TODAY(),Q22,"M")>=6,DATEDIF(TODAY(),Q22,"M")<=11),"AMARILLO"))),S22)) | S22: =IF(Q22=0," ",IF(Q22<=$N$5,"VENCIDO","NO VENCIDO"))
M23: =M18=N23 -> TRUE | N23: =SUM(N18:N22) -> 12 | O23: “Verdadero” indica que la cantidad por lote, coincide con el saldo que inicia al mes siguiente. "Falso" no coinicide. | T23: =SUM(T18:T22) -> 0
A24: =A18+1 -> 4 | B24: Vacuna de Poliovirus Inactiva IPV - Liquida | D24: =+Enero!M24 -> 433 | F24: 256 | J24: =+F24+G24 -> 256 | K24: =+AO24 -> 0 | L24: =+J24+K24 -> 256 | M24: =+(D24+E24)-(L24)+H24-I24 -> 177 | N24: 177 | O24: 2435007 | Q24: 14/05/2027 | R24: =IF(Q24=0," ",IFERROR(IF(DATEDIF(TODAY(),Q24,"M")<=5,"ROJO",IF(DATEDIF(TODAY(),Q24,"M")>=12,"VERDE",IF(AND(DATEDIF(TODAY(),Q24,"M")>=6,DATEDIF(TODAY(),Q24,"M")<=11),"AMARILLO"))),S24)) -> AMARILLO | S24: =IF(Q24=0," ",IF(Q24<=$N$5,"VENCIDO","NO VENCIDO")) -> NO VENCIDO | Y24: =+AT24 -> 0 | AD24: =+AB24+AC24 -> 0 | AO24: =SUM(AD24:AN28) -> 0
R25: =IF(Q25=0," ",IFERROR(IF(DATEDIF(TODAY(),Q25,"M")<=5,"ROJO",IF(DATEDIF(TODAY(),Q25,"M")>=12,"VERDE",IF(AND(DATEDIF(TODAY(),Q25,"M")>=6,DATEDIF(TODAY(),Q25,"M")<=11),"AMARILLO"))),S25)) | S25: =IF(Q25=0," ",IF(Q25<=$N$5,"VENCIDO","NO VENCIDO"))
R26: =IF(Q26=0," ",IFERROR(IF(DATEDIF(TODAY(),Q26,"M")<=5,"ROJO",IF(DATEDIF(TODAY(),Q26,"M")>=12,"VERDE",IF(AND(DATEDIF(TODAY(),Q26,"M")>=6,DATEDIF(TODAY(),Q26,"M")<=11),"AMARILLO"))),S26)) | S26: =IF(Q26=0," ",IF(Q26<=$N$5,"VENCIDO","NO VENCIDO"))
R27: =IF(Q27=0," ",IFERROR(IF(DATEDIF(TODAY(),Q27,"M")<=5,"ROJO",IF(DATEDIF(TODAY(),Q27,"M")>=12,"VERDE",IF(AND(DATEDIF(TODAY(),Q27,"M")>=6,DATEDIF(TODAY(),Q27,"M")<=11),"AMARILLO"))),S27)) | S27: =IF(Q27=0," ",IF(Q27<=$N$5,"VENCIDO","NO VENCIDO"))
R28: =IF(Q28=0," ",IFERROR(IF(DATEDIF(TODAY(),Q28,"M")<=5,"ROJO",IF(DATEDIF(TODAY(),Q28,"M")>=12,"VERDE",IF(AND(DATEDIF(TODAY(),Q28,"M")>=6,DATEDIF(TODAY(),Q28,"M")<=11),"AMARILLO"))),S28)) | S28: =IF(Q28=0," ",IF(Q28<=$N$5,"VENCIDO","NO VENCIDO"))
M29: =M24=N29 -> TRUE | N29: =SUM(N24:N28) -> 177 | O29: “Verdadero” indica que la cantidad por lote, coincide con el saldo que inicia al mes siguiente. "Falso" no coinicide. | T29: =SUM(T24:T28) -> 0
A30: =A24+1 -> 5 | B30: Vacuna de Difteria - Tos ferina (Celula completa) - Tétanos - Hepatitis B - Haemophilus influenzae tipo B (DTwP-HepB-Hib) PENTAVALENTE PEDIÁTRICA - Liquida | D30: =+Enero!M30 -> 421 | F30: 197 | J30: =+F30+G30 -> 197 | K30: =+AO30 -> 0 | L30: =+J30+K30 -> 197 | M30: =+(D30+E30)-(L30)+H30-I30 -> 224 | N30: 224 | O30: 2854X0414B | Q30: 46478 | R30: =IF(Q30=0," ",IFERROR(IF(DATEDIF(TODAY(),Q30,"M")<=5,"ROJO",IF(DATEDIF(TODAY(),Q30,"M")>=12,"VERDE",IF(AND(DATEDIF(TODAY(),Q30,"M")>=6,DATEDIF(TODAY(),Q30,"M")<=11),"AMARILLO"))),S30)) -> ROJO | S30: =IF(Q30=0," ",IF(Q30<=$N$5,"VENCIDO","NO VENCIDO")) -> NO VENCIDO | Y30: =+AT30 -> 0 | AD30: =+AB30+AC30 -> 0 | AO30: =SUM(AD30:AN34) -> 0
R31: =IF(Q31=0," ",IFERROR(IF(DATEDIF(TODAY(),Q31,"M")<=5,"ROJO",IF(DATEDIF(TODAY(),Q31,"M")>=12,"VERDE",IF(AND(DATEDIF(TODAY(),Q31,"M")>=6,DATEDIF(TODAY(),Q31,"M")<=11),"AMARILLO"))),S31)) | S31: =IF(Q31=0," ",IF(Q31<=$N$5,"VENCIDO","NO VENCIDO"))
R32: =IF(Q32=0," ",IFERROR(IF(DATEDIF(TODAY(),Q32,"M")<=5,"ROJO",IF(DATEDIF(TODAY(),Q32,"M")>=12,"VERDE",IF(AND(DATEDIF(TODAY(),Q32,"M")>=6,DATEDIF(TODAY(),Q32,"M")<=11),"AMARILLO"))),S32)) | S32: =IF(Q32=0," ",IF(Q32<=$N$5,"VENCIDO","NO VENCIDO"))
R33: =IF(Q33=0," ",IFERROR(IF(DATEDIF(TODAY(),Q33,"M")<=5,"ROJO",IF(DATEDIF(TODAY(),Q33,"M")>=12,"VERDE",IF(AND(DATEDIF(TODAY(),Q33,"M")>=6,DATEDIF(TODAY(),Q33,"M")<=11),"AMARILLO"))),S33)) | S33: =IF(Q33=0," ",IF(Q33<=$N$5,"VENCIDO","NO VENCIDO"))
R34: =IF(Q34=0," ",IFERROR(IF(DATEDIF(TODAY(),Q34,"M")<=5,"ROJO",IF(DATEDIF(TODAY(),Q34,"M")>=12,"VERDE",IF(AND(DATEDIF(TODAY(),Q34,"M")>=6,DATEDIF(TODAY(),Q34,"M")<=11),"AMARILLO"))),S34)) | S34: =IF(Q34=0," ",IF(Q34<=$N$5,"VENCIDO","NO VENCIDO"))
M35: =M30=N35 -> TRUE | N35: =SUM(N30:N34) -> 224 | O35: “Verdadero” indica que la cantidad por lote, coincide con el saldo que inicia al mes siguiente. "Falso" no coinicide. | T35: =SUM(T30:T34) -> 0
A36: =A30+1 -> 6 | B36: Vacuna de Difteria - Tétanos - Tos ferina acelular - Poliovirus inactivado - Hepatitis B - Haemophilus influenzae tipo B (DTaP-IPV-HepB-Hib (HEXAVALENTE ACELULAR) - Liquida | D36: =+Enero!M36 -> 3 | J36: =+F36+G36 -> 0 | K36: =+AO36 -> 0 | L36: =+J36+K36 -> 0 | M36: =+(D36+E36)-(L36)+H36-I36 -> 3 | N36: 3 | O36: Y3CY9 | Q36: 46784 | R36: =IF(Q36=0," ",IFERROR(IF(DATEDIF(TODAY(),Q36,"M")<=5,"ROJO",IF(DATEDIF(TODAY(),Q36,"M")>=12,"VERDE",IF(AND(DATEDIF(TODAY(),Q36,"M")>=6,DATEDIF(TODAY(),Q36,"M")<=11),"AMARILLO"))),S36)) -> VERDE | S36: =IF(Q36=0," ",IF(Q36<=$N$5,"VENCIDO","NO VENCIDO")) -> NO VENCIDO | Y36: =+AT36 -> 0 | AD36: =+AB36+AC36 -> 0 | AO36: =SUM(AD36:AN40) -> 0
R37: =IF(Q37=0," ",IFERROR(IF(DATEDIF(TODAY(),Q37,"M")<=5,"ROJO",IF(DATEDIF(TODAY(),Q37,"M")>=12,"VERDE",IF(AND(DATEDIF(TODAY(),Q37,"M")>=6,DATEDIF(TODAY(),Q37,"M")<=11),"AMARILLO"))),S37)) | S37: =IF(Q37=0," ",IF(Q37<=$N$5,"VENCIDO","NO VENCIDO"))
R38: =IF(Q38=0," ",IFERROR(IF(DATEDIF(TODAY(),Q38,"M")<=5,"ROJO",IF(DATEDIF(TODAY(),Q38,"M")>=12,"VERDE",IF(AND(DATEDIF(TODAY(),Q38,"M")>=6,DATEDIF(TODAY(),Q38,"M")<=11),"AMARILLO"))),S38)) | S38: =IF(Q38=0," ",IF(Q38<=$N$5,"VENCIDO","NO VENCIDO"))
R39: =IF(Q39=0," ",IFERROR(IF(DATEDIF(TODAY(),Q39,"M")<=5,"ROJO",IF(DATEDIF(TODAY(),Q39,"M")>=12,"VERDE",IF(AND(DATEDIF(TODAY(),Q39,"M")>=6,DATEDIF(TODAY(),Q39,"M")<=11),"AMARILLO"))),S39)) | S39: =IF(Q39=0," ",IF(Q39<=$N$5,"VENCIDO","NO VENCIDO"))
R40: =IF(Q40=0," ",IFERROR(IF(DATEDIF(TODAY(),Q40,"M")<=5,"ROJO",IF(DATEDIF(TODAY(),Q40,"M")>=12,"VERDE",IF(AND(DATEDIF(TODAY(),Q40,"M")>=6,DATEDIF(TODAY(),Q40,"M")<=11),"AMARILLO"))),S40)) | S40: =IF(Q40=0," ",IF(Q40<=$N$5,"VENCIDO","NO VENCIDO"))
M41: =M36=N41 -> TRUE | N41: =SUM(N36:N40) -> 3 | O41: “Verdadero” indica que la cantidad por lote, coincide con el saldo que inicia al mes siguiente. "Falso" no coinicide. | T41: =SUM(T36:T40) -> 0
A42: =A36+1 -> 7 | B42: Vacuna de Difteria - Tos ferina (celula completa)- Tétanos - Hepatitis B - Haemophilus influenzae tipo B - Poliovirus inactivado (DTwP-HepB-Hib-IPV) - HEXAVALENTE DE CÉLULAS COMPLETAS - Liquida | D42: =+Enero!M42 -> 0 | J42: =+F42+G42 -> 0 | K42: =+AO42 -> 0 | L42: =+J42+K42 -> 0 | M42: =+(D42+E42)-(L42)+H42-I42 -> 0 | Y42: =+AT42 -> 0 | AD42: =+AB42+AC42 -> 0 | AO42: =SUM(AD42:AN46) -> 0
M47: =M42=N47 -> TRUE | N47: =SUM(N42:N46) -> 0 | O47: “Verdadero” indica que la cantidad por lote, coincide con el saldo que inicia al mes siguiente. "Falso" no coinicide. | T47: =SUM(T42:T46) -> 0
A48: =A42+1 -> 8 | B48: Vacuna de Difteria, Tétano y Tosferina (DPT)- Liquida | D48: =+Enero!M48 -> 108 | E48: 100 | F48: 56 | J48: =+F48+G48 -> 56 | K48: =+AO48 -> 34 | L48: =+J48+K48 -> 90 | M48: =+(D48+E48)-(L48)+H48-I48 -> 118 | N48: 152 | O48: 221100624A | Q48: 46327 | R48: =IF(Q48=0," ",IFERROR(IF(DATEDIF(TODAY(),Q48,"M")<=5,"ROJO",IF(DATEDIF(TODAY(),Q48,"M")>=12,"VERDE",IF(AND(DATEDIF(TODAY(),Q48,"M")>=6,DATEDIF(TODAY(),Q48,"M")<=11),"AMARILLO"))),S48)) -> ROJO | S48: =IF(Q48=0," ",IF(Q48<=$N$5,"VENCIDO","NO VENCIDO")) -> NO VENCIDO | Y48: =+AT48 -> 0 | AB48: 34 | AD48: =+AB48+AC48 -> 34 | AO48: =SUM(AD48:AN52) -> 34
R49: =IF(Q49=0," ",IFERROR(IF(DATEDIF(TODAY(),Q49,"M")<=5,"ROJO",IF(DATEDIF(TODAY(),Q49,"M")>=12,"VERDE",IF(AND(DATEDIF(TODAY(),Q49,"M")>=6,DATEDIF(TODAY(),Q49,"M")<=11),"AMARILLO"))),S49)) | S49: =IF(Q49=0," ",IF(Q49<=$N$5,"VENCIDO","NO VENCIDO"))
R50: =IF(Q50=0," ",IFERROR(IF(DATEDIF(TODAY(),Q50,"M")<=5,"ROJO",IF(DATEDIF(TODAY(),Q50,"M")>=12,"VERDE",IF(AND(DATEDIF(TODAY(),Q50,"M")>=6,DATEDIF(TODAY(),Q50,"M")<=11),"AMARILLO"))),S50)) | S50: =IF(Q50=0," ",IF(Q50<=$N$5,"VENCIDO","NO VENCIDO"))
R51: =IF(Q51=0," ",IFERROR(IF(DATEDIF(TODAY(),Q51,"M")<=5,"ROJO",IF(DATEDIF(TODAY(),Q51,"M")>=12,"VERDE",IF(AND(DATEDIF(TODAY(),Q51,"M")>=6,DATEDIF(TODAY(),Q51,"M")<=11),"AMARILLO"))),S51)) | S51: =IF(Q51=0," ",IF(Q51<=$N$5,"VENCIDO","NO VENCIDO"))
R52: =IF(Q52=0," ",IFERROR(IF(DATEDIF(TODAY(),Q52,"M")<=5,"ROJO",IF(DATEDIF(TODAY(),Q52,"M")>=12,"VERDE",IF(AND(DATEDIF(TODAY(),Q52,"M")>=6,DATEDIF(TODAY(),Q52,"M")<=11),"AMARILLO"))),S52)) | S52: =IF(Q52=0," ",IF(Q52<=$N$5,"VENCIDO","NO VENCIDO"))
M53: =M48=N53 -> FALSE | N53: =SUM(N48:N52) -> 152 | O53: “Verdadero” indica que la cantidad por lote, coincide con el saldo que inicia al mes siguiente. "Falso" no coinicide. | T53: =SUM(T48:T52) -> 0
A54: =A48+1 -> 9 | B54: Vacuna de Difteria-Tétanos-Tos ferina acelular Pertussis (DTaP) Pediátrica - Liquida | D54: =+Enero!M54 -> 2 | J54: =+F54+G54 -> 0 | K54: =+AO54 -> 0 | L54: =+J54+K54 -> 0 | M54: =+(D54+E54)-(L54)+H54-I54 -> 2 | N54: 2 | O54: 4CA03C1 | Q54: 46296 | R54: =IF(Q54=0," ",IFERROR(IF(DATEDIF(TODAY(),Q54,"M")<=5,"ROJO",IF(DATEDIF(TODAY(),Q54,"M")>=12,"VERDE",IF(AND(DATEDIF(TODAY(),Q54,"M")>=6,DATEDIF(TODAY(),Q54,"M")<=11),"AMARILLO"))),S54)) -> NO VENCIDO | S54: =IF(Q54=0," ",IF(Q54<=$N$5,"VENCIDO","NO VENCIDO")) -> NO VENCIDO | Y54: =+AT54 -> 0 | AD54: =+AB54+AC54 -> 0 | AO54: =SUM(AD54:AN58) -> 0
R55: =IF(Q55=0," ",IFERROR(IF(DATEDIF(TODAY(),Q55,"M")<=5,"ROJO",IF(DATEDIF(TODAY(),Q55,"M")>=12,"VERDE",IF(AND(DATEDIF(TODAY(),Q55,"M")>=6,DATEDIF(TODAY(),Q55,"M")<=11),"AMARILLO"))),S55)) | S55: =IF(Q55=0," ",IF(Q55<=$N$5,"VENCIDO","NO VENCIDO"))
R56: =IF(Q56=0," ",IFERROR(IF(DATEDIF(TODAY(),Q56,"M")<=5,"ROJO",IF(DATEDIF(TODAY(),Q56,"M")>=12,"VERDE",IF(AND(DATEDIF(TODAY(),Q56,"M")>=6,DATEDIF(TODAY(),Q56,"M")<=11),"AMARILLO"))),S56)) | S56: =IF(Q56=0," ",IF(Q56<=$N$5,"VENCIDO","NO VENCIDO"))
R57: =IF(Q57=0," ",IFERROR(IF(DATEDIF(TODAY(),Q57,"M")<=5,"ROJO",IF(DATEDIF(TODAY(),Q57,"M")>=12,"VERDE",IF(AND(DATEDIF(TODAY(),Q57,"M")>=6,DATEDIF(TODAY(),Q57,"M")<=11),"AMARILLO"))),S57)) | S57: =IF(Q57=0," ",IF(Q57<=$N$5,"VENCIDO","NO VENCIDO"))
R58: =IF(Q58=0," ",IFERROR(IF(DATEDIF(TODAY(),Q58,"M")<=5,"ROJO",IF(DATEDIF(TODAY(),Q58,"M")>=12,"VERDE",IF(AND(DATEDIF(TODAY(),Q58,"M")>=6,DATEDIF(TODAY(),Q58,"M")<=11),"AMARILLO"))),S58)) | S58: =IF(Q58=0," ",IF(Q58<=$N$5,"VENCIDO","NO VENCIDO"))
M59: =M54=N59 -> TRUE | N59: =SUM(N54:N58) -> 2 | O59: “Verdadero” indica que la cantidad por lote, coincide con el saldo que inicia al mes siguiente. "Falso" no coinicide. | T59: =SUM(T54:T58) -> 0
A60: =A54+1 -> 10 | B60: Vacuna de Rotavirus Liquida (administración oral) | D60: =+Enero!M60 -> 202 | E60: 100 | F60: 83 | J60: =+F60+G60 -> 83 | K60: =+AO60 -> 0 | L60: =+J60+K60 -> 83 | M60: =+(D60+E60)-(L60)+H60-I60 -> 219 | N60: 219 | O60: AROLE203AC | Q60: 46447 | R60: =IF(Q60=0," ",IFERROR(IF(DATEDIF(TODAY(),Q60,"M")<=5,"ROJO",IF(DATEDIF(TODAY(),Q60,"M")>=12,"VERDE",IF(AND(DATEDIF(TODAY(),Q60,"M")>=6,DATEDIF(TODAY(),Q60,"M")<=11),"AMARILLO"))),S60)) -> ROJO | S60: =IF(Q60=0," ",IF(Q60<=$N$5,"VENCIDO","NO VENCIDO")) -> NO VENCIDO | Y60: =+AT60 -> 0 | AD60: =+AB60+AC60 -> 0 | AO60: =SUM(AD60:AN64) -> 0
R61: =IF(Q61=0," ",IFERROR(IF(DATEDIF(TODAY(),Q61,"M")<=5,"ROJO",IF(DATEDIF(TODAY(),Q61,"M")>=12,"VERDE",IF(AND(DATEDIF(TODAY(),Q61,"M")>=6,DATEDIF(TODAY(),Q61,"M")<=11),"AMARILLO"))),S61)) | S61: =IF(Q61=0," ",IF(Q61<=$N$5,"VENCIDO","NO VENCIDO"))
R62: =IF(Q62=0," ",IFERROR(IF(DATEDIF(TODAY(),Q62,"M")<=5,"ROJO",IF(DATEDIF(TODAY(),Q62,"M")>=12,"VERDE",IF(AND(DATEDIF(TODAY(),Q62,"M")>=6,DATEDIF(TODAY(),Q62,"M")<=11),"AMARILLO"))),S62)) | S62: =IF(Q62=0," ",IF(Q62<=$N$5,"VENCIDO","NO VENCIDO"))
R63: =IF(Q63=0," ",IFERROR(IF(DATEDIF(TODAY(),Q63,"M")<=5,"ROJO",IF(DATEDIF(TODAY(),Q63,"M")>=12,"VERDE",IF(AND(DATEDIF(TODAY(),Q63,"M")>=6,DATEDIF(TODAY(),Q63,"M")<=11),"AMARILLO"))),S63)) | S63: =IF(Q63=0," ",IF(Q63<=$N$5,"VENCIDO","NO VENCIDO"))
R64: =IF(Q64=0," ",IFERROR(IF(DATEDIF(TODAY(),Q64,"M")<=5,"ROJO",IF(DATEDIF(TODAY(),Q64,"M")>=12,"VERDE",IF(AND(DATEDIF(TODAY(),Q64,"M")>=6,DATEDIF(TODAY(),Q64,"M")<=11),"AMARILLO"))),S64)) | S64: =IF(Q64=0," ",IF(Q64<=$N$5,"VENCIDO","NO VENCIDO"))
M65: =M60=N65 -> TRUE | N65: =SUM(N60:N64) -> 219 | O65: “Verdadero” indica que la cantidad por lote, coincide con el saldo que inicia al mes siguiente. "Falso" no coinicide. | T65: =SUM(T60:T64) -> 0
A66: =A60+1 -> 11 | B66: Vacuna Antineumocócica Conjugada (13-valente) PCV13 - Liquida | D66: =+Enero!M66 -> 419 | F66: 156 | J66: =+F66+G66 -> 156 | K66: =+AO66 -> 0 | L66: =+J66+K66 -> 156 | M66: =+(D66+E66)-(L66)+H66-I66 -> 263 | N66: 263 | O66: HW2963 | Q66: 46327 | R66: =IF(Q66=0," ",IFERROR(IF(DATEDIF(TODAY(),Q66,"M")<=5,"ROJO",IF(DATEDIF(TODAY(),Q66,"M")>=12,"VERDE",IF(AND(DATEDIF(TODAY(),Q66,"M")>=6,DATEDIF(TODAY(),Q66,"M")<=11),"AMARILLO"))),S66)) -> ROJO | S66: =IF(Q66=0," ",IF(Q66<=$N$5,"VENCIDO","NO VENCIDO")) -> NO VENCIDO | Y66: =+AT66 -> 0 | AD66: =+AB66+AC66 -> 0 | AO66: =SUM(AD66:AN70) -> 0
R67: =IF(Q67=0," ",IFERROR(IF(DATEDIF(TODAY(),Q67,"M")<=5,"ROJO",IF(DATEDIF(TODAY(),Q67,"M")>=12,"VERDE",IF(AND(DATEDIF(TODAY(),Q67,"M")>=6,DATEDIF(TODAY(),Q67,"M")<=11),"AMARILLO"))),S67)) | S67: =IF(Q67=0," ",IF(Q67<=$N$5,"VENCIDO","NO VENCIDO"))
R68: =IF(Q68=0," ",IFERROR(IF(DATEDIF(TODAY(),Q68,"M")<=5,"ROJO",IF(DATEDIF(TODAY(),Q68,"M")>=12,"VERDE",IF(AND(DATEDIF(TODAY(),Q68,"M")>=6,DATEDIF(TODAY(),Q68,"M")<=11),"AMARILLO"))),S68)) | S68: =IF(Q68=0," ",IF(Q68<=$N$5,"VENCIDO","NO VENCIDO"))
R69: =IF(Q69=0," ",IFERROR(IF(DATEDIF(TODAY(),Q69,"M")<=5,"ROJO",IF(DATEDIF(TODAY(),Q69,"M")>=12,"VERDE",IF(AND(DATEDIF(TODAY(),Q69,"M")>=6,DATEDIF(TODAY(),Q69,"M")<=11),"AMARILLO"))),S69)) | S69: =IF(Q69=0," ",IF(Q69<=$N$5,"VENCIDO","NO VENCIDO"))
R70: =IF(Q70=0," ",IFERROR(IF(DATEDIF(TODAY(),Q70,"M")<=5,"ROJO",IF(DATEDIF(TODAY(),Q70,"M")>=12,"VERDE",IF(AND(DATEDIF(TODAY(),Q70,"M")>=6,DATEDIF(TODAY(),Q70,"M")<=11),"AMARILLO"))),S70)) | S70: =IF(Q70=0," ",IF(Q70<=$N$5,"VENCIDO","NO VENCIDO"))
M71: =M66=N71 -> TRUE | N71: =SUM(N66:N70) -> 263 | O71: “Verdadero” indica que la cantidad por lote, coincide con el saldo que inicia al mes siguiente. "Falso" no coinicide. | T71: =SUM(T66:T70) -> 0
A72: =A66+1 -> 12 | B72: Vacuna Antineumocócica Conjugada (20-valente) PCV20 - Liquida | D72: =+Enero!M72 -> 0 | J72: =+F72+G72 -> 0 | K72: =+AO72 -> 0 | L72: =+J72+K72 -> 0 | M72: =+(D72+E72)-(L72)+H72-I72 -> 0 | R72: =IF(Q72=0," ",IFERROR(IF(DATEDIF(TODAY(),Q72,"M")<=5,"ROJO",IF(DATEDIF(TODAY(),Q72,"M")>=12,"VERDE",IF(AND(DATEDIF(TODAY(),Q72,"M")>=6,DATEDIF(TODAY(),Q72,"M")<=11),"AMARILLO"))),S72)) | S72: =IF(Q72=0," ",IF(Q72<=$N$5,"VENCIDO","NO VENCIDO")) | Y72: =+AT72 -> 0 | AD72: =+AB72+AC72 -> 0 | AO72: =SUM(AD72:AN76) -> 0
R73: =IF(Q73=0," ",IFERROR(IF(DATEDIF(TODAY(),Q73,"M")<=5,"ROJO",IF(DATEDIF(TODAY(),Q73,"M")>=12,"VERDE",IF(AND(DATEDIF(TODAY(),Q73,"M")>=6,DATEDIF(TODAY(),Q73,"M")<=11),"AMARILLO"))),S73)) | S73: =IF(Q73=0," ",IF(Q73<=$N$5,"VENCIDO","NO VENCIDO"))
R74: =IF(Q74=0," ",IFERROR(IF(DATEDIF(TODAY(),Q74,"M")<=5,"ROJO",IF(DATEDIF(TODAY(),Q74,"M")>=12,"VERDE",IF(AND(DATEDIF(TODAY(),Q74,"M")>=6,DATEDIF(TODAY(),Q74,"M")<=11),"AMARILLO"))),S74)) | S74: =IF(Q74=0," ",IF(Q74<=$N$5,"VENCIDO","NO VENCIDO"))
R75: =IF(Q75=0," ",IFERROR(IF(DATEDIF(TODAY(),Q75,"M")<=5,"ROJO",IF(DATEDIF(TODAY(),Q75,"M")>=12,"VERDE",IF(AND(DATEDIF(TODAY(),Q75,"M")>=6,DATEDIF(TODAY(),Q75,"M")<=11),"AMARILLO"))),S75)) | S75: =IF(Q75=0," ",IF(Q75<=$N$5,"VENCIDO","NO VENCIDO"))
R76: =IF(Q76=0," ",IFERROR(IF(DATEDIF(TODAY(),Q76,"M")<=5,"ROJO",IF(DATEDIF(TODAY(),Q76,"M")>=12,"VERDE",IF(AND(DATEDIF(TODAY(),Q76,"M")>=6,DATEDIF(TODAY(),Q76,"M")<=11),"AMARILLO"))),S76)) | S76: =IF(Q76=0," ",IF(Q76<=$N$5,"VENCIDO","NO VENCIDO"))
M77: =M72=N77 -> TRUE | N77: =SUM(N72:N76) -> 0 | O77: “Verdadero” indica que la cantidad por lote, coincide con el saldo que inicia al mes siguiente. "Falso" no coinicide. | T77: =SUM(T72:T76) -> 0
A78: =A72+1 -> 13 | B78: Vacuna de Sarampión, Rubeola y Paperas (SRP) (Cepa Leningrado-Zagreb) Liofilizado - Vial x 01 dosis - TRIPLE VIRAL | D78: =+Enero!M78 -> 386 | E78: 100 | F78: 139 | J78: =+F78+G78 -> 139 | K78: =+AO78 -> 0 | L78: =+J78+K78 -> 139 | M78: =+(D78+E78)-(L78)+H78-I78 -> 347 | N78: 347 | O78: 0133N146B | Q78: 46266 | R78: =IF(Q78=0," ",IFERROR(IF(DATEDIF(TODAY(),Q78,"M")<=5,"ROJO",IF(DATEDIF(TODAY(),Q78,"M")>=12,"VERDE",IF(AND(DATEDIF(TODAY(),Q78,"M")>=6,DATEDIF(TODAY(),Q78,"M")<=11),"AMARILLO"))),S78)) -> NO VENCIDO | S78: =IF(Q78=0," ",IF(Q78<=$N$5,"VENCIDO","NO VENCIDO")) -> NO VENCIDO | Y78: =+AT78 -> 0 | AD78: =+AB78+AC78 -> 0 | AO78: =SUM(AD78:AN82) -> 0
R79: =IF(Q79=0," ",IFERROR(IF(DATEDIF(TODAY(),Q79,"M")<=5,"ROJO",IF(DATEDIF(TODAY(),Q79,"M")>=12,"VERDE",IF(AND(DATEDIF(TODAY(),Q79,"M")>=6,DATEDIF(TODAY(),Q79,"M")<=11),"AMARILLO"))),S79)) | S79: =IF(Q79=0," ",IF(Q79<=$N$5,"VENCIDO","NO VENCIDO"))
R80: =IF(Q80=0," ",IFERROR(IF(DATEDIF(TODAY(),Q80,"M")<=5,"ROJO",IF(DATEDIF(TODAY(),Q80,"M")>=12,"VERDE",IF(AND(DATEDIF(TODAY(),Q80,"M")>=6,DATEDIF(TODAY(),Q80,"M")<=11),"AMARILLO"))),S80)) | S80: =IF(Q80=0," ",IF(Q80<=$N$5,"VENCIDO","NO VENCIDO"))
R81: =IF(Q81=0," ",IFERROR(IF(DATEDIF(TODAY(),Q81,"M")<=5,"ROJO",IF(DATEDIF(TODAY(),Q81,"M")>=12,"VERDE",IF(AND(DATEDIF(TODAY(),Q81,"M")>=6,DATEDIF(TODAY(),Q81,"M")<=11),"AMARILLO"))),S81)) | S81: =IF(Q81=0," ",IF(Q81<=$N$5,"VENCIDO","NO VENCIDO"))
R82: =IF(Q82=0," ",IFERROR(IF(DATEDIF(TODAY(),Q82,"M")<=5,"ROJO",IF(DATEDIF(TODAY(),Q82,"M")>=12,"VERDE",IF(AND(DATEDIF(TODAY(),Q82,"M")>=6,DATEDIF(TODAY(),Q82,"M")<=11),"AMARILLO"))),S82)) | S82: =IF(Q82=0," ",IF(Q82<=$N$5,"VENCIDO","NO VENCIDO"))
M83: =M78=N83 -> TRUE | N83: =SUM(N78:N82) -> 347 | O83: “Verdadero” indica que la cantidad por lote, coincide con el saldo que inicia al mes siguiente. "Falso" no coinicide. | T83: =SUM(T78:T82) -> 0
A84: =A78+1 -> 14 | B84: Vacuna de Sarampión, Rubeola y Paperas (SRP) (Cepa Leningrado-Zagreb) Liofilizado - Vial x 05 dosis - TRIPLE VIRAL | D84: =+Enero!M84 -> 0 | J84: =+F84+G84 -> 0 | K84: =+AO84 -> 0 | L84: =+J84+K84 -> 0 | M84: =+(D84+E84)-(L84)+H84-I84 -> 0 | R84: =IF(Q84=0," ",IFERROR(IF(DATEDIF(TODAY(),Q84,"M")<=5,"ROJO",IF(DATEDIF(TODAY(),Q84,"M")>=12,"VERDE",IF(AND(DATEDIF(TODAY(),Q84,"M")>=6,DATEDIF(TODAY(),Q84,"M")<=11),"AMARILLO"))),S84)) | S84: =IF(Q84=0," ",IF(Q84<=$N$5,"VENCIDO","NO VENCIDO")) | Y84: =+AT84 -> 0 | AD84: =+AB84+AC84 -> 0 | AO84: =SUM(AD84:AN88) -> 0
R85: =IF(Q85=0," ",IFERROR(IF(DATEDIF(TODAY(),Q85,"M")<=5,"ROJO",IF(DATEDIF(TODAY(),Q85,"M")>=12,"VERDE",IF(AND(DATEDIF(TODAY(),Q85,"M")>=6,DATEDIF(TODAY(),Q85,"M")<=11),"AMARILLO"))),S85)) | S85: =IF(Q85=0," ",IF(Q85<=$N$5,"VENCIDO","NO VENCIDO"))
R86: =IF(Q86=0," ",IFERROR(IF(DATEDIF(TODAY(),Q86,"M")<=5,"ROJO",IF(DATEDIF(TODAY(),Q86,"M")>=12,"VERDE",IF(AND(DATEDIF(TODAY(),Q86,"M")>=6,DATEDIF(TODAY(),Q86,"M")<=11),"AMARILLO"))),S86)) | S86: =IF(Q86=0," ",IF(Q86<=$N$5,"VENCIDO","NO VENCIDO"))
R87: =IF(Q87=0," ",IFERROR(IF(DATEDIF(TODAY(),Q87,"M")<=5,"ROJO",IF(DATEDIF(TODAY(),Q87,"M")>=12,"VERDE",IF(AND(DATEDIF(TODAY(),Q87,"M")>=6,DATEDIF(TODAY(),Q87,"M")<=11),"AMARILLO"))),S87)) | S87: =IF(Q87=0," ",IF(Q87<=$N$5,"VENCIDO","NO VENCIDO"))
R88: =IF(Q88=0," ",IFERROR(IF(DATEDIF(TODAY(),Q88,"M")<=5,"ROJO",IF(DATEDIF(TODAY(),Q88,"M")>=12,"VERDE",IF(AND(DATEDIF(TODAY(),Q88,"M")>=6,DATEDIF(TODAY(),Q88,"M")<=11),"AMARILLO"))),S88)) | S88: =IF(Q88=0," ",IF(Q88<=$N$5,"VENCIDO","NO VENCIDO"))
M89: =M84=N89 -> TRUE | N89: =SUM(N84:N88) -> 0 | O89: “Verdadero” indica que la cantidad por lote, coincide con el saldo que inicia al mes siguiente. "Falso" no coinicide. | T89: =SUM(T84:T88) -> 0
A90: =A84+1 -> 15 | B90: Vacuna de Sarampión, Rubeola y Paperas (SRP) (Cepa Leningrado-Zagreb) Liofilizado - Vial x 10 dosis - TRIPLE VIRAL | D90: =+Enero!M90 -> 0 | J90: =+F90+G90 -> 0 | K90: =+AO90 -> 0 | L90: =+J90+K90 -> 0 | M90: =+(D90+E90)-(L90)+H90-I90 -> 0 | R90: =IF(Q90=0," ",IFERROR(IF(DATEDIF(TODAY(),Q90,"M")<=5,"ROJO",IF(DATEDIF(TODAY(),Q90,"M")>=12,"VERDE",IF(AND(DATEDIF(TODAY(),Q90,"M")>=6,DATEDIF(TODAY(),Q90,"M")<=11),"AMARILLO"))),S90)) | S90: =IF(Q90=0," ",IF(Q90<=$N$5,"VENCIDO","NO VENCIDO")) | Y90: =+AT90 -> 0 | AD90: =+AB90+AC90 -> 0 | AO90: =SUM(AD90:AN94) -> 0
R91: =IF(Q91=0," ",IFERROR(IF(DATEDIF(TODAY(),Q91,"M")<=5,"ROJO",IF(DATEDIF(TODAY(),Q91,"M")>=12,"VERDE",IF(AND(DATEDIF(TODAY(),Q91,"M")>=6,DATEDIF(TODAY(),Q91,"M")<=11),"AMARILLO"))),S91)) | S91: =IF(Q91=0," ",IF(Q91<=$N$5,"VENCIDO","NO VENCIDO"))
R92: =IF(Q92=0," ",IFERROR(IF(DATEDIF(TODAY(),Q92,"M")<=5,"ROJO",IF(DATEDIF(TODAY(),Q92,"M")>=12,"VERDE",IF(AND(DATEDIF(TODAY(),Q92,"M")>=6,DATEDIF(TODAY(),Q92,"M")<=11),"AMARILLO"))),S92)) | S92: =IF(Q92=0," ",IF(Q92<=$N$5,"VENCIDO","NO VENCIDO"))
R93: =IF(Q93=0," ",IFERROR(IF(DATEDIF(TODAY(),Q93,"M")<=5,"ROJO",IF(DATEDIF(TODAY(),Q93,"M")>=12,"VERDE",IF(AND(DATEDIF(TODAY(),Q93,"M")>=6,DATEDIF(TODAY(),Q93,"M")<=11),"AMARILLO"))),S93)) | S93: =IF(Q93=0," ",IF(Q93<=$N$5,"VENCIDO","NO VENCIDO"))
R94: =IF(Q94=0," ",IFERROR(IF(DATEDIF(TODAY(),Q94,"M")<=5,"ROJO",IF(DATEDIF(TODAY(),Q94,"M")>=12,"VERDE",IF(AND(DATEDIF(TODAY(),Q94,"M")>=6,DATEDIF(TODAY(),Q94,"M")<=11),"AMARILLO"))),S94)) | S94: =IF(Q94=0," ",IF(Q94<=$N$5,"VENCIDO","NO VENCIDO"))
M95: =M90=N95 -> TRUE | N95: =SUM(N90:N94) -> 0 | O95: “Verdadero” indica que la cantidad por lote, coincide con el saldo que inicia al mes siguiente. "Falso" no coinicide. | T95: =SUM(T90:T94) -> 0
A96: =A90+1 -> 16 | B96: Vacuna de Sarampión Rubeola (SR) Liofilizada - Vial x 01 dosis -DOBLE VIRAL | D96: =+Enero!M96 -> 0 | E96: 20 | F96: 1 | J96: =+F96+G96 -> 1 | K96: =+AO96 -> 0 | L96: =+J96+K96 -> 1 | M96: =+(D96+E96)-(L96)+H96-I96 -> 19 | N96: 19 | O96: 0094W002 | Q96: 46327 | R96: =IF(Q96=0," ",IFERROR(IF(DATEDIF(TODAY(),Q96,"M")<=5,"ROJO",IF(DATEDIF(TODAY(),Q96,"M")>=12,"VERDE",IF(AND(DATEDIF(TODAY(),Q96,"M")>=6,DATEDIF(TODAY(),Q96,"M")<=11),"AMARILLO"))),S96)) -> ROJO | S96: =IF(Q96=0," ",IF(Q96<=$N$5,"VENCIDO","NO VENCIDO")) -> NO VENCIDO | Y96: =+AT96 -> 0 | AD96: =+AB96+AC96 -> 0 | AO96: =SUM(AD96:AN100) -> 0
R97: =IF(Q97=0," ",IFERROR(IF(DATEDIF(TODAY(),Q97,"M")<=5,"ROJO",IF(DATEDIF(TODAY(),Q97,"M")>=12,"VERDE",IF(AND(DATEDIF(TODAY(),Q97,"M")>=6,DATEDIF(TODAY(),Q97,"M")<=11),"AMARILLO"))),S97)) | S97: =IF(Q97=0," ",IF(Q97<=$N$5,"VENCIDO","NO VENCIDO"))
R98: =IF(Q98=0," ",IFERROR(IF(DATEDIF(TODAY(),Q98,"M")<=5,"ROJO",IF(DATEDIF(TODAY(),Q98,"M")>=12,"VERDE",IF(AND(DATEDIF(TODAY(),Q98,"M")>=6,DATEDIF(TODAY(),Q98,"M")<=11),"AMARILLO"))),S98)) | S98: =IF(Q98=0," ",IF(Q98<=$N$5,"VENCIDO","NO VENCIDO"))
R99: =IF(Q99=0," ",IFERROR(IF(DATEDIF(TODAY(),Q99,"M")<=5,"ROJO",IF(DATEDIF(TODAY(),Q99,"M")>=12,"VERDE",IF(AND(DATEDIF(TODAY(),Q99,"M")>=6,DATEDIF(TODAY(),Q99,"M")<=11),"AMARILLO"))),S99)) | S99: =IF(Q99=0," ",IF(Q99<=$N$5,"VENCIDO","NO VENCIDO"))
R100: =IF(Q100=0," ",IFERROR(IF(DATEDIF(TODAY(),Q100,"M")<=5,"ROJO",IF(DATEDIF(TODAY(),Q100,"M")>=12,"VERDE",IF(AND(DATEDIF(TODAY(),Q100,"M")>=6,DATEDIF(TODAY(),Q100,"M")<=11),"AMARILLO"))),S100)) | S100: =IF(Q100=0," ",IF(Q100<=$N$5,"VENCIDO","NO VENCIDO"))
M101: =M96=N101 -> TRUE | N101: =SUM(N96:N100) -> 19 | O101: “Verdadero” indica que la cantidad por lote, coincide con el saldo que inicia al mes siguiente. "Falso" no coinicide. | T101: =SUM(T96:T100) -> 0
A102: =A96+1 -> 17 | B102: Vacuna de Sarampión Rubeola (SR) Liofilizada - Vial x 10 dosis - DOBLE VIRAL | D102: =+Enero!M102 -> 0 | J102: =+F102+G102 -> 0 | K102: =+AO102 -> 0 | L102: =+J102+K102 -> 0 | M102: =+(D102+E102)-(L102)+H102-I102 -> 0 | R102: =IF(Q102=0," ",IFERROR(IF(DATEDIF(TODAY(),Q102,"M")<=5,"ROJO",IF(DATEDIF(TODAY(),Q102,"M")>=12,"VERDE",IF(AND(DATEDIF(TODAY(),Q102,"M")>=6,DATEDIF(TODAY(),Q102,"M")<=11),"AMARILLO"))),S102)) | S102: =IF(Q102=0," ",IF(Q102<=$N$5,"VENCIDO","NO VENCIDO")) | Y102: =+AT102 -> 0 | AD102: =+AB102+AC102 -> 0 | AO102: =SUM(AD102:AN106) -> 0
R103: =IF(Q103=0," ",IFERROR(IF(DATEDIF(TODAY(),Q103,"M")<=5,"ROJO",IF(DATEDIF(TODAY(),Q103,"M")>=12,"VERDE",IF(AND(DATEDIF(TODAY(),Q103,"M")>=6,DATEDIF(TODAY(),Q103,"M")<=11),"AMARILLO"))),S103)) | S103: =IF(Q103=0," ",IF(Q103<=$N$5,"VENCIDO","NO VENCIDO"))
R104: =IF(Q104=0," ",IFERROR(IF(DATEDIF(TODAY(),Q104,"M")<=5,"ROJO",IF(DATEDIF(TODAY(),Q104,"M")>=12,"VERDE",IF(AND(DATEDIF(TODAY(),Q104,"M")>=6,DATEDIF(TODAY(),Q104,"M")<=11),"AMARILLO"))),S104)) | S104: =IF(Q104=0," ",IF(Q104<=$N$5,"VENCIDO","NO VENCIDO"))
...

Sheet Marzo
A1: MUNICIPIOS / IPS VACUNADORAS
A2: ÍTEM | B2: INSUMOS | D2: SALDO MES ANTERIOR | E2: BIOLÓGICO RECIBIDO DEL CENTRO DE ACOPIO DEPARTAMENTAL / DISTRITAL | F2: DOSIS APLICADAS | H2: Entradas | I2: Salidas | J2: TOTAL DOSIS APLICADAS | K2: DOSIS PERDIDAS | L2: TOTAL DOSIS ÚTILIZADAS EN EL MES | M2: SALDO QUE INICIA EL MES SIGUIENTE (SOLO MUNICIPIOS) | N2: DOSIS POR LOTES | O2: No. LOTE | P2: LABORATORIO | Q2: FECHA DE VENCIMIENTO | R2: SEMAFORIZACION VIDA ÚTIL DEL BIOLÓGICO | S2: CONDICIÓN FINAL DEL BIOLÓGICO, DILUYENTE Y CARNET | T2: DOSIS EN CUARENTENA | U2: LABORATORIO | V2: No. LOTE | W2: FECHA DE VENCIMEINTO | X2: FECHA DE INICIO CUARENTENA | Y2: PORCENTAJE DE PERDIDA DEL MES | Z2: OBSERVACIONES | AB2: CAUSAS PERDIDA DE BIOLÓGICOS (Remítase a la primera hoja donde se especifica la clasificación de las perdidas) | AO2: TOTAL DOSIS PERDIDAS
F3: DOSIS APLICADAS COLOMBIANOS | G3: DOSIS APLICADAS EXTRANJEROS | H3: DOSIS INGRESADAS POR TRASLADOS DE MUNICIPIOS O IPS | I3: DOSIS TRASLADADAS A OTROS MUNICIPIOS O IPS | AB3: 1 | AE3: 2 | AF3: 3 | AG3: 4 | AH3: 5 | AI3: 6 | AJ3: 7 | AK3: 8 | AL3: 9 | AM3: 10 | AN3: 11
AB4: POLÍTICA DE FRASCOS ABIERTO | AE4: INTERRUPCIÓN DE CADENA DE FRÍO | AF4: CONTAMINACION DEL BIOLÓGICO/DISPOSITIVO MÉDICO | AG4: VIAL ROTO | AH4: ERRORES EN LA MANIPULACIÓN | AI4: VENCIMIENTO DEL BIOLÓGICO O JERINGA | AJ4: FARMACOVIGILANCIA / TECNOVIGILANCIA | AK4: VOMITO FRANCO | AL4: APLICACIÓN FUERA DE LA EDAD | AM4: POR DECISIÓN FINAL DEL PACIENTE DE NO VACUNACIÓN | AN4: SINIESTRO O ROBO
AB5: INSTITUCIONAL | AC5: EXTRAMURAL | AD5: TOTAL
A6: 1 | B6: Vacuna de BCG (Bacilo de Calmette y Guérin) Liofilizada | D6: =+Febrero!M6 -> 200 | E6: 300 | F6: 37 | J6: =+F6+G6 -> 37 | K6: =+AO6 -> 233 | L6: =+J6+K6 -> 270 | M6: =+(D6+E6)-(L6)+H6-I6 -> 230 | N6: 230 | O6: 0374MA072 | Q6: 46357 | R6: =IF(Q6=0," ",IFERROR(IF(DATEDIF(TODAY(),Q6,"M")<=5,"ROJO",IF(DATEDIF(TODAY(),Q6,"M")>=12,"VERDE",IF(AND(DATEDIF(TODAY(),Q6,"M")>=6,DATEDIF(TODAY(),Q6,"M")<=11),"AMARILLO"))),S6)) -> ROJO | S6: =IF(Q6=0," ",IF(Q6<=$N$5,"VENCIDO","NO VENCIDO")) -> NO VENCIDO | Y6: =+AT6 -> 0 | AB6: 95 | AC6: 138 | AD6: =+AB6+AC6 -> 233 | AO6: =SUM(AD6:AN10) -> 233
R7: =IF(Q7=0," ",IFERROR(IF(DATEDIF(TODAY(),Q7,"M")<=5,"ROJO",IF(DATEDIF(TODAY(),Q7,"M")>=12,"VERDE",IF(AND(DATEDIF(TODAY(),Q7,"M")>=6,DATEDIF(TODAY(),Q7,"M")<=11),"AMARILLO"))),S7)) | S7: =IF(Q7=0," ",IF(Q7<=$N$5,"VENCIDO","NO VENCIDO"))
R8: =IF(Q8=0," ",IFERROR(IF(DATEDIF(TODAY(),Q8,"M")<=5,"ROJO",IF(DATEDIF(TODAY(),Q8,"M")>=12,"VERDE",IF(AND(DATEDIF(TODAY(),Q8,"M")>=6,DATEDIF(TODAY(),Q8,"M")<=11),"AMARILLO"))),S8)) | S8: =IF(Q8=0," ",IF(Q8<=$N$5,"VENCIDO","NO VENCIDO"))
R9: =IF(Q9=0," ",IFERROR(IF(DATEDIF(TODAY(),Q9,"M")<=5,"ROJO",IF(DATEDIF(TODAY(),Q9,"M")>=12,"VERDE",IF(AND(DATEDIF(TODAY(),Q9,"M")>=6,DATEDIF(TODAY(),Q9,"M")<=11),"AMARILLO"))),S9)) | S9: =IF(Q9=0," ",IF(Q9<=$N$5,"VENCIDO","NO VENCIDO"))
R10: =IF(Q10=0," ",IFERROR(IF(DATEDIF(TODAY(),Q10,"M")<=5,"ROJO",IF(DATEDIF(TODAY(),Q10,"M")>=12,"VERDE",IF(AND(DATEDIF(TODAY(),Q10,"M")>=6,DATEDIF(TODAY(),Q10,"M")<=11),"AMARILLO"))),S10)) | S10: =IF(Q10=0," ",IF(Q10<=$N$5,"VENCIDO","NO VENCIDO"))
M11: =M6=N11 -> TRUE | N11: =SUM(N6:N10) -> 230 | O11: “Verdadero” indica que la cantidad por lote, coincide con el saldo que inicia al mes siguiente. "Falso" no coinicide. | T11: =SUM(T6:T10) -> 0
A12: =A6+1 -> 2 | B12: Vacuna de Hepatitis B Recombinante Pediátrica - Liquida | D12: =+Febrero!M12 -> 79 | E12: 150 | F12: 32 | J12: =+F12+G12 -> 32 | K12: =+AO12 -> 0 | L12: =+J12+K12 -> 32 | M12: =+(D12+E12)-(L12)+H12-I12 -> 197 | N12: 197 | O12: 0324LO13B | Q12: 46784 | R12: =IF(Q12=0," ",IFERROR(IF(DATEDIF(TODAY(),Q12,"M")<=5,"ROJO",IF(DATEDIF(TODAY(),Q12,"M")>=12,"VERDE",IF(AND(DATEDIF(TODAY(),Q12,"M")>=6,DATEDIF(TODAY(),Q12,"M")<=11),"AMARILLO"))),S12)) -> VERDE | S12: =IF(Q12=0," ",IF(Q12<=$N$5,"VENCIDO","NO VENCIDO")) -> NO VENCIDO | Y12: =+AT12 -> 0 | AD12: =+AB12+AC12 -> 0 | AO12: =SUM(AD12:AN16) -> 0
R13: =IF(Q13=0," ",IFERROR(IF(DATEDIF(TODAY(),Q13,"M")<=5,"ROJO",IF(DATEDIF(TODAY(),Q13,"M")>=12,"VERDE",IF(AND(DATEDIF(TODAY(),Q13,"M")>=6,DATEDIF(TODAY(),Q13,"M")<=11),"AMARILLO"))),S13)) | S13: =IF(Q13=0," ",IF(Q13<=$N$5,"VENCIDO","NO VENCIDO"))
R14: =IF(Q14=0," ",IFERROR(IF(DATEDIF(TODAY(),Q14,"M")<=5,"ROJO",IF(DATEDIF(TODAY(),Q14,"M")>=12,"VERDE",IF(AND(DATEDIF(TODAY(),Q14,"M")>=6,DATEDIF(TODAY(),Q14,"M")<=11),"AMARILLO"))),S14)) | S14: =IF(Q14=0," ",IF(Q14<=$N$5,"VENCIDO","NO VENCIDO"))
R15: =IF(Q15=0," ",IFERROR(IF(DATEDIF(TODAY(),Q15,"M")<=5,"ROJO",IF(DATEDIF(TODAY(),Q15,"M")>=12,"VERDE",IF(AND(DATEDIF(TODAY(),Q15,"M")>=6,DATEDIF(TODAY(),Q15,"M")<=11),"AMARILLO"))),S15)) | S15: =IF(Q15=0," ",IF(Q15<=$N$5,"VENCIDO","NO VENCIDO"))
R16: =IF(Q16=0," ",IFERROR(IF(DATEDIF(TODAY(),Q16,"M")<=5,"ROJO",IF(DATEDIF(TODAY(),Q16,"M")>=12,"VERDE",IF(AND(DATEDIF(TODAY(),Q16,"M")>=6,DATEDIF(TODAY(),Q16,"M")<=11),"AMARILLO"))),S16)) | S16: =IF(Q16=0," ",IF(Q16<=$N$5,"VENCIDO","NO VENCIDO"))
M17: =M12=N17 -> TRUE | N17: =SUM(N12:N16) -> 197 | O17: “Verdadero” indica que la cantidad por lote, coincide con el saldo que inicia al mes siguiente. "Falso" no coinicide. | T17: =SUM(T12:T16) -> 0
A18: =A12+1 -> 3 | B18: Vacuna de Hepatitis B Recombinante Adultos - Liquida | D18: =+Febrero!M18 -> 12 | F18: 8 | J18: =+F18+G18 -> 8 | K18: =+AO18 -> 0 | L18: =+J18+K18 -> 8 | M18: =+(D18+E18)-(L18)+H18-I18 -> 4 | N18: 4 | O18: 03344X002C | Q18: 46539 | R18: =IF(Q18=0," ",IFERROR(IF(DATEDIF(TODAY(),Q18,"M")<=5,"ROJO",IF(DATEDIF(TODAY(),Q18,"M")>=12,"VERDE",IF(AND(DATEDIF(TODAY(),Q18,"M")>=6,DATEDIF(TODAY(),Q18,"M")<=11),"AMARILLO"))),S18)) -> AMARILLO | S18: =IF(Q18=0," ",IF(Q18<=$N$5,"VENCIDO","NO VENCIDO")) -> NO VENCIDO | Y18: =+AT18 -> 0 | AD18: =+AB18+AC18 -> 0 | AO18: =SUM(AD18:AN22) -> 0
R19: =IF(Q19=0," ",IFERROR(IF(DATEDIF(TODAY(),Q19,"M")<=5,"ROJO",IF(DATEDIF(TODAY(),Q19,"M")>=12,"VERDE",IF(AND(DATEDIF(TODAY(),Q19,"M")>=6,DATEDIF(TODAY(),Q19,"M")<=11),"AMARILLO"))),S19)) | S19: =IF(Q19=0," ",IF(Q19<=$N$5,"VENCIDO","NO VENCIDO"))
R20: =IF(Q20=0," ",IFERROR(IF(DATEDIF(TODAY(),Q20,"M")<=5,"ROJO",IF(DATEDIF(TODAY(),Q20,"M")>=12,"VERDE",IF(AND(DATEDIF(TODAY(),Q20,"M")>=6,DATEDIF(TODAY(),Q20,"M")<=11),"AMARILLO"))),S20)) | S20: =IF(Q20=0," ",IF(Q20<=$N$5,"VENCIDO","NO VENCIDO"))
R21: =IF(Q21=0," ",IFERROR(IF(DATEDIF(TODAY(),Q21,"M")<=5,"ROJO",IF(DATEDIF(TODAY(),Q21,"M")>=12,"VERDE",IF(AND(DATEDIF(TODAY(),Q21,"M")>=6,DATEDIF(TODAY(),Q21,"M")<=11),"AMARILLO"))),S21)) | S21: =IF(Q21=0," ",IF(Q21<=$N$5,"VENCIDO","NO VENCIDO"))
R22: =IF(Q22=0," ",IFERROR(IF(DATEDIF(TODAY(),Q22,"M")<=5,"ROJO",IF(DATEDIF(TODAY(),Q22,"M")>=12,"VERDE",IF(AND(DATEDIF(TODAY(),Q22,"M")>=6,DATEDIF(TODAY(),Q22,"M")<=11),"AMARILLO"))),S22)) | S22: =IF(Q22=0," ",IF(Q22<=$N$5,"VENCIDO","NO VENCIDO"))
M23: =M18=N23 -> TRUE | N23: =SUM(N18:N22) -> 4 | O23: “Verdadero” indica que la cantidad por lote, coincide con el saldo que inicia al mes siguiente. "Falso" no coinicide. | T23: =SUM(T18:T22) -> 0
A24: =A18+1 -> 4 | B24: Vacuna de Poliovirus Inactiva IPV - Liquida | D24: =+Febrero!M24 -> 177 | E24: 300 | F24: 243 | J24: =+F24+G24 -> 243 | K24: =+AO24 -> 0 | L24: =+J24+K24 -> 243 | M24: =+(D24+E24)-(L24)+H24-I24 -> 234 | N24: 234 | O24: 2522006A | Q24: 46784 | R24: =IF(Q24=0," ",IFERROR(IF(DATEDIF(TODAY(),Q24,"M")<=5,"ROJO",IF(DATEDIF(TODAY(),Q24,"M")>=12,"VERDE",IF(AND(DATEDIF(TODAY(),Q24,"M")>=6,DATEDIF(TODAY(),Q24,"M")<=11),"AMARILLO"))),S24)) -> VERDE | S24: =IF(Q24=0," ",IF(Q24<=$N$5,"VENCIDO","NO VENCIDO")) -> NO VENCIDO | Y24: =+AT24 -> 0 | AD24: =+AB24+AC24 -> 0 | AO24: =SUM(AD24:AN28) -> 0
R25: =IF(Q25=0," ",IFERROR(IF(DATEDIF(TODAY(),Q25,"M")<=5,"ROJO",IF(DATEDIF(TODAY(),Q25,"M")>=12,"VERDE",IF(AND(DATEDIF(TODAY(),Q25,"M")>=6,DATEDIF(TODAY(),Q25,"M")<=11),"AMARILLO"))),S25)) | S25: =IF(Q25=0," ",IF(Q25<=$N$5,"VENCIDO","NO VENCIDO"))
R26: =IF(Q26=0," ",IFERROR(IF(DATEDIF(TODAY(),Q26,"M")<=5,"ROJO",IF(DATEDIF(TODAY(),Q26,"M")>=12,"VERDE",IF(AND(DATEDIF(TODAY(),Q26,"M")>=6,DATEDIF(TODAY(),Q26,"M")<=11),"AMARILLO"))),S26)) | S26: =IF(Q26=0," ",IF(Q26<=$N$5,"VENCIDO","NO VENCIDO"))
R27: =IF(Q27=0," ",IFERROR(IF(DATEDIF(TODAY(),Q27,"M")<=5,"ROJO",IF(DATEDIF(TODAY(),Q27,"M")>=12,"VERDE",IF(AND(DATEDIF(TODAY(),Q27,"M")>=6,DATEDIF(TODAY(),Q27,"M")<=11),"AMARILLO"))),S27)) | S27: =IF(Q27=0," ",IF(Q27<=$N$5,"VENCIDO","NO VENCIDO"))
R28: =IF(Q28=0," ",IFERROR(IF(DATEDIF(TODAY(),Q28,"M")<=5,"ROJO",IF(DATEDIF(TODAY(),Q28,"M")>=12,"VERDE",IF(AND(DATEDIF(TODAY(),Q28,"M")>=6,DATEDIF(TODAY(),Q28,"M")<=11),"AMARILLO"))),S28)) | S28: =IF(Q28=0," ",IF(Q28<=$N$5,"VENCIDO","NO VENCIDO"))
M29: =M24=N29 -> TRUE | N29: =SUM(N24:N28) -> 234 | O29: “Verdadero” indica que la cantidad por lote, coincide con el saldo que inicia al mes siguiente. "Falso" no coinicide. | T29: =SUM(T24:T28) -> 0
A30: =A24+1 -> 5 | B30: Vacuna de Difteria - Tos ferina (Celula completa) - Tétanos - Hepatitis B - Haemophilus influenzae tipo B (DTwP-HepB-Hib) PENTAVALENTE PEDIÁTRICA - Liquida | D30: =+Febrero!M30 -> 224 | E30: 300 | F30: 202 | J30: =+F30+G30 -> 202 | K30: =+AO30 -> 0 | L30: =+J30+K30 -> 202 | M30: =+(D30+E30)-(L30)+H30-I30 -> 322 | N30: 322 | O30: 2855X001A | Q30: 46539 | R30: =IF(Q30=0," ",IFERROR(IF(DATEDIF(TODAY(),Q30,"M")<=5,"ROJO",IF(DATEDIF(TODAY(),Q30,"M")>=12,"VERDE",IF(AND(DATEDIF(TODAY(),Q30,"M")>=6,DATEDIF(TODAY(),Q30,"M")<=11),"AMARILLO"))),S30)) -> AMARILLO | S30: =IF(Q30=0," ",IF(Q30<=$N$5,"VENCIDO","NO VENCIDO")) -> NO VENCIDO | Y30: =+AT30 -> 0 | AD30: =+AB30+AC30 -> 0 | AO30: =SUM(AD30:AN34) -> 0
R31: =IF(Q31=0," ",IFERROR(IF(DATEDIF(TODAY(),Q31,"M")<=5,"ROJO",IF(DATEDIF(TODAY(),Q31,"M")>=12,"VERDE",IF(AND(DATEDIF(TODAY(),Q31,"M")>=6,DATEDIF(TODAY(),Q31,"M")<=11),"AMARILLO"))),S31)) | S31: =IF(Q31=0," ",IF(Q31<=$N$5,"VENCIDO","NO VENCIDO"))
R32: =IF(Q32=0," ",IFERROR(IF(DATEDIF(TODAY(),Q32,"M")<=5,"ROJO",IF(DATEDIF(TODAY(),Q32,"M")>=12,"VERDE",IF(AND(DATEDIF(TODAY(),Q32,"M")>=6,DATEDIF(TODAY(),Q32,"M")<=11),"AMARILLO"))),S32)) | S32: =IF(Q32=0," ",IF(Q32<=$N$5,"VENCIDO","NO VENCIDO"))
R33: =IF(Q33=0," ",IFERROR(IF(DATEDIF(TODAY(),Q33,"M")<=5,"ROJO",IF(DATEDIF(TODAY(),Q33,"M")>=12,"VERDE",IF(AND(DATEDIF(TODAY(),Q33,"M")>=6,DATEDIF(TODAY(),Q33,"M")<=11),"AMARILLO"))),S33)) | S33: =IF(Q33=0," ",IF(Q33<=$N$5,"VENCIDO","NO VENCIDO"))
R34: =IF(Q34=0," ",IFERROR(IF(DATEDIF(TODAY(),Q34,"M")<=5,"ROJO",IF(DATEDIF(TODAY(),Q34,"M")>=12,"VERDE",IF(AND(DATEDIF(TODAY(),Q34,"M")>=6,DATEDIF(TODAY(),Q34,"M")<=11),"AMARILLO"))),S34)) | S34: =IF(Q34=0," ",IF(Q34<=$N$5,"VENCIDO","NO VENCIDO"))
M35: =M30=N35 -> TRUE | N35: =SUM(N30:N34) -> 322 | O35: “Verdadero” indica que la cantidad por lote, coincide con el saldo que inicia al mes siguiente. "Falso" no coinicide. | T35: =SUM(T30:T34) -> 0
A36: =A30+1 -> 6 | B36: Vacuna de Difteria - Tétanos - Tos ferina acelular - Poliovirus inactivado - Hepatitis B - Haemophilus influenzae tipo B (DTaP-IPV-HepB-Hib (HEXAVALENTE ACELULAR) - Liquida | D36: =+Febrero!M36 -> 3 | J36: =+F36+G36 -> 0 | K36: =+AO36 -> 0 | L36: =+J36+K36 -> 0 | M36: =+(D36+E36)-(L36)+H36-I36 -> 3 | N36: 3 | O36: Y3CY9 | Q36: 46784 | R36: =IF(Q36=0," ",IFERROR(IF(DATEDIF(TODAY(),Q36,"M")<=5,"ROJO",IF(DATEDIF(TODAY(),Q36,"M")>=12,"VERDE",IF(AND(DATEDIF(TODAY(),Q36,"M")>=6,DATEDIF(TODAY(),Q36,"M")<=11),"AMARILLO"))),S36)) -> VERDE | S36: =IF(Q36=0," ",IF(Q36<=$N$5,"VENCIDO","NO VENCIDO")) -> NO VENCIDO | Y36: =+AT36 -> 0 | AD36: =+AB36+AC36 -> 0 | AO36: =SUM(AD36:AN40) -> 0
R37: =IF(Q37=0," ",IFERROR(IF(DATEDIF(TODAY(),Q37,"M")<=5,"ROJO",IF(DATEDIF(TODAY(),Q37,"M")>=12,"VERDE",IF(AND(DATEDIF(TODAY(),Q37,"M")>=6,DATEDIF(TODAY(),Q37,"M")<=11),"AMARILLO"))),S37)) | S37: =IF(Q37=0," ",IF(Q37<=$N$5,"VENCIDO","NO VENCIDO"))
R38: =IF(Q38=0," ",IFERROR(IF(DATEDIF(TODAY(),Q38,"M")<=5,"ROJO",IF(DATEDIF(TODAY(),Q38,"M")>=12,"VERDE",IF(AND(DATEDIF(TODAY(),Q38,"M")>=6,DATEDIF(TODAY(),Q38,"M")<=11),"AMARILLO"))),S38)) | S38: =IF(Q38=0," ",IF(Q38<=$N$5,"VENCIDO","NO VENCIDO"))
R39: =IF(Q39=0," ",IFERROR(IF(DATEDIF(TODAY(),Q39,"M")<=5,"ROJO",IF(DATEDIF(TODAY(),Q39,"M")>=12,"VERDE",IF(AND(DATEDIF(TODAY(),Q39,"M")>=6,DATEDIF(TODAY(),Q39,"M")<=11),"AMARILLO"))),S39)) | S39: =IF(Q39=0," ",IF(Q39<=$N$5,"VENCIDO","NO VENCIDO"))
R40: =IF(Q40=0," ",IFERROR(IF(DATEDIF(TODAY(),Q40,"M")<=5,"ROJO",IF(DATEDIF(TODAY(),Q40,"M")>=12,"VERDE",IF(AND(DATEDIF(TODAY(),Q40,"M")>=6,DATEDIF(TODAY(),Q40,"M")<=11),"AMARILLO"))),S40)) | S40: =IF(Q40=0," ",IF(Q40<=$N$5,"VENCIDO","NO VENCIDO"))
M41: =M36=N41 -> TRUE | N41: =SUM(N36:N40) -> 3 | O41: “Verdadero” indica que la cantidad por lote, coincide con el saldo que inicia al mes siguiente. "Falso" no coinicide. | T41: =SUM(T36:T40) -> 0
A42: =A36+1 -> 7 | B42: Vacuna de Difteria - Tos ferina (celula completa)- Tétanos - Hepatitis B - Haemophilus influenzae tipo B - Poliovirus inactivado (DTwP-HepB-Hib-IPV) - HEXAVALENTE DE CÉLULAS COMPLETAS - Liquida | D42: =+Febrero!M42 -> 0 | J42: =+F42+G42 -> 0 | K42: =+AO42 -> 0 | L42: =+J42+K42 -> 0 | M42: =+(D42+E42)-(L42)+H42-I42 -> 0 | Y42: =+AT42 -> 0 | AD42: =+AB42+AC42 -> 0 | AO42: =SUM(AD42:AN46) -> 0
M47: =M42=N47 -> TRUE | N47: =SUM(N42:N46) -> 0 | O47: “Verdadero” indica que la cantidad por lote, coincide con el saldo que inicia al mes siguiente. "Falso" no coinicide. | T47: =SUM(T42:T46) -> 0
A48: =A42+1 -> 8 | B48: Vacuna de Difteria, Tétano y Tosferina (DPT)- Liquida | D48: =+Febrero!M48 -> 118 | E48: 150 | F48: 38 | J48: =+F48+G48 -> 38 | K48: =+AO48 -> 43 | L48: =+J48+K48 -> 81 | M48: =+(D48+E48)-(L48)+H48-I48 -> 187 | N48: 187 | O48: 221100624A | Q48: 46692 | R48: =IF(Q48=0," ",IFERROR(IF(DATEDIF(TODAY(),Q48,"M")<=5,"ROJO",IF(DATEDIF(TODAY(),Q48,"M")>=12,"VERDE",IF(AND(DATEDIF(TODAY(),Q48,"M")>=6,DATEDIF(TODAY(),Q48,"M")<=11),"AMARILLO"))),S48)) -> VERDE | S48: =IF(Q48=0," ",IF(Q48<=$N$5,"VENCIDO","NO VENCIDO")) -> NO VENCIDO | Y48: =+AT48 -> 0 | AC48: 43 | AD48: =+AB48+AC48 -> 43 | AO48: =SUM(AD48:AN52) -> 43
R49: =IF(Q49=0," ",IFERROR(IF(DATEDIF(TODAY(),Q49,"M")<=5,"ROJO",IF(DATEDIF(TODAY(),Q49,"M")>=12,"VERDE",IF(AND(DATEDIF(TODAY(),Q49,"M")>=6,DATEDIF(TODAY(),Q49,"M")<=11),"AMARILLO"))),S49)) | S49: =IF(Q49=0," ",IF(Q49<=$N$5,"VENCIDO","NO VENCIDO"))
R50: =IF(Q50=0," ",IFERROR(IF(DATEDIF(TODAY(),Q50,"M")<=5,"ROJO",IF(DATEDIF(TODAY(),Q50,"M")>=12,"VERDE",IF(AND(DATEDIF(TODAY(),Q50,"M")>=6,DATEDIF(TODAY(),Q50,"M")<=11),"AMARILLO"))),S50)) | S50: =IF(Q50=0," ",IF(Q50<=$N$5,"VENCIDO","NO VENCIDO"))
R51: =IF(Q51=0," ",IFERROR(IF(DATEDIF(TODAY(),Q51,"M")<=5,"ROJO",IF(DATEDIF(TODAY(),Q51,"M")>=12,"VERDE",IF(AND(DATEDIF(TODAY(),Q51,"M")>=6,DATEDIF(TODAY(),Q51,"M")<=11),"AMARILLO"))),S51)) | S51: =IF(Q51=0," ",IF(Q51<=$N$5,"VENCIDO","NO VENCIDO"))
R52: =IF(Q52=0," ",IFERROR(IF(DATEDIF(TODAY(),Q52,"M")<=5,"ROJO",IF(DATEDIF(TODAY(),Q52,"M")>=12,"VERDE",IF(AND(DATEDIF(TODAY(),Q52,"M")>=6,DATEDIF(TODAY(),Q52,"M")<=11),"AMARILLO"))),S52)) | S52: =IF(Q52=0," ",IF(Q52<=$N$5,"VENCIDO","NO VENCIDO"))
M53: =M48=N53 -> TRUE | N53: =SUM(N48:N52) -> 187 | O53: “Verdadero” indica que la cantidad por lote, coincide con el saldo que inicia al mes siguiente. "Falso" no coinicide. | T53: =SUM(T48:T52) -> 0
A54: =A48+1 -> 9 | B54: Vacuna de Difteria-Tétanos-Tos ferina acelular Pertussis (DTaP) Pediátrica - Liquida | D54: =+Febrero!M54 -> 2 | J54: =+F54+G54 -> 0 | K54: =+AO54 -> 0 | L54: =+J54+K54 -> 0 | M54: =+(D54+E54)-(L54)+H54-I54 -> 2 | N54: 2 | O54: 4CA03C1 | Q54: 46296 | R54: =IF(Q54=0," ",IFERROR(IF(DATEDIF(TODAY(),Q54,"M")<=5,"ROJO",IF(DATEDIF(TODAY(),Q54,"M")>=12,"VERDE",IF(AND(DATEDIF(TODAY(),Q54,"M")>=6,DATEDIF(TODAY(),Q54,"M")<=11),"AMARILLO"))),S54)) -> NO VENCIDO | S54: =IF(Q54=0," ",IF(Q54<=$N$5,"VENCIDO","NO VENCIDO")) -> NO VENCIDO | Y54: =+AT54 -> 0 | AD54: =+AB54+AC54 -> 0 | AO54: =SUM(AD54:AN58) -> 0
R55: =IF(Q55=0," ",IFERROR(IF(DATEDIF(TODAY(),Q55,"M")<=5,"ROJO",IF(DATEDIF(TODAY(),Q55,"M")>=12,"VERDE",IF(AND(DATEDIF(TODAY(),Q55,"M")>=6,DATEDIF(TODAY(),Q55,"M")<=11),"AMARILLO"))),S55)) | S55: =IF(Q55=0," ",IF(Q55<=$N$5,"VENCIDO","NO VENCIDO"))
R56: =IF(Q56=0," ",IFERROR(IF(DATEDIF(TODAY(),Q56,"M")<=5,"ROJO",IF(DATEDIF(TODAY(),Q56,"M")>=12,"VERDE",IF(AND(DATEDIF(TODAY(),Q56,"M")>=6,DATEDIF(TODAY(),Q56,"M")<=11),"AMARILLO"))),S56)) | S56: =IF(Q56=0," ",IF(Q56<=$N$5,"VENCIDO","NO VENCIDO"))
R57: =IF(Q57=0," ",IFERROR(IF(DATEDIF(TODAY(),Q57,"M")<=5,"ROJO",IF(DATEDIF(TODAY(),Q57,"M")>=12,"VERDE",IF(AND(DATEDIF(TODAY(),Q57,"M")>=6,DATEDIF(TODAY(),Q57,"M")<=11),"AMARILLO"))),S57)) | S57: =IF(Q57=0," ",IF(Q57<=$N$5,"VENCIDO","NO VENCIDO"))
R58: =IF(Q58=0," ",IFERROR(IF(DATEDIF(TODAY(),Q58,"M")<=5,"ROJO",IF(DATEDIF(TODAY(),Q58,"M")>=12,"VERDE",IF(AND(DATEDIF(TODAY(),Q58,"M")>=6,DATEDIF(TODAY(),Q58,"M")<=11),"AMARILLO"))),S58)) | S58: =IF(Q58=0," ",IF(Q58<=$N$5,"VENCIDO","NO VENCIDO"))
M59: =M54=N59 -> TRUE | N59: =SUM(N54:N58) -> 2 | O59: “Verdadero” indica que la cantidad por lote, coincide con el saldo que inicia al mes siguiente. "Falso" no coinicide. | T59: =SUM(T54:T58) -> 0
A60: =A54+1 -> 10 | B60: Vacuna de Rotavirus Liquida (administración oral) | D60: =+Febrero!M60 -> 219 | E60: 50 | F60: 86 | J60: =+F60+G60 -> 86 | K60: =+AO60 -> 0 | L60: =+J60+K60 -> 86 | M60: =+(D60+E60)-(L60)+H60-I60 -> 183 | N60: 183 | O60: AROLE2003AC | Q60: 46447 | R60: =IF(Q60=0," ",IFERROR(IF(DATEDIF(TODAY(),Q60,"M")<=5,"ROJO",IF(DATEDIF(TODAY(),Q60,"M")>=12,"VERDE",IF(AND(DATEDIF(TODAY(),Q60,"M")>=6,DATEDIF(TODAY(),Q60,"M")<=11),"AMARILLO"))),S60)) -> ROJO | S60: =IF(Q60=0," ",IF(Q60<=$N$5,"VENCIDO","NO VENCIDO")) -> NO VENCIDO | Y60: =+AT60 -> 0 | AD60: =+AB60+AC60 -> 0 | AO60: =SUM(AD60:AN64) -> 0
R61: =IF(Q61=0," ",IFERROR(IF(DATEDIF(TODAY(),Q61,"M")<=5,"ROJO",IF(DATEDIF(TODAY(),Q61,"M")>=12,"VERDE",IF(AND(DATEDIF(TODAY(),Q61,"M")>=6,DATEDIF(TODAY(),Q61,"M")<=11),"AMARILLO"))),S61)) | S61: =IF(Q61=0," ",IF(Q61<=$N$5,"VENCIDO","NO VENCIDO"))
R62: =IF(Q62=0," ",IFERROR(IF(DATEDIF(TODAY(),Q62,"M")<=5,"ROJO",IF(DATEDIF(TODAY(),Q62,"M")>=12,"VERDE",IF(AND(DATEDIF(TODAY(),Q62,"M")>=6,DATEDIF(TODAY(),Q62,"M")<=11),"AMARILLO"))),S62)) | S62: =IF(Q62=0," ",IF(Q62<=$N$5,"VENCIDO","NO VENCIDO"))
R63: =IF(Q63=0," ",IFERROR(IF(DATEDIF(TODAY(),Q63,"M")<=5,"ROJO",IF(DATEDIF(TODAY(),Q63,"M")>=12,"VERDE",IF(AND(DATEDIF(TODAY(),Q63,"M")>=6,DATEDIF(TODAY(),Q63,"M")<=11),"AMARILLO"))),S63)) | S63: =IF(Q63=0," ",IF(Q63<=$N$5,"VENCIDO","NO VENCIDO"))
R64: =IF(Q64=0," ",IFERROR(IF(DATEDIF(TODAY(),Q64,"M")<=5,"ROJO",IF(DATEDIF(TODAY(),Q64,"M")>=12,"VERDE",IF(AND(DATEDIF(TODAY(),Q64,"M")>=6,DATEDIF(TODAY(),Q64,"M")<=11),"AMARILLO"))),S64)) | S64: =IF(Q64=0," ",IF(Q64<=$N$5,"VENCIDO","NO VENCIDO"))
M65: =M60=N65 -> TRUE | N65: =SUM(N60:N64) -> 183 | O65: “Verdadero” indica que la cantidad por lote, coincide con el saldo que inicia al mes siguiente. "Falso" no coinicide. | T65: =SUM(T60:T64) -> 0
A66: =A60+1 -> 11 | B66: Vacuna Antineumocócica Conjugada (13-valente) PCV13 - Liquida | D66: =+Febrero!M66 -> 263 | E66: 30 | F66: 139 | J66: =+F66+G66 -> 139 | K66: =+AO66 -> 0 | L66: =+J66+K66 -> 139 | M66: =+(D66+E66)-(L66)+H66-I66 -> 154 | N66: 154 | O66: LK3156 | Q66: 46508 | R66: =IF(Q66=0," ",IFERROR(IF(DATEDIF(TODAY(),Q66,"M")<=5,"ROJO",IF(DATEDIF(TODAY(),Q66,"M")>=12,"VERDE",IF(AND(DATEDIF(TODAY(),Q66,"M")>=6,DATEDIF(TODAY(),Q66,"M")<=11),"AMARILLO"))),S66)) -> AMARILLO | S66: =IF(Q66=0," ",IF(Q66<=$N$5,"VENCIDO","NO VENCIDO")) -> NO VENCIDO | Y66: =+AT66 -> 0 | AD66: =+AB66+AC66 -> 0 | AO66: =SUM(AD66:AN70) -> 0
R67: =IF(Q67=0," ",IFERROR(IF(DATEDIF(TODAY(),Q67,"M")<=5,"ROJO",IF(DATEDIF(TODAY(),Q67,"M")>=12,"VERDE",IF(AND(DATEDIF(TODAY(),Q67,"M")>=6,DATEDIF(TODAY(),Q67,"M")<=11),"AMARILLO"))),S67)) | S67: =IF(Q67=0," ",IF(Q67<=$N$5,"VENCIDO","NO VENCIDO"))
R68: =IF(Q68=0," ",IFERROR(IF(DATEDIF(TODAY(),Q68,"M")<=5,"ROJO",IF(DATEDIF(TODAY(),Q68,"M")>=12,"VERDE",IF(AND(DATEDIF(TODAY(),Q68,"M")>=6,DATEDIF(TODAY(),Q68,"M")<=11),"AMARILLO"))),S68)) | S68: =IF(Q68=0," ",IF(Q68<=$N$5,"VENCIDO","NO VENCIDO"))
R69: =IF(Q69=0," ",IFERROR(IF(DATEDIF(TODAY(),Q69,"M")<=5,"ROJO",IF(DATEDIF(TODAY(),Q69,"M")>=12,"VERDE",IF(AND(DATEDIF(TODAY(),Q69,"M")>=6,DATEDIF(TODAY(),Q69,"M")<=11),"AMARILLO"))),S69)) | S69: =IF(Q69=0," ",IF(Q69<=$N$5,"VENCIDO","NO VENCIDO"))
R70: =IF(Q70=0," ",IFERROR(IF(DATEDIF(TODAY(),Q70,"M")<=5,"ROJO",IF(DATEDIF(TODAY(),Q70,"M")>=12,"VERDE",IF(AND(DATEDIF(TODAY(),Q70,"M")>=6,DATEDIF(TODAY(),Q70,"M")<=11),"AMARILLO"))),S70)) | S70: =IF(Q70=0," ",IF(Q70<=$N$5,"VENCIDO","NO VENCIDO"))
M71: =M66=N71 -> TRUE | N71: =SUM(N66:N70) -> 154 | O71: “Verdadero” indica que la cantidad por lote, coincide con el saldo que inicia al mes siguiente. "Falso" no coinicide. | T71: =SUM(T66:T70) -> 0
A72: =A66+1 -> 12 | B72: Vacuna Antineumocócica Conjugada (20-valente) PCV20 - Liquida | D72: =+Febrero!M72 -> 0 | J72: =+F72+G72 -> 0 | K72: =+AO72 -> 0 | L72: =+J72+K72 -> 0 | M72: =+(D72+E72)-(L72)+H72-I72 -> 0 | R72: =IF(Q72=0," ",IFERROR(IF(DATEDIF(TODAY(),Q72,"M")<=5,"ROJO",IF(DATEDIF(TODAY(),Q72,"M")>=12,"VERDE",IF(AND(DATEDIF(TODAY(),Q72,"M")>=6,DATEDIF(TODAY(),Q72,"M")<=11),"AMARILLO"))),S72)) | S72: =IF(Q72=0," ",IF(Q72<=$N$5,"VENCIDO","NO VENCIDO")) | Y72: =+AT72 -> 0 | AD72: =+AB72+AC72 -> 0 | AO72: =SUM(AD72:AN76) -> 0
R73: =IF(Q73=0," ",IFERROR(IF(DATEDIF(TODAY(),Q73,"M")<=5,"ROJO",IF(DATEDIF(TODAY(),Q73,"M")>=12,"VERDE",IF(AND(DATEDIF(TODAY(),Q73,"M")>=6,DATEDIF(TODAY(),Q73,"M")<=11),"AMARILLO"))),S73)) | S73: =IF(Q73=0," ",IF(Q73<=$N$5,"VENCIDO","NO VENCIDO"))
R74: =IF(Q74=0," ",IFERROR(IF(DATEDIF(TODAY(),Q74,"M")<=5,"ROJO",IF(DATEDIF(TODAY(),Q74,"M")>=12,"VERDE",IF(AND(DATEDIF(TODAY(),Q74,"M")>=6,DATEDIF(TODAY(),Q74,"M")<=11),"AMARILLO"))),S74)) | S74: =IF(Q74=0," ",IF(Q74<=$N$5,"VENCIDO","NO VENCIDO"))
R75: =IF(Q75=0," ",IFERROR(IF(DATEDIF(TODAY(),Q75,"M")<=5,"ROJO",IF(DATEDIF(TODAY(),Q75,"M")>=12,"VERDE",IF(AND(DATEDIF(TODAY(),Q75,"M")>=6,DATEDIF(TODAY(),Q75,"M")<=11),"AMARILLO"))),S75)) | S75: =IF(Q75=0," ",IF(Q75<=$N$5,"VENCIDO","NO VENCIDO"))
R76: =IF(Q76=0," ",IFERROR(IF(DATEDIF(TODAY(),Q76,"M")<=5,"ROJO",IF(DATEDIF(TODAY(),Q76,"M")>=12,"VERDE",IF(AND(DATEDIF(TODAY(),Q76,"M")>=6,DATEDIF(TODAY(),Q76,"M")<=11),"AMARILLO"))),S76)) | S76: =IF(Q76=0," ",IF(Q76<=$N$5,"VENCIDO","NO VENCIDO"))
M77: =M72=N77 -> TRUE | N77: =SUM(N72:N76) -> 0 | O77: “Verdadero” indica que la cantidad por lote, coincide con el saldo que inicia al mes siguiente. "Falso" no coinicide. | T77: =SUM(T72:T76) -> 0
A78: =A72+1 -> 13 | B78: Vacuna de Sarampión, Rubeola y Paperas (SRP) (Cepa Leningrado-Zagreb) Liofilizado - Vial x 01 dosis - TRIPLE VIRAL | D78: =+Febrero!M78 -> 347 | F78: 106 | J78: =+F78+G78 -> 106 | K78: =+AO78 -> 0 | L78: =+J78+K78 -> 106 | M78: =+(D78+E78)-(L78)+H78-I78 -> 241 | N78: 241 | O78: 0133N146B | Q78: 46266 | R78: =IF(Q78=0," ",IFERROR(IF(DATEDIF(TODAY(),Q78,"M")<=5,"ROJO",IF(DATEDIF(TODAY(),Q78,"M")>=12,"VERDE",IF(AND(DATEDIF(TODAY(),Q78,"M")>=6,DATEDIF(TODAY(),Q78,"M")<=11),"AMARILLO"))),S78)) -> NO VENCIDO | S78: =IF(Q78=0," ",IF(Q78<=$N$5,"VENCIDO","NO VENCIDO")) -> NO VENCIDO | Y78: =+AT78 -> 0 | AD78: =+AB78+AC78 -> 0 | AO78: =SUM(AD78:AN82) -> 0
R79: =IF(Q79=0," ",IFERROR(IF(DATEDIF(TODAY(),Q79,"M")<=5,"ROJO",IF(DATEDIF(TODAY(),Q79,"M")>=12,"VERDE",IF(AND(DATEDIF(TODAY(),Q79,"M")>=6,DATEDIF(TODAY(),Q79,"M")<=11),"AMARILLO"))),S79)) | S79: =IF(Q79=0," ",IF(Q79<=$N$5,"VENCIDO","NO VENCIDO"))
R80: =IF(Q80=0," ",IFERROR(IF(DATEDIF(TODAY(),Q80,"M")<=5,"ROJO",IF(DATEDIF(TODAY(),Q80,"M")>=12,"VERDE",IF(AND(DATEDIF(TODAY(),Q80,"M")>=6,DATEDIF(TODAY(),Q80,"M")<=11),"AMARILLO"))),S80)) | S80: =IF(Q80=0," ",IF(Q80<=$N$5,"VENCIDO","NO VENCIDO"))
R81: =IF(Q81=0," ",IFERROR(IF(DATEDIF(TODAY(),Q81,"M")<=5,"ROJO",IF(DATEDIF(TODAY(),Q81,"M")>=12,"VERDE",IF(AND(DATEDIF(TODAY(),Q81,"M")>=6,DATEDIF(TODAY(),Q81,"M")<=11),"AMARILLO"))),S81)) | S81: =IF(Q81=0," ",IF(Q81<=$N$5,"VENCIDO","NO VENCIDO"))
R82: =IF(Q82=0," ",IFERROR(IF(DATEDIF(TODAY(),Q82,"M")<=5,"ROJO",IF(DATEDIF(TODAY(),Q82,"M")>=12,"VERDE",IF(AND(DATEDIF(TODAY(),Q82,"M")>=6,DATEDIF(TODAY(),Q82,"M")<=11),"AMARILLO"))),S82)) | S82: =IF(Q82=0," ",IF(Q82<=$N$5,"VENCIDO","NO VENCIDO"))
M83: =M78=N83 -> TRUE | N83: =SUM(N78:N82) -> 241 | O83: “Verdadero” indica que la cantidad por lote, coincide con el saldo que inicia al mes siguiente. "Falso" no coinicide. | T83: =SUM(T78:T82) -> 0
A84: =A78+1 -> 14 | B84: Vacuna de Sarampión, Rubeola y Paperas (SRP) (Cepa Leningrado-Zagreb) Liofilizado - Vial x 05 dosis - TRIPLE VIRAL | D84: =+Febrero!M84 -> 0 | J84: =+F84+G84 -> 0 | K84: =+AO84 -> 0 | L84: =+J84+K84 -> 0 | M84: =+(D84+E84)-(L84)+H84-I84 -> 0 | R84: =IF(Q84=0," ",IFERROR(IF(DATEDIF(TODAY(),Q84,"M")<=5,"ROJO",IF(DATEDIF(TODAY(),Q84,"M")>=12,"VERDE",IF(AND(DATEDIF(TODAY(),Q84,"M")>=6,DATEDIF(TODAY(),Q84,"M")<=11),"AMARILLO"))),S84)) | S84: =IF(Q84=0," ",IF(Q84<=$N$5,"VENCIDO","NO VENCIDO")) | Y84: =+AT84 -> 0 | AD84: =+AB84+AC84 -> 0 | AO84: =SUM(AD84:AN88) -> 0
R85: =IF(Q85=0," ",IFERROR(IF(DATEDIF(TODAY(),Q85,"M")<=5,"ROJO",IF(DATEDIF(TODAY(),Q85,"M")>=12,"VERDE",IF(AND(DATEDIF(TODAY(),Q85,"M")>=6,DATEDIF(TODAY(),Q85,"M")<=11),"AMARILLO"))),S85)) | S85: =IF(Q85=0," ",IF(Q85<=$N$5,"VENCIDO","NO VENCIDO"))
R86: =IF(Q86=0," ",IFERROR(IF(DATEDIF(TODAY(),Q86,"M")<=5,"ROJO",IF(DATEDIF(TODAY(),Q86,"M")>=12,"VERDE",IF(AND(DATEDIF(TODAY(),Q86,"M")>=6,DATEDIF(TODAY(),Q86,"M")<=11),"AMARILLO"))),S86)) | S86: =IF(Q86=0," ",IF(Q86<=$N$5,"VENCIDO","NO VENCIDO"))
R87: =IF(Q87=0," ",IFERROR(IF(DATEDIF(TODAY(),Q87,"M")<=5,"ROJO",IF(DATEDIF(TODAY(),Q87,"M")>=12,"VERDE",IF(AND(DATEDIF(TODAY(),Q87,"M")>=6,DATEDIF(TODAY(),Q87,"M")<=11),"AMARILLO"))),S87)) | S87: =IF(Q87=0," ",IF(Q87<=$N$5,"VENCIDO","NO VENCIDO"))
R88: =IF(Q88=0," ",IFERROR(IF(DATEDIF(TODAY(),Q88,"M")<=5,"ROJO",IF(DATEDIF(TODAY(),Q88,"M")>=12,"VERDE",IF(AND(DATEDIF(TODAY(),Q88,"M")>=6,DATEDIF(TODAY(),Q88,"M")<=11),"AMARILLO"))),S88)) | S88: =IF(Q88=0," ",IF(Q88<=$N$5,"VENCIDO","NO VENCIDO"))
M89: =M84=N89 -> TRUE | N89: =SUM(N84:N88) -> 0 | O89: “Verdadero” indica que la cantidad por lote, coincide con el saldo que inicia al mes siguiente. "Falso" no coinicide. | T89: =SUM(T84:T88) -> 0
A90: =A84+1 -> 15 | B90: Vacuna de Sarampión, Rubeola y Paperas (SRP) (Cepa Leningrado-Zagreb) Liofilizado - Vial x 10 dosis - TRIPLE VIRAL | D90: =+Febrero!M90 -> 0 | J90: =+F90+G90 -> 0 | K90: =+AO90 -> 0 | L90: =+J90+K90 -> 0 | M90: =+(D90+E90)-(L90)+H90-I90 -> 0 | R90: =IF(Q90=0," ",IFERROR(IF(DATEDIF(TODAY(),Q90,"M")<=5,"ROJO",IF(DATEDIF(TODAY(),Q90,"M")>=12,"VERDE",IF(AND(DATEDIF(TODAY(),Q90,"M")>=6,DATEDIF(TODAY(),Q90,"M")<=11),"AMARILLO"))),S90)) | S90: =IF(Q90=0," ",IF(Q90<=$N$5,"VENCIDO","NO VENCIDO")) | Y90: =+AT90 -> 0 | AD90: =+AB90+AC90 -> 0 | AO90: =SUM(AD90:AN94) -> 0
R91: =IF(Q91=0," ",IFERROR(IF(DATEDIF(TODAY(),Q91,"M")<=5,"ROJO",IF(DATEDIF(TODAY(),Q91,"M")>=12,"VERDE",IF(AND(DATEDIF(TODAY(),Q91,"M")>=6,DATEDIF(TODAY(),Q91,"M")<=11),"AMARILLO"))),S91)) | S91: =IF(Q91=0," ",IF(Q91<=$N$5,"VENCIDO","NO VENCIDO"))
R92: =IF(Q92=0," ",IFERROR(IF(DATEDIF(TODAY(),Q92,"M")<=5,"ROJO",IF(DATEDIF(TODAY(),Q92,"M")>=12,"VERDE",IF(AND(DATEDIF(TODAY(),Q92,"M")>=6,DATEDIF(TODAY(),Q92,"M")<=11),"AMARILLO"))),S92)) | S92: =IF(Q92=0," ",IF(Q92<=$N$5,"VENCIDO","NO VENCIDO"))
R93: =IF(Q93=0," ",IFERROR(IF(DATEDIF(TODAY(),Q93,"M")<=5,"ROJO",IF(DATEDIF(TODAY(),Q93,"M")>=12,"VERDE",IF(AND(DATEDIF(TODAY(),Q93,"M")>=6,DATEDIF(TODAY(),Q93,"M")<=11),"AMARILLO"))),S93)) | S93: =IF(Q93=0," ",IF(Q93<=$N$5,"VENCIDO","NO VENCIDO"))
R94: =IF(Q94=0," ",IFERROR(IF(DATEDIF(TODAY(),Q94,"M")<=5,"ROJO",IF(DATEDIF(TODAY(),Q94,"M")>=12,"VERDE",IF(AND(DATEDIF(TODAY(),Q94,"M")>=6,DATEDIF(TODAY(),Q94,"M")<=11),"AMARILLO"))),S94)) | S94: =IF(Q94=0," ",IF(Q94<=$N$5,"VENCIDO","NO VENCIDO"))
M95: =M90=N95 -> TRUE | N95: =SUM(N90:N94) -> 0 | O95: “Verdadero” indica que la cantidad por lote, coincide con el saldo que inicia al mes siguiente. "Falso" no coinicide. | T95: =SUM(T90:T94) -> 0
A96: =A90+1 -> 16 | B96: Vacuna de Sarampión Rubeola (SR) Liofilizada - Vial x 01 dosis -DOBLE VIRAL | D96: =+Febrero!M96 -> 19 | F96: 19 | J96: =+F96+G96 -> 19 | K96: =+AO96 -> 0 | L96: =+J96+K96 -> 19 | M96: =+(D96+E96)-(L96)+H96-I96 -> 0 | R96: =IF(Q96=0," ",IFERROR(IF(DATEDIF(TODAY(),Q96,"M")<=5,"ROJO",IF(DATEDIF(TODAY(),Q96,"M")>=12,"VERDE",IF(AND(DATEDIF(TODAY(),Q96,"M")>=6,DATEDIF(TODAY(),Q96,"M")<=11),"AMARILLO"))),S96)) | S96: =IF(Q96=0," ",IF(Q96<=$N$5,"VENCIDO","NO VENCIDO")) | Y96: =+AT96 -> 0 | AD96: =+AB96+AC96 -> 0 | AO96: =SUM(AD96:AN100) -> 0
R97: =IF(Q97=0," ",IFERROR(IF(DATEDIF(TODAY(),Q97,"M")<=5,"ROJO",IF(DATEDIF(TODAY(),Q97,"M")>=12,"VERDE",IF(AND(DATEDIF(TODAY(),Q97,"M")>=6,DATEDIF(TODAY(),Q97,"M")<=11),"AMARILLO"))),S97)) | S97: =IF(Q97=0," ",IF(Q97<=$N$5,"VENCIDO","NO VENCIDO"))
R98: =IF(Q98=0," ",IFERROR(IF(DATEDIF(TODAY(),Q98,"M")<=5,"ROJO",IF(DATEDIF(TODAY(),Q98,"M")>=12,"VERDE",IF(AND(DATEDIF(TODAY(),Q98,"M")>=6,DATEDIF(TODAY(),Q98,"M")<=11),"AMARILLO"))),S98)) | S98: =IF(Q98=0," ",IF(Q98<=$N$5,"VENCIDO","NO VENCIDO"))
R99: =IF(Q99=0," ",IFERROR(IF(DATEDIF(TODAY(),Q99,"M")<=5,"ROJO",IF(DATEDIF(TODAY(),Q99,"M")>=12,"VERDE",IF(AND(DATEDIF(TODAY(),Q99,"M")>=6,DATEDIF(TODAY(),Q99,"M")<=11),"AMARILLO"))),S99)) | S99: =IF(Q99=0," ",IF(Q99<=$N$5,"VENCIDO","NO VENCIDO"))
R100: =IF(Q100=0," ",IFERROR(IF(DATEDIF(TODAY(),Q100,"M")<=5,"ROJO",IF(DATEDIF(TODAY(),Q100,"M")>=12,"VERDE",IF(AND(DATEDIF(TODAY(),Q100,"M")>=6,DATEDIF(TODAY(),Q100,"M")<=11),"AMARILLO"))),S100)) | S100: =IF(Q100=0," ",IF(Q100<=$N$5,"VENCIDO","NO VENCIDO"))
M101: =M96=N101 -> TRUE | N101: =SUM(N96:N100) -> 0 | O101: “Verdadero” indica que la cantidad por lote, coincide con el saldo que inicia al mes siguiente. "Falso" no coinicide. | T101: =SUM(T96:T100) -> 0
A102: =A96+1 -> 17 | B102: Vacuna de Sarampión Rubeola (SR) Liofilizada - Vial x 10 dosis - DOBLE VIRAL | D102: =+Febrero!M102 -> 0 | J102: =+F102+G102 -> 0 | K102: =+AO102 -> 0 | L102: =+J102+K102 -> 0 | M102: =+(D102+E102)-(L102)+H102-I102 -> 0 | R102: =IF(Q102=0," ",IFERROR(IF(DATEDIF(TODAY(),Q102,"M")<=5,"ROJO",IF(DATEDIF(TODAY(),Q102,"M")>=12,"VERDE",IF(AND(DATEDIF(TODAY(),Q102,"M")>=6,DATEDIF(TODAY(),Q102,"M")<=11),"AMARILLO"))),S102)) | S102: =IF(Q102=0," ",IF(Q102<=$N$5,"VENCIDO","NO VENCIDO")) | Y102: =+AT102 -> 0 | AD102: =+AB102+AC102 -> 0 | AO102: =SUM(AD102:AN106) -> 0
R103: =IF(Q103=0," ",IFERROR(IF(DATEDIF(TODAY(),Q103,"M")<=5,"ROJO",IF(DATEDIF(TODAY(),Q103,"M")>=12,"VERDE",IF(AND(DATEDIF(TODAY(),Q103,"M")>=6,DATEDIF(TODAY(),Q103,"M")<=11),"AMARILLO"))),S103)) | S103: =IF(Q103=0," ",IF(Q103<=$N$5,"VENCIDO","NO VENCIDO"))
R104: =IF(Q104=0," ",IFERROR(IF(DATEDIF(TODAY(),Q104,"M")<=5,"ROJO",IF(DATEDIF(TODAY(),Q104,"M")>=12,"VERDE",IF(AND(DATEDIF(TODAY(),Q104,"M")>=6,DATEDIF(TODAY(),Q104,"M")<=11),"AMARILLO"))),S104)) | S104: =IF(Q104=0," ",IF(Q104<=$N$5,"VENCIDO","NO VENCIDO"))
...

Sheet Abril
A1: MUNICIPIOS / IPS VACUNADORAS
A2: ÍTEM | B2: INSUMOS | D2: SALDO MES ANTERIOR | E2: BIOLÓGICO RECIBIDO DEL CENTRO DE ACOPIO DEPARTAMENTAL / DISTRITAL | F2: DOSIS APLICADAS | H2: Entradas | I2: Salidas | J2: TOTAL DOSIS APLICADAS | K2: DOSIS PERDIDAS | L2: TOTAL DOSIS ÚTILIZADAS EN EL MES | M2: SALDO QUE INICIA EL MES SIGUIENTE (SOLO MUNICIPIOS) | N2: DOSIS POR LOTES | O2: No. LOTE | P2: LABORATORIO | Q2: FECHA DE VENCIMIENTO | R2: SEMAFORIZACION VIDA ÚTIL DEL BIOLÓGICO | S2: CONDICIÓN FINAL DEL BIOLÓGICO, DILUYENTE Y CARNET | T2: DOSIS EN CUARENTENA | U2: LABORATORIO | V2: No. LOTE | W2: FECHA DE VENCIMEINTO | X2: FECHA DE INICIO CUARENTENA | Y2: PORCENTAJE DE PERDIDA DEL MES | Z2: OBSERVACIONES | AB2: CAUSAS PERDIDA DE BIOLÓGICOS (Remítase a la primera hoja donde se especifica la clasificación de las perdidas) | AO2: TOTAL DOSIS PERDIDAS
F3: DOSIS APLICADAS COLOMBIANOS | G3: DOSIS APLICADAS EXTRANJEROS | H3: DOSIS INGRESADAS POR TRASLADOS DE MUNICIPIOS O IPS | I3: DOSIS TRASLADADAS A OTROS MUNICIPIOS O IPS | AB3: 1 | AE3: 2 | AF3: 3 | AG3: 4 | AH3: 5 | AI3: 6 | AJ3: 7 | AK3: 8 | AL3: 9 | AM3: 10 | AN3: 11
AB4: POLÍTICA DE FRASCOS ABIERTO | AE4: INTERRUPCIÓN DE CADENA DE FRÍO | AF4: CONTAMINACION DEL BIOLÓGICO/DISPOSITIVO MÉDICO | AG4: VIAL ROTO | AH4: ERRORES EN LA MANIPULACIÓN | AI4: VENCIMIENTO DEL BIOLÓGICO O JERINGA | AJ4: FARMACOVIGILANCIA / TECNOVIGILANCIA | AK4: VOMITO FRANCO | AL4: APLICACIÓN FUERA DE LA EDAD | AM4: POR DECISIÓN FINAL DEL PACIENTE DE NO VACUNACIÓN | AN4: SINIESTRO O ROBO
AB5: INSTITUCIONAL | AC5: EXTRAMURAL | AD5: TOTAL
A6: 1 | B6: Vacuna de BCG (Bacilo de Calmette y Guérin) Liofilizada | D6: =+Marzo!M6 -> 230 | E6: 200 | F6: 50 | J6: =+F6+G6 -> 50 | K6: =+AO6 -> 170 | L6: =+J6+K6 -> 220 | M6: =+(D6+E6)-(L6)+H6-I6 -> 210 | N6: 210 | O6: 0374MA071 | Q6: 46357 | R6: =IF(Q6=0," ",IFERROR(IF(DATEDIF(TODAY(),Q6,"M")<=5,"ROJO",IF(DATEDIF(TODAY(),Q6,"M")>=12,"VERDE",IF(AND(DATEDIF(TODAY(),Q6,"M")>=6,DATEDIF(TODAY(),Q6,"M")<=11),"AMARILLO"))),S6)) -> ROJO | S6: =IF(Q6=0," ",IF(Q6<=$N$5,"VENCIDO","NO VENCIDO")) -> NO VENCIDO | Y6: =+AT6 -> 0 | AB6: 106 | AC6: 64 | AD6: =+AB6+AC6 -> 170 | AO6: =SUM(AD6:AN10) -> 170
R7: =IF(Q7=0," ",IFERROR(IF(DATEDIF(TODAY(),Q7,"M")<=5,"ROJO",IF(DATEDIF(TODAY(),Q7,"M")>=12,"VERDE",IF(AND(DATEDIF(TODAY(),Q7,"M")>=6,DATEDIF(TODAY(),Q7,"M")<=11),"AMARILLO"))),S7)) | S7: =IF(Q7=0," ",IF(Q7<=$N$5,"VENCIDO","NO VENCIDO"))
R8: =IF(Q8=0," ",IFERROR(IF(DATEDIF(TODAY(),Q8,"M")<=5,"ROJO",IF(DATEDIF(TODAY(),Q8,"M")>=12,"VERDE",IF(AND(DATEDIF(TODAY(),Q8,"M")>=6,DATEDIF(TODAY(),Q8,"M")<=11),"AMARILLO"))),S8)) | S8: =IF(Q8=0," ",IF(Q8<=$N$5,"VENCIDO","NO VENCIDO"))
R9: =IF(Q9=0," ",IFERROR(IF(DATEDIF(TODAY(),Q9,"M")<=5,"ROJO",IF(DATEDIF(TODAY(),Q9,"M")>=12,"VERDE",IF(AND(DATEDIF(TODAY(),Q9,"M")>=6,DATEDIF(TODAY(),Q9,"M")<=11),"AMARILLO"))),S9)) | S9: =IF(Q9=0," ",IF(Q9<=$N$5,"VENCIDO","NO VENCIDO"))
R10: =IF(Q10=0," ",IFERROR(IF(DATEDIF(TODAY(),Q10,"M")<=5,"ROJO",IF(DATEDIF(TODAY(),Q10,"M")>=12,"VERDE",IF(AND(DATEDIF(TODAY(),Q10,"M")>=6,DATEDIF(TODAY(),Q10,"M")<=11),"AMARILLO"))),S10)) | S10: =IF(Q10=0," ",IF(Q10<=$N$5,"VENCIDO","NO VENCIDO"))
M11: =M6=N11 -> TRUE | N11: =SUM(N6:N10) -> 210 | O11: “Verdadero” indica que la cantidad por lote, coincide con el saldo que inicia al mes siguiente. "Falso" no coinicide. | T11: =SUM(T6:T10) -> 0
A12: =A6+1 -> 2 | B12: Vacuna de Hepatitis B Recombinante Pediátrica - Liquida | D12: =+Marzo!M12 -> 197 | E12: 50 | F12: 41 | J12: =+F12+G12 -> 41 | K12: =+AO12 -> 0 | L12: =+J12+K12 -> 41 | M12: =+(D12+E12)-(L12)+H12-I12 -> 206 | N12: 206 | O12: 0324LO13B | Q12: 46692 | R12: =IF(Q12=0," ",IFERROR(IF(DATEDIF(TODAY(),Q12,"M")<=5,"ROJO",IF(DATEDIF(TODAY(),Q12,"M")>=12,"VERDE",IF(AND(DATEDIF(TODAY(),Q12,"M")>=6,DATEDIF(TODAY(),Q12,"M")<=11),"AMARILLO"))),S12)) -> VERDE | S12: =IF(Q12=0," ",IF(Q12<=$N$5,"VENCIDO","NO VENCIDO")) -> NO VENCIDO | Y12: =+AT12 -> 0 | AD12: =+AB12+AC12 -> 0 | AO12: =SUM(AD12:AN16) -> 0
R13: =IF(Q13=0," ",IFERROR(IF(DATEDIF(TODAY(),Q13,"M")<=5,"ROJO",IF(DATEDIF(TODAY(),Q13,"M")>=12,"VERDE",IF(AND(DATEDIF(TODAY(),Q13,"M")>=6,DATEDIF(TODAY(),Q13,"M")<=11),"AMARILLO"))),S13)) | S13: =IF(Q13=0," ",IF(Q13<=$N$5,"VENCIDO","NO VENCIDO"))
R14: =IF(Q14=0," ",IFERROR(IF(DATEDIF(TODAY(),Q14,"M")<=5,"ROJO",IF(DATEDIF(TODAY(),Q14,"M")>=12,"VERDE",IF(AND(DATEDIF(TODAY(),Q14,"M")>=6,DATEDIF(TODAY(),Q14,"M")<=11),"AMARILLO"))),S14)) | S14: =IF(Q14=0," ",IF(Q14<=$N$5,"VENCIDO","NO VENCIDO"))
R15: =IF(Q15=0," ",IFERROR(IF(DATEDIF(TODAY(),Q15,"M")<=5,"ROJO",IF(DATEDIF(TODAY(),Q15,"M")>=12,"VERDE",IF(AND(DATEDIF(TODAY(),Q15,"M")>=6,DATEDIF(TODAY(),Q15,"M")<=11),"AMARILLO"))),S15)) | S15: =IF(Q15=0," ",IF(Q15<=$N$5,"VENCIDO","NO VENCIDO"))
R16: =IF(Q16=0," ",IFERROR(IF(DATEDIF(TODAY(),Q16,"M")<=5,"ROJO",IF(DATEDIF(TODAY(),Q16,"M")>=12,"VERDE",IF(AND(DATEDIF(TODAY(),Q16,"M")>=6,DATEDIF(TODAY(),Q16,"M")<=11),"AMARILLO"))),S16)) | S16: =IF(Q16=0," ",IF(Q16<=$N$5,"VENCIDO","NO VENCIDO"))
M17: =M12=N17 -> TRUE | N17: =SUM(N12:N16) -> 206 | O17: “Verdadero” indica que la cantidad por lote, coincide con el saldo que inicia al mes siguiente. "Falso" no coinicide. | T17: =SUM(T12:T16) -> 0
A18: =A12+1 -> 3 | B18: Vacuna de Hepatitis B Recombinante Adultos - Liquida | D18: =+Marzo!M18 -> 4 | E18: 20 | F18: 12 | J18: =+F18+G18 -> 12 | K18: =+AO18 -> 0 | L18: =+J18+K18 -> 12 | M18: =+(D18+E18)-(L18)+H18-I18 -> 12 | N18: 12 | O18: 0344X002C | Q18: 46539 | R18: =IF(Q18=0," ",IFERROR(IF(DATEDIF(TODAY(),Q18,"M")<=5,"ROJO",IF(DATEDIF(TODAY(),Q18,"M")>=12,"VERDE",IF(AND(DATEDIF(TODAY(),Q18,"M")>=6,DATEDIF(TODAY(),Q18,"M")<=11),"AMARILLO"))),S18)) -> AMARILLO | S18: =IF(Q18=0," ",IF(Q18<=$N$5,"VENCIDO","NO VENCIDO")) -> NO VENCIDO | Y18: =+AT18 -> 0 | AD18: =+AB18+AC18 -> 0 | AO18: =SUM(AD18:AN22) -> 0
R19: =IF(Q19=0," ",IFERROR(IF(DATEDIF(TODAY(),Q19,"M")<=5,"ROJO",IF(DATEDIF(TODAY(),Q19,"M")>=12,"VERDE",IF(AND(DATEDIF(TODAY(),Q19,"M")>=6,DATEDIF(TODAY(),Q19,"M")<=11),"AMARILLO"))),S19)) | S19: =IF(Q19=0," ",IF(Q19<=$N$5,"VENCIDO","NO VENCIDO"))
R20: =IF(Q20=0," ",IFERROR(IF(DATEDIF(TODAY(),Q20,"M")<=5,"ROJO",IF(DATEDIF(TODAY(),Q20,"M")>=12,"VERDE",IF(AND(DATEDIF(TODAY(),Q20,"M")>=6,DATEDIF(TODAY(),Q20,"M")<=11),"AMARILLO"))),S20)) | S20: =IF(Q20=0," ",IF(Q20<=$N$5,"VENCIDO","NO VENCIDO"))
R21: =IF(Q21=0," ",IFERROR(IF(DATEDIF(TODAY(),Q21,"M")<=5,"ROJO",IF(DATEDIF(TODAY(),Q21,"M")>=12,"VERDE",IF(AND(DATEDIF(TODAY(),Q21,"M")>=6,DATEDIF(TODAY(),Q21,"M")<=11),"AMARILLO"))),S21)) | S21: =IF(Q21=0," ",IF(Q21<=$N$5,"VENCIDO","NO VENCIDO"))
R22: =IF(Q22=0," ",IFERROR(IF(DATEDIF(TODAY(),Q22,"M")<=5,"ROJO",IF(DATEDIF(TODAY(),Q22,"M")>=12,"VERDE",IF(AND(DATEDIF(TODAY(),Q22,"M")>=6,DATEDIF(TODAY(),Q22,"M")<=11),"AMARILLO"))),S22)) | S22: =IF(Q22=0," ",IF(Q22<=$N$5,"VENCIDO","NO VENCIDO"))
M23: =M18=N23 -> TRUE | N23: =SUM(N18:N22) -> 12 | O23: “Verdadero” indica que la cantidad por lote, coincide con el saldo que inicia al mes siguiente. "Falso" no coinicide. | T23: =SUM(T18:T22) -> 0
A24: =A18+1 -> 4 | B24: Vacuna de Poliovirus Inactiva IPV - Liquida | D24: =+Marzo!M24 -> 234 | E24: 300 | F24: 301 | J24: =+F24+G24 -> 301 | K24: =+AO24 -> 0 | L24: =+J24+K24 -> 301 | M24: =+(D24+E24)-(L24)+H24-I24 -> 233 | N24: 233 | O24: 2522006A | Q24: 46784 | R24: =IF(Q24=0," ",IFERROR(IF(DATEDIF(TODAY(),Q24,"M")<=5,"ROJO",IF(DATEDIF(TODAY(),Q24,"M")>=12,"VERDE",IF(AND(DATEDIF(TODAY(),Q24,"M")>=6,DATEDIF(TODAY(),Q24,"M")<=11),"AMARILLO"))),S24)) -> VERDE | S24: =IF(Q24=0," ",IF(Q24<=$N$5,"VENCIDO","NO VENCIDO")) -> NO VENCIDO | Y24: =+AT24 -> 0 | AD24: =+AB24+AC24 -> 0 | AO24: =SUM(AD24:AN28) -> 0
R25: =IF(Q25=0," ",IFERROR(IF(DATEDIF(TODAY(),Q25,"M")<=5,"ROJO",IF(DATEDIF(TODAY(),Q25,"M")>=12,"VERDE",IF(AND(DATEDIF(TODAY(),Q25,"M")>=6,DATEDIF(TODAY(),Q25,"M")<=11),"AMARILLO"))),S25)) | S25: =IF(Q25=0," ",IF(Q25<=$N$5,"VENCIDO","NO VENCIDO"))
R26: =IF(Q26=0," ",IFERROR(IF(DATEDIF(TODAY(),Q26,"M")<=5,"ROJO",IF(DATEDIF(TODAY(),Q26,"M")>=12,"VERDE",IF(AND(DATEDIF(TODAY(),Q26,"M")>=6,DATEDIF(TODAY(),Q26,"M")<=11),"AMARILLO"))),S26)) | S26: =IF(Q26=0," ",IF(Q26<=$N$5,"VENCIDO","NO VENCIDO"))
R27: =IF(Q27=0," ",IFERROR(IF(DATEDIF(TODAY(),Q27,"M")<=5,"ROJO",IF(DATEDIF(TODAY(),Q27,"M")>=12,"VERDE",IF(AND(DATEDIF(TODAY(),Q27,"M")>=6,DATEDIF(TODAY(),Q27,"M")<=11),"AMARILLO"))),S27)) | S27: =IF(Q27=0," ",IF(Q27<=$N$5,"VENCIDO","NO VENCIDO"))
R28: =IF(Q28=0," ",IFERROR(IF(DATEDIF(TODAY(),Q28,"M")<=5,"ROJO",IF(DATEDIF(TODAY(),Q28,"M")>=12,"VERDE",IF(AND(DATEDIF(TODAY(),Q28,"M")>=6,DATEDIF(TODAY(),Q28,"M")<=11),"AMARILLO"))),S28)) | S28: =IF(Q28=0," ",IF(Q28<=$N$5,"VENCIDO","NO VENCIDO"))
M29: =M24=N29 -> TRUE | N29: =SUM(N24:N28) -> 233 | O29: “Verdadero” indica que la cantidad por lote, coincide con el saldo que inicia al mes siguiente. "Falso" no coinicide. | T29: =SUM(T24:T28) -> 0
A30: =A24+1 -> 5 | B30: Vacuna de Difteria - Tos ferina (Celula completa) - Tétanos - Hepatitis B - Haemophilus influenzae tipo B (DTwP-HepB-Hib) PENTAVALENTE PEDIÁTRICA - Liquida | D30: =+Marzo!M30 -> 322 | E30: 300 | F30: 231 | J30: =+F30+G30 -> 231 | K30: =+AO30 -> 0 | L30: =+J30+K30 -> 231 | M30: =+(D30+E30)-(L30)+H30-I30 -> 391 | N30: 391 | O30: 2855X001A | Q30: 46539 | R30: =IF(Q30=0," ",IFERROR(IF(DATEDIF(TODAY(),Q30,"M")<=5,"ROJO",IF(DATEDIF(TODAY(),Q30,"M")>=12,"VERDE",IF(AND(DATEDIF(TODAY(),Q30,"M")>=6,DATEDIF(TODAY(),Q30,"M")<=11),"AMARILLO"))),S30)) -> AMARILLO | S30: =IF(Q30=0," ",IF(Q30<=$N$5,"VENCIDO","NO VENCIDO")) -> NO VENCIDO | Y30: =+AT30 -> 0 | AD30: =+AB30+AC30 -> 0 | AO30: =SUM(AD30:AN34) -> 0
R31: =IF(Q31=0," ",IFERROR(IF(DATEDIF(TODAY(),Q31,"M")<=5,"ROJO",IF(DATEDIF(TODAY(),Q31,"M")>=12,"VERDE",IF(AND(DATEDIF(TODAY(),Q31,"M")>=6,DATEDIF(TODAY(),Q31,"M")<=11),"AMARILLO"))),S31)) | S31: =IF(Q31=0," ",IF(Q31<=$N$5,"VENCIDO","NO VENCIDO"))
R32: =IF(Q32=0," ",IFERROR(IF(DATEDIF(TODAY(),Q32,"M")<=5,"ROJO",IF(DATEDIF(TODAY(),Q32,"M")>=12,"VERDE",IF(AND(DATEDIF(TODAY(),Q32,"M")>=6,DATEDIF(TODAY(),Q32,"M")<=11),"AMARILLO"))),S32)) | S32: =IF(Q32=0," ",IF(Q32<=$N$5,"VENCIDO","NO VENCIDO"))
R33: =IF(Q33=0," ",IFERROR(IF(DATEDIF(TODAY(),Q33,"M")<=5,"ROJO",IF(DATEDIF(TODAY(),Q33,"M")>=12,"VERDE",IF(AND(DATEDIF(TODAY(),Q33,"M")>=6,DATEDIF(TODAY(),Q33,"M")<=11),"AMARILLO"))),S33)) | S33: =IF(Q33=0," ",IF(Q33<=$N$5,"VENCIDO","NO VENCIDO"))
R34: =IF(Q34=0," ",IFERROR(IF(DATEDIF(TODAY(),Q34,"M")<=5,"ROJO",IF(DATEDIF(TODAY(),Q34,"M")>=12,"VERDE",IF(AND(DATEDIF(TODAY(),Q34,"M")>=6,DATEDIF(TODAY(),Q34,"M")<=11),"AMARILLO"))),S34)) | S34: =IF(Q34=0," ",IF(Q34<=$N$5,"VENCIDO","NO VENCIDO"))
M35: =M30=N35 -> TRUE | N35: =SUM(N30:N34) -> 391 | O35: “Verdadero” indica que la cantidad por lote, coincide con el saldo que inicia al mes siguiente. "Falso" no coinicide. | T35: =SUM(T30:T34) -> 0
A36: =A30+1 -> 6 | B36: Vacuna de Difteria - Tétanos - Tos ferina acelular - Poliovirus inactivado - Hepatitis B - Haemophilus influenzae tipo B (DTaP-IPV-HepB-Hib (HEXAVALENTE ACELULAR) - Liquida | D36: =+Marzo!M36 -> 3 | J36: =+F36+G36 -> 0 | K36: =+AO36 -> 0 | L36: =+J36+K36 -> 0 | M36: =+(D36+E36)-(L36)+H36-I36 -> 3 | N36: 3 | O36: Y3CY9 | Q36: 46784 | R36: =IF(Q36=0," ",IFERROR(IF(DATEDIF(TODAY(),Q36,"M")<=5,"ROJO",IF(DATEDIF(TODAY(),Q36,"M")>=12,"VERDE",IF(AND(DATEDIF(TODAY(),Q36,"M")>=6,DATEDIF(TODAY(),Q36,"M")<=11),"AMARILLO"))),S36)) -> VERDE | S36: =IF(Q36=0," ",IF(Q36<=$N$5,"VENCIDO","NO VENCIDO")) -> NO VENCIDO | Y36: =+AT36 -> 0 | AD36: =+AB36+AC36 -> 0 | AO36: =SUM(AD36:AN40) -> 0
R37: =IF(Q37=0," ",IFERROR(IF(DATEDIF(TODAY(),Q37,"M")<=5,"ROJO",IF(DATEDIF(TODAY(),Q37,"M")>=12,"VERDE",IF(AND(DATEDIF(TODAY(),Q37,"M")>=6,DATEDIF(TODAY(),Q37,"M")<=11),"AMARILLO"))),S37)) | S37: =IF(Q37=0," ",IF(Q37<=$N$5,"VENCIDO","NO VENCIDO"))
R38: =IF(Q38=0," ",IFERROR(IF(DATEDIF(TODAY(),Q38,"M")<=5,"ROJO",IF(DATEDIF(TODAY(),Q38,"M")>=12,"VERDE",IF(AND(DATEDIF(TODAY(),Q38,"M")>=6,DATEDIF(TODAY(),Q38,"M")<=11),"AMARILLO"))),S38)) | S38: =IF(Q38=0," ",IF(Q38<=$N$5,"VENCIDO","NO VENCIDO"))
R39: =IF(Q39=0," ",IFERROR(IF(DATEDIF(TODAY(),Q39,"M")<=5,"ROJO",IF(DATEDIF(TODAY(),Q39,"M")>=12,"VERDE",IF(AND(DATEDIF(TODAY(),Q39,"M")>=6,DATEDIF(TODAY(),Q39,"M")<=11),"AMARILLO"))),S39)) | S39: =IF(Q39=0," ",IF(Q39<=$N$5,"VENCIDO","NO VENCIDO"))
R40: =IF(Q40=0," ",IFERROR(IF(DATEDIF(TODAY(),Q40,"M")<=5,"ROJO",IF(DATEDIF(TODAY(),Q40,"M")>=12,"VERDE",IF(AND(DATEDIF(TODAY(),Q40,"M")>=6,DATEDIF(TODAY(),Q40,"M")<=11),"AMARILLO"))),S40)) | S40: =IF(Q40=0," ",IF(Q40<=$N$5,"VENCIDO","NO VENCIDO"))
M41: =M36=N41 -> TRUE | N41: =SUM(N36:N40) -> 3 | O41: “Verdadero” indica que la cantidad por lote, coincide con el saldo que inicia al mes siguiente. "Falso" no coinicide. | T41: =SUM(T36:T40) -> 0
A42: =A36+1 -> 7 | B42: Vacuna de Difteria - Tos ferina (celula completa)- Tétanos - Hepatitis B - Haemophilus influenzae tipo B - Poliovirus inactivado (DTwP-HepB-Hib-IPV) - HEXAVALENTE DE CÉLULAS COMPLETAS - Liquida | D42: =+Marzo!M42 -> 0 | J42: =+F42+G42 -> 0 | K42: =+AO42 -> 0 | L42: =+J42+K42 -> 0 | M42: =+(D42+E42)-(L42)+H42-I42 -> 0 | Y42: =+AT42 -> 0 | AD42: =+AB42+AC42 -> 0 | AO42: =SUM(AD42:AN46) -> 0
M47: =M42=N47 -> TRUE | N47: =SUM(N42:N46) -> 0 | O47: “Verdadero” indica que la cantidad por lote, coincide con el saldo que inicia al mes siguiente. "Falso" no coinicide. | T47: =SUM(T42:T46) -> 0
A48: =A42+1 -> 8 | B48: Vacuna de Difteria, Tétano y Tosferina (DPT)- Liquida | D48: =+Marzo!M48 -> 187 | E48: 100 | F48: 66 | J48: =+F48+G48 -> 66 | K48: =+AO48 -> 21 | L48: =+J48+K48 -> 87 | M48: =+(D48+E48)-(L48)+H48-I48 -> 200 | N48: 200 | O48: 221100624A | Q48: 46327 | R48: =IF(Q48=0," ",IFERROR(IF(DATEDIF(TODAY(),Q48,"M")<=5,"ROJO",IF(DATEDIF(TODAY(),Q48,"M")>=12,"VERDE",IF(AND(DATEDIF(TODAY(),Q48,"M")>=6,DATEDIF(TODAY(),Q48,"M")<=11),"AMARILLO"))),S48)) -> ROJO | S48: =IF(Q48=0," ",IF(Q48<=$N$5,"VENCIDO","NO VENCIDO")) -> NO VENCIDO | Y48: =+AT48 -> 0 | AC48: 21 | AD48: =+AB48+AC48 -> 21 | AO48: =SUM(AD48:AN52) -> 21
R49: =IF(Q49=0," ",IFERROR(IF(DATEDIF(TODAY(),Q49,"M")<=5,"ROJO",IF(DATEDIF(TODAY(),Q49,"M")>=12,"VERDE",IF(AND(DATEDIF(TODAY(),Q49,"M")>=6,DATEDIF(TODAY(),Q49,"M")<=11),"AMARILLO"))),S49)) | S49: =IF(Q49=0," ",IF(Q49<=$N$5,"VENCIDO","NO VENCIDO"))
R50: =IF(Q50=0," ",IFERROR(IF(DATEDIF(TODAY(),Q50,"M")<=5,"ROJO",IF(DATEDIF(TODAY(),Q50,"M")>=12,"VERDE",IF(AND(DATEDIF(TODAY(),Q50,"M")>=6,DATEDIF(TODAY(),Q50,"M")<=11),"AMARILLO"))),S50)) | S50: =IF(Q50=0," ",IF(Q50<=$N$5,"VENCIDO","NO VENCIDO"))
R51: =IF(Q51=0," ",IFERROR(IF(DATEDIF(TODAY(),Q51,"M")<=5,"ROJO",IF(DATEDIF(TODAY(),Q51,"M")>=12,"VERDE",IF(AND(DATEDIF(TODAY(),Q51,"M")>=6,DATEDIF(TODAY(),Q51,"M")<=11),"AMARILLO"))),S51)) | S51: =IF(Q51=0," ",IF(Q51<=$N$5,"VENCIDO","NO VENCIDO"))
R52: =IF(Q52=0," ",IFERROR(IF(DATEDIF(TODAY(),Q52,"M")<=5,"ROJO",IF(DATEDIF(TODAY(),Q52,"M")>=12,"VERDE",IF(AND(DATEDIF(TODAY(),Q52,"M")>=6,DATEDIF(TODAY(),Q52,"M")<=11),"AMARILLO"))),S52)) | S52: =IF(Q52=0," ",IF(Q52<=$N$5,"VENCIDO","NO VENCIDO"))
M53: =M48=N53 -> TRUE | N53: =SUM(N48:N52) -> 200 | O53: “Verdadero” indica que la cantidad por lote, coincide con el saldo que inicia al mes siguiente. "Falso" no coinicide. | T53: =SUM(T48:T52) -> 0
A54: =A48+1 -> 9 | B54: Vacuna de Difteria-Tétanos-Tos ferina acelular Pertussis (DTaP) Pediátrica - Liquida | D54: =+Marzo!M54 -> 2 | J54: =+F54+G54 -> 0 | K54: =+AO54 -> 0 | L54: =+J54+K54 -> 0 | M54: =+(D54+E54)-(L54)+H54-I54 -> 2 | N54: 2 | O54: 4CA03C1 | Q54: 46296 | R54: =IF(Q54=0," ",IFERROR(IF(DATEDIF(TODAY(),Q54,"M")<=5,"ROJO",IF(DATEDIF(TODAY(),Q54,"M")>=12,"VERDE",IF(AND(DATEDIF(TODAY(),Q54,"M")>=6,DATEDIF(TODAY(),Q54,"M")<=11),"AMARILLO"))),S54)) -> NO VENCIDO | S54: =IF(Q54=0," ",IF(Q54<=$N$5,"VENCIDO","NO VENCIDO")) -> NO VENCIDO | Y54: =+AT54 -> 0 | AD54: =+AB54+AC54 -> 0 | AO54: =SUM(AD54:AN58) -> 0
R55: =IF(Q55=0," ",IFERROR(IF(DATEDIF(TODAY(),Q55,"M")<=5,"ROJO",IF(DATEDIF(TODAY(),Q55,"M")>=12,"VERDE",IF(AND(DATEDIF(TODAY(),Q55,"M")>=6,DATEDIF(TODAY(),Q55,"M")<=11),"AMARILLO"))),S55)) | S55: =IF(Q55=0," ",IF(Q55<=$N$5,"VENCIDO","NO VENCIDO"))
R56: =IF(Q56=0," ",IFERROR(IF(DATEDIF(TODAY(),Q56,"M")<=5,"ROJO",IF(DATEDIF(TODAY(),Q56,"M")>=12,"VERDE",IF(AND(DATEDIF(TODAY(),Q56,"M")>=6,DATEDIF(TODAY(),Q56,"M")<=11),"AMARILLO"))),S56)) | S56: =IF(Q56=0," ",IF(Q56<=$N$5,"VENCIDO","NO VENCIDO"))
R57: =IF(Q57=0," ",IFERROR(IF(DATEDIF(TODAY(),Q57,"M")<=5,"ROJO",IF(DATEDIF(TODAY(),Q57,"M")>=12,"VERDE",IF(AND(DATEDIF(TODAY(),Q57,"M")>=6,DATEDIF(TODAY(),Q57,"M")<=11),"AMARILLO"))),S57)) | S57: =IF(Q57=0," ",IF(Q57<=$N$5,"VENCIDO","NO VENCIDO"))
R58: =IF(Q58=0," ",IFERROR(IF(DATEDIF(TODAY(),Q58,"M")<=5,"ROJO",IF(DATEDIF(TODAY(),Q58,"M")>=12,"VERDE",IF(AND(DATEDIF(TODAY(),Q58,"M")>=6,DATEDIF(TODAY(),Q58,"M")<=11),"AMARILLO"))),S58)) | S58: =IF(Q58=0," ",IF(Q58<=$N$5,"VENCIDO","NO VENCIDO"))
M59: =M54=N59 -> TRUE | N59: =SUM(N54:N58) -> 2 | O59: “Verdadero” indica que la cantidad por lote, coincide con el saldo que inicia al mes siguiente. "Falso" no coinicide. | T59: =SUM(T54:T58) -> 0
A60: =A54+1 -> 10 | B60: Vacuna de Rotavirus Liquida (administración oral) | D60: =+Marzo!M60 -> 183 | E60: 150 | F60: 91 | J60: =+F60+G60 -> 91 | K60: =+AO60 -> 0 | L60: =+J60+K60 -> 91 | M60: =+(D60+E60)-(L60)+H60-I60 -> 242 | N60: 242 | O60: AROLE203AC | Q60: 46447 | R60: =IF(Q60=0," ",IFERROR(IF(DATEDIF(TODAY(),Q60,"M")<=5,"ROJO",IF(DATEDIF(TODAY(),Q60,"M")>=12,"VERDE",IF(AND(DATEDIF(TODAY(),Q60,"M")>=6,DATEDIF(TODAY(),Q60,"M")<=11),"AMARILLO"))),S60)) -> ROJO | S60: =IF(Q60=0," ",IF(Q60<=$N$5,"VENCIDO","NO VENCIDO")) -> NO VENCIDO | Y60: =+AT60 -> 0 | AD60: =+AB60+AC60 -> 0 | AO60: =SUM(AD60:AN64) -> 0
R61: =IF(Q61=0," ",IFERROR(IF(DATEDIF(TODAY(),Q61,"M")<=5,"ROJO",IF(DATEDIF(TODAY(),Q61,"M")>=12,"VERDE",IF(AND(DATEDIF(TODAY(),Q61,"M")>=6,DATEDIF(TODAY(),Q61,"M")<=11),"AMARILLO"))),S61)) | S61: =IF(Q61=0," ",IF(Q61<=$N$5,"VENCIDO","NO VENCIDO"))
R62: =IF(Q62=0," ",IFERROR(IF(DATEDIF(TODAY(),Q62,"M")<=5,"ROJO",IF(DATEDIF(TODAY(),Q62,"M")>=12,"VERDE",IF(AND(DATEDIF(TODAY(),Q62,"M")>=6,DATEDIF(TODAY(),Q62,"M")<=11),"AMARILLO"))),S62)) | S62: =IF(Q62=0," ",IF(Q62<=$N$5,"VENCIDO","NO VENCIDO"))
R63: =IF(Q63=0," ",IFERROR(IF(DATEDIF(TODAY(),Q63,"M")<=5,"ROJO",IF(DATEDIF(TODAY(),Q63,"M")>=12,"VERDE",IF(AND(DATEDIF(TODAY(),Q63,"M")>=6,DATEDIF(TODAY(),Q63,"M")<=11),"AMARILLO"))),S63)) | S63: =IF(Q63=0," ",IF(Q63<=$N$5,"VENCIDO","NO VENCIDO"))
R64: =IF(Q64=0," ",IFERROR(IF(DATEDIF(TODAY(),Q64,"M")<=5,"ROJO",IF(DATEDIF(TODAY(),Q64,"M")>=12,"VERDE",IF(AND(DATEDIF(TODAY(),Q64,"M")>=6,DATEDIF(TODAY(),Q64,"M")<=11),"AMARILLO"))),S64)) | S64: =IF(Q64=0," ",IF(Q64<=$N$5,"VENCIDO","NO VENCIDO"))
M65: =M60=N65 -> TRUE | N65: =SUM(N60:N64) -> 242 | O65: “Verdadero” indica que la cantidad por lote, coincide con el saldo que inicia al mes siguiente. "Falso" no coinicide. | T65: =SUM(T60:T64) -> 0
A66: =A60+1 -> 11 | B66: Vacuna Antineumocócica Conjugada (13-valente) PCV13 - Liquida | D66: =+Marzo!M66 -> 154 | E66: 250 | F66: 154 | J66: =+F66+G66 -> 154 | K66: =+AO66 -> 0 | L66: =+J66+K66 -> 154 | M66: =+(D66+E66)-(L66)+H66-I66 -> 250 | N66: 250 | O66: LR6371 | Q66: 46631 | R66: =IF(Q66=0," ",IFERROR(IF(DATEDIF(TODAY(),Q66,"M")<=5,"ROJO",IF(DATEDIF(TODAY(),Q66,"M")>=12,"VERDE",IF(AND(DATEDIF(TODAY(),Q66,"M")>=6,DATEDIF(TODAY(),Q66,"M")<=11),"AMARILLO"))),S66)) -> AMARILLO | S66: =IF(Q66=0," ",IF(Q66<=$N$5,"VENCIDO","NO VENCIDO")) -> NO VENCIDO | Y66: =+AT66 -> 0 | AD66: =+AB66+AC66 -> 0 | AO66: =SUM(AD66:AN70) -> 0
R67: =IF(Q67=0," ",IFERROR(IF(DATEDIF(TODAY(),Q67,"M")<=5,"ROJO",IF(DATEDIF(TODAY(),Q67,"M")>=12,"VERDE",IF(AND(DATEDIF(TODAY(),Q67,"M")>=6,DATEDIF(TODAY(),Q67,"M")<=11),"AMARILLO"))),S67)) | S67: =IF(Q67=0," ",IF(Q67<=$N$5,"VENCIDO","NO VENCIDO"))
R68: =IF(Q68=0," ",IFERROR(IF(DATEDIF(TODAY(),Q68,"M")<=5,"ROJO",IF(DATEDIF(TODAY(),Q68,"M")>=12,"VERDE",IF(AND(DATEDIF(TODAY(),Q68,"M")>=6,DATEDIF(TODAY(),Q68,"M")<=11),"AMARILLO"))),S68)) | S68: =IF(Q68=0," ",IF(Q68<=$N$5,"VENCIDO","NO VENCIDO"))
R69: =IF(Q69=0," ",IFERROR(IF(DATEDIF(TODAY(),Q69,"M")<=5,"ROJO",IF(DATEDIF(TODAY(),Q69,"M")>=12,"VERDE",IF(AND(DATEDIF(TODAY(),Q69,"M")>=6,DATEDIF(TODAY(),Q69,"M")<=11),"AMARILLO"))),S69)) | S69: =IF(Q69=0," ",IF(Q69<=$N$5,"VENCIDO","NO VENCIDO"))
R70: =IF(Q70=0," ",IFERROR(IF(DATEDIF(TODAY(),Q70,"M")<=5,"ROJO",IF(DATEDIF(TODAY(),Q70,"M")>=12,"VERDE",IF(AND(DATEDIF(TODAY(),Q70,"M")>=6,DATEDIF(TODAY(),Q70,"M")<=11),"AMARILLO"))),S70)) | S70: =IF(Q70=0," ",IF(Q70<=$N$5,"VENCIDO","NO VENCIDO"))
M71: =M66=N71 -> TRUE | N71: =SUM(N66:N70) -> 250 | O71: “Verdadero” indica que la cantidad por lote, coincide con el saldo que inicia al mes siguiente. "Falso" no coinicide. | T71: =SUM(T66:T70) -> 0
A72: =A66+1 -> 12 | B72: Vacuna Antineumocócica Conjugada (20-valente) PCV20 - Liquida | D72: =+Marzo!M72 -> 0 | J72: =+F72+G72 -> 0 | K72: =+AO72 -> 0 | L72: =+J72+K72 -> 0 | M72: =+(D72+E72)-(L72)+H72-I72 -> 0 | R72: =IF(Q72=0," ",IFERROR(IF(DATEDIF(TODAY(),Q72,"M")<=5,"ROJO",IF(DATEDIF(TODAY(),Q72,"M")>=12,"VERDE",IF(AND(DATEDIF(TODAY(),Q72,"M")>=6,DATEDIF(TODAY(),Q72,"M")<=11),"AMARILLO"))),S72)) | S72: =IF(Q72=0," ",IF(Q72<=$N$5,"VENCIDO","NO VENCIDO")) | Y72: =+AT72 -> 0 | AD72: =+AB72+AC72 -> 0 | AO72: =SUM(AD72:AN76) -> 0
R73: =IF(Q73=0," ",IFERROR(IF(DATEDIF(TODAY(),Q73,"M")<=5,"ROJO",IF(DATEDIF(TODAY(),Q73,"M")>=12,"VERDE",IF(AND(DATEDIF(TODAY(),Q73,"M")>=6,DATEDIF(TODAY(),Q73,"M")<=11),"AMARILLO"))),S73)) | S73: =IF(Q73=0," ",IF(Q73<=$N$5,"VENCIDO","NO VENCIDO"))
R74: =IF(Q74=0," ",IFERROR(IF(DATEDIF(TODAY(),Q74,"M")<=5,"ROJO",IF(DATEDIF(TODAY(),Q74,"M")>=12,"VERDE",IF(AND(DATEDIF(TODAY(),Q74,"M")>=6,DATEDIF(TODAY(),Q74,"M")<=11),"AMARILLO"))),S74)) | S74: =IF(Q74=0," ",IF(Q74<=$N$5,"VENCIDO","NO VENCIDO"))
R75: =IF(Q75=0," ",IFERROR(IF(DATEDIF(TODAY(),Q75,"M")<=5,"ROJO",IF(DATEDIF(TODAY(),Q75,"M")>=12,"VERDE",IF(AND(DATEDIF(TODAY(),Q75,"M")>=6,DATEDIF(TODAY(),Q75,"M")<=11),"AMARILLO"))),S75)) | S75: =IF(Q75=0," ",IF(Q75<=$N$5,"VENCIDO","NO VENCIDO"))
R76: =IF(Q76=0," ",IFERROR(IF(DATEDIF(TODAY(),Q76,"M")<=5,"ROJO",IF(DATEDIF(TODAY(),Q76,"M")>=12,"VERDE",IF(AND(DATEDIF(TODAY(),Q76,"M")>=6,DATEDIF(TODAY(),Q76,"M")<=11),"AMARILLO"))),S76)) | S76: =IF(Q76=0," ",IF(Q76<=$N$5,"VENCIDO","NO VENCIDO"))
M77: =M72=N77 -> TRUE | N77: =SUM(N72:N76) -> 0 | O77: “Verdadero” indica que la cantidad por lote, coincide con el saldo que inicia al mes siguiente. "Falso" no coinicide. | T77: =SUM(T72:T76) -> 0
A78: =A72+1 -> 13 | B78: Vacuna de Sarampión, Rubeola y Paperas (SRP) (Cepa Leningrado-Zagreb) Liofilizado - Vial x 01 dosis - TRIPLE VIRAL | D78: =+Marzo!M78 -> 241 | E78: 200 | F78: 117 | J78: =+F78+G78 -> 117 | K78: =+AO78 -> 0 | L78: =+J78+K78 -> 117 | M78: =+(D78+E78)-(L78)+H78-I78 -> 324 | N78: 324 | O78: 0134NO96A | Q78: 46631 | R78: =IF(Q78=0," ",IFERROR(IF(DATEDIF(TODAY(),Q78,"M")<=5,"ROJO",IF(DATEDIF(TODAY(),Q78,"M")>=12,"VERDE",IF(AND(DATEDIF(TODAY(),Q78,"M")>=6,DATEDIF(TODAY(),Q78,"M")<=11),"AMARILLO"))),S78)) -> AMARILLO | S78: =IF(Q78=0," ",IF(Q78<=$N$5,"VENCIDO","NO VENCIDO")) -> NO VENCIDO | Y78: =+AT78 -> 0 | AD78: =+AB78+AC78 -> 0 | AO78: =SUM(AD78:AN82) -> 0
R79: =IF(Q79=0," ",IFERROR(IF(DATEDIF(TODAY(),Q79,"M")<=5,"ROJO",IF(DATEDIF(TODAY(),Q79,"M")>=12,"VERDE",IF(AND(DATEDIF(TODAY(),Q79,"M")>=6,DATEDIF(TODAY(),Q79,"M")<=11),"AMARILLO"))),S79)) | S79: =IF(Q79=0," ",IF(Q79<=$N$5,"VENCIDO","NO VENCIDO"))
R80: =IF(Q80=0," ",IFERROR(IF(DATEDIF(TODAY(),Q80,"M")<=5,"ROJO",IF(DATEDIF(TODAY(),Q80,"M")>=12,"VERDE",IF(AND(DATEDIF(TODAY(),Q80,"M")>=6,DATEDIF(TODAY(),Q80,"M")<=11),"AMARILLO"))),S80)) | S80: =IF(Q80=0," ",IF(Q80<=$N$5,"VENCIDO","NO VENCIDO"))
R81: =IF(Q81=0," ",IFERROR(IF(DATEDIF(TODAY(),Q81,"M")<=5,"ROJO",IF(DATEDIF(TODAY(),Q81,"M")>=12,"VERDE",IF(AND(DATEDIF(TODAY(),Q81,"M")>=6,DATEDIF(TODAY(),Q81,"M")<=11),"AMARILLO"))),S81)) | S81: =IF(Q81=0," ",IF(Q81<=$N$5,"VENCIDO","NO VENCIDO"))
R82: =IF(Q82=0," ",IFERROR(IF(DATEDIF(TODAY(),Q82,"M")<=5,"ROJO",IF(DATEDIF(TODAY(),Q82,"M")>=12,"VERDE",IF(AND(DATEDIF(TODAY(),Q82,"M")>=6,DATEDIF(TODAY(),Q82,"M")<=11),"AMARILLO"))),S82)) | S82: =IF(Q82=0," ",IF(Q82<=$N$5,"VENCIDO","NO VENCIDO"))
M83: =M78=N83 -> TRUE | N83: =SUM(N78:N82) -> 324 | O83: “Verdadero” indica que la cantidad por lote, coincide con el saldo que inicia al mes siguiente. "Falso" no coinicide. | T83: =SUM(T78:T82) -> 0
A84: =A78+1 -> 14 | B84: Vacuna de Sarampión, Rubeola y Paperas (SRP) (Cepa Leningrado-Zagreb) Liofilizado - Vial x 05 dosis - TRIPLE VIRAL | D84: =+Marzo!M84 -> 0 | J84: =+F84+G84 -> 0 | K84: =+AO84 -> 0 | L84: =+J84+K84 -> 0 | M84: =+(D84+E84)-(L84)+H84-I84 -> 0 | R84: =IF(Q84=0," ",IFERROR(IF(DATEDIF(TODAY(),Q84,"M")<=5,"ROJO",IF(DATEDIF(TODAY(),Q84,"M")>=12,"VERDE",IF(AND(DATEDIF(TODAY(),Q84,"M")>=6,DATEDIF(TODAY(),Q84,"M")<=11),"AMARILLO"))),S84)) | S84: =IF(Q84=0," ",IF(Q84<=$N$5,"VENCIDO","NO VENCIDO")) | Y84: =+AT84 -> 0 | AD84: =+AB84+AC84 -> 0 | AO84: =SUM(AD84:AN88) -> 0
R85: =IF(Q85=0," ",IFERROR(IF(DATEDIF(TODAY(),Q85,"M")<=5,"ROJO",IF(DATEDIF(TODAY(),Q85,"M")>=12,"VERDE",IF(AND(DATEDIF(TODAY(),Q85,"M")>=6,DATEDIF(TODAY(),Q85,"M")<=11),"AMARILLO"))),S85)) | S85: =IF(Q85=0," ",IF(Q85<=$N$5,"VENCIDO","NO VENCIDO"))
R86: =IF(Q86=0," ",IFERROR(IF(DATEDIF(TODAY(),Q86,"M")<=5,"ROJO",IF(DATEDIF(TODAY(),Q86,"M")>=12,"VERDE",IF(AND(DATEDIF(TODAY(),Q86,"M")>=6,DATEDIF(TODAY(),Q86,"M")<=11),"AMARILLO"))),S86)) | S86: =IF(Q86=0," ",IF(Q86<=$N$5,"VENCIDO","NO VENCIDO"))
R87: =IF(Q87=0," ",IFERROR(IF(DATEDIF(TODAY(),Q87,"M")<=5,"ROJO",IF(DATEDIF(TODAY(),Q87,"M")>=12,"VERDE",IF(AND(DATEDIF(TODAY(),Q87,"M")>=6,DATEDIF(TODAY(),Q87,"M")<=11),"AMARILLO"))),S87)) | S87: =IF(Q87=0," ",IF(Q87<=$N$5,"VENCIDO","NO VENCIDO"))
R88: =IF(Q88=0," ",IFERROR(IF(DATEDIF(TODAY(),Q88,"M")<=5,"ROJO",IF(DATEDIF(TODAY(),Q88,"M")>=12,"VERDE",IF(AND(DATEDIF(TODAY(),Q88,"M")>=6,DATEDIF(TODAY(),Q88,"M")<=11),"AMARILLO"))),S88)) | S88: =IF(Q88=0," ",IF(Q88<=$N$5,"VENCIDO","NO VENCIDO"))
M89: =M84=N89 -> TRUE | N89: =SUM(N84:N88) -> 0 | O89: “Verdadero” indica que la cantidad por lote, coincide con el saldo que inicia al mes siguiente. "Falso" no coinicide. | T89: =SUM(T84:T88) -> 0
A90: =A84+1 -> 15 | B90: Vacuna de Sarampión, Rubeola y Paperas (SRP) (Cepa Leningrado-Zagreb) Liofilizado - Vial x 10 dosis - TRIPLE VIRAL | D90: =+Marzo!M90 -> 0 | J90: =+F90+G90 -> 0 | K90: =+AO90 -> 0 | L90: =+J90+K90 -> 0 | M90: =+(D90+E90)-(L90)+H90-I90 -> 0 | R90: =IF(Q90=0," ",IFERROR(IF(DATEDIF(TODAY(),Q90,"M")<=5,"ROJO",IF(DATEDIF(TODAY(),Q90,"M")>=12,"VERDE",IF(AND(DATEDIF(TODAY(),Q90,"M")>=6,DATEDIF(TODAY(),Q90,"M")<=11),"AMARILLO"))),S90)) | S90: =IF(Q90=0," ",IF(Q90<=$N$5,"VENCIDO","NO VENCIDO")) | Y90: =+AT90 -> 0 | AD90: =+AB90+AC90 -> 0 | AO90: =SUM(AD90:AN94) -> 0
R91: =IF(Q91=0," ",IFERROR(IF(DATEDIF(TODAY(),Q91,"M")<=5,"ROJO",IF(DATEDIF(TODAY(),Q91,"M")>=12,"VERDE",IF(AND(DATEDIF(TODAY(),Q91,"M")>=6,DATEDIF(TODAY(),Q91,"M")<=11),"AMARILLO"))),S91)) | S91: =IF(Q91=0," ",IF(Q91<=$N$5,"VENCIDO","NO VENCIDO"))
R92: =IF(Q92=0," ",IFERROR(IF(DATEDIF(TODAY(),Q92,"M")<=5,"ROJO",IF(DATEDIF(TODAY(),Q92,"M")>=12,"VERDE",IF(AND(DATEDIF(TODAY(),Q92,"M")>=6,DATEDIF(TODAY(),Q92,"M")<=11),"AMARILLO"))),S92)) | S92: =IF(Q92=0," ",IF(Q92<=$N$5,"VENCIDO","NO VENCIDO"))
R93: =IF(Q93=0," ",IFERROR(IF(DATEDIF(TODAY(),Q93,"M")<=5,"ROJO",IF(DATEDIF(TODAY(),Q93,"M")>=12,"VERDE",IF(AND(DATEDIF(TODAY(),Q93,"M")>=6,DATEDIF(TODAY(),Q93,"M")<=11),"AMARILLO"))),S93)) | S93: =IF(Q93=0," ",IF(Q93<=$N$5,"VENCIDO","NO VENCIDO"))
R94: =IF(Q94=0," ",IFERROR(IF(DATEDIF(TODAY(),Q94,"M")<=5,"ROJO",IF(DATEDIF(TODAY(),Q94,"M")>=12,"VERDE",IF(AND(DATEDIF(TODAY(),Q94,"M")>=6,DATEDIF(TODAY(),Q94,"M")<=11),"AMARILLO"))),S94)) | S94: =IF(Q94=0," ",IF(Q94<=$N$5,"VENCIDO","NO VENCIDO"))
M95: =M90=N95 -> TRUE | N95: =SUM(N90:N94) -> 0 | O95: “Verdadero” indica que la cantidad por lote, coincide con el saldo que inicia al mes siguiente. "Falso" no coinicide. | T95: =SUM(T90:T94) -> 0
A96: =A90+1 -> 16 | B96: Vacuna de Sarampión Rubeola (SR) Liofilizada - Vial x 01 dosis -DOBLE VIRAL | D96: =+Marzo!M96 -> 0 | E96: 50 | F96: 13 | J96: =+F96+G96 -> 13 | K96: =+AO96 -> 0 | L96: =+J96+K96 -> 13 | M96: =+(D96+E96)-(L96)+H96-I96 -> 37 | N96: 37 | O96: 0095M002 | Q96: 46692 | R96: =IF(Q96=0," ",IFERROR(IF(DATEDIF(TODAY(),Q96,"M")<=5,"ROJO",IF(DATEDIF(TODAY(),Q96,"M")>=12,"VERDE",IF(AND(DATEDIF(TODAY(),Q96,"M")>=6,DATEDIF(TODAY(),Q96,"M")<=11),"AMARILLO"))),S96)) -> VERDE | S96: =IF(Q96=0," ",IF(Q96<=$N$5,"VENCIDO","NO VENCIDO")) -> NO VENCIDO | Y96: =+AT96 -> 0 | AD96: =+AB96+AC96 -> 0 | AO96: =SUM(AD96:AN100) -> 0
R97: =IF(Q97=0," ",IFERROR(IF(DATEDIF(TODAY(),Q97,"M")<=5,"ROJO",IF(DATEDIF(TODAY(),Q97,"M")>=12,"VERDE",IF(AND(DATEDIF(TODAY(),Q97,"M")>=6,DATEDIF(TODAY(),Q97,"M")<=11),"AMARILLO"))),S97)) | S97: =IF(Q97=0," ",IF(Q97<=$N$5,"VENCIDO","NO VENCIDO"))
R98: =IF(Q98=0," ",IFERROR(IF(DATEDIF(TODAY(),Q98,"M")<=5,"ROJO",IF(DATEDIF(TODAY(),Q98,"M")>=12,"VERDE",IF(AND(DATEDIF(TODAY(),Q98,"M")>=6,DATEDIF(TODAY(),Q98,"M")<=11),"AMARILLO"))),S98)) | S98: =IF(Q98=0," ",IF(Q98<=$N$5,"VENCIDO","NO VENCIDO"))
R99: =IF(Q99=0," ",IFERROR(IF(DATEDIF(TODAY(),Q99,"M")<=5,"ROJO",IF(DATEDIF(TODAY(),Q99,"M")>=12,"VERDE",IF(AND(DATEDIF(TODAY(),Q99,"M")>=6,DATEDIF(TODAY(),Q99,"M")<=11),"AMARILLO"))),S99)) | S99: =IF(Q99=0," ",IF(Q99<=$N$5,"VENCIDO","NO VENCIDO"))
R100: =IF(Q100=0," ",IFERROR(IF(DATEDIF(TODAY(),Q100,"M")<=5,"ROJO",IF(DATEDIF(TODAY(),Q100,"M")>=12,"VERDE",IF(AND(DATEDIF(TODAY(),Q100,"M")>=6,DATEDIF(TODAY(),Q100,"M")<=11),"AMARILLO"))),S100)) | S100: =IF(Q100=0," ",IF(Q100<=$N$5,"VENCIDO","NO VENCIDO"))
M101: =M96=N101 -> TRUE | N101: =SUM(N96:N100) -> 37 | O101: “Verdadero” indica que la cantidad por lote, coincide con el saldo que inicia al mes siguiente. "Falso" no coinicide. | T101: =SUM(T96:T100) -> 0
A102: =A96+1 -> 17 | B102: Vacuna de Sarampión Rubeola (SR) Liofilizada - Vial x 10 dosis - DOBLE VIRAL | D102: =+Marzo!M102 -> 0 | J102: =+F102+G102 -> 0 | K102: =+AO102 -> 0 | L102: =+J102+K102 -> 0 | M102: =+(D102+E102)-(L102)+H102-I102 -> 0 | R102: =IF(Q102=0," ",IFERROR(IF(DATEDIF(TODAY(),Q102,"M")<=5,"ROJO",IF(DATEDIF(TODAY(),Q102,"M")>=12,"VERDE",IF(AND(DATEDIF(TODAY(),Q102,"M")>=6,DATEDIF(TODAY(),Q102,"M")<=11),"AMARILLO"))),S102)) | S102: =IF(Q102=0," ",IF(Q102<=$N$5,"VENCIDO","NO VENCIDO")) | Y102: =+AT102 -> 0 | AD102: =+AB102+AC102 -> 0 | AO102: =SUM(AD102:AN106) -> 0
R103: =IF(Q103=0," ",IFERROR(IF(DATEDIF(TODAY(),Q103,"M")<=5,"ROJO",IF(DATEDIF(TODAY(),Q103,"M")>=12,"VERDE",IF(AND(DATEDIF(TODAY(),Q103,"M")>=6,DATEDIF(TODAY(),Q103,"M")<=11),"AMARILLO"))),S103)) | S103: =IF(Q103=0," ",IF(Q103<=$N$5,"VENCIDO","NO VENCIDO"))
R104: =IF(Q104=0," ",IFERROR(IF(DATEDIF(TODAY(),Q104,"M")<=5,"ROJO",IF(DATEDIF(TODAY(),Q104,"M")>=12,"VERDE",IF(AND(DATEDIF(TODAY(),Q104,"M")>=6,DATEDIF(TODAY(),Q104,"M")<=11),"AMARILLO"))),S104)) | S104: =IF(Q104=0," ",IF(Q104<=$N$5,"VENCIDO","NO VENCIDO"))
...

Sheet Mayo
A1: MUNICIPIOS / IPS VACUNADORAS
A2: ÍTEM | B2: INSUMOS | D2: SALDO MES ANTERIOR | E2: BIOLÓGICO RECIBIDO DEL CENTRO DE ACOPIO DEPARTAMENTAL / DISTRITAL | F2: DOSIS APLICADAS | H2: Entradas | I2: Salidas | J2: TOTAL DOSIS APLICADAS | K2: DOSIS PERDIDAS | L2: TOTAL DOSIS ÚTILIZADAS EN EL MES | M2: SALDO QUE INICIA EL MES SIGUIENTE (SOLO MUNICIPIOS) | N2: DOSIS POR LOTES | O2: No. LOTE | P2: LABORATORIO | Q2: FECHA DE VENCIMIENTO | R2: SEMAFORIZACION VIDA ÚTIL DEL BIOLÓGICO | S2: CONDICIÓN FINAL DEL BIOLÓGICO, DILUYENTE Y CARNET | T2: DOSIS EN CUARENTENA | U2: LABORATORIO | V2: No. LOTE | W2: FECHA DE VENCIMEINTO | X2: FECHA DE INICIO CUARENTENA | Y2: PORCENTAJE DE PERDIDA DEL MES | Z2: OBSERVACIONES | AB2: CAUSAS PERDIDA DE BIOLÓGICOS (Remítase a la primera hoja donde se especifica la clasificación de las perdidas) | AO2: TOTAL DOSIS PERDIDAS
F3: DOSIS APLICADAS COLOMBIANOS | G3: DOSIS APLICADAS EXTRANJEROS | H3: DOSIS INGRESADAS POR TRASLADOS DE MUNICIPIOS O IPS | I3: DOSIS TRASLADADAS A OTROS MUNICIPIOS O IPS | AB3: 1 | AE3: 2 | AF3: 3 | AG3: 4 | AH3: 5 | AI3: 6 | AJ3: 7 | AK3: 8 | AL3: 9 | AM3: 10 | AN3: 11
AB4: POLÍTICA DE FRASCOS ABIERTO | AE4: INTERRUPCIÓN DE CADENA DE FRÍO | AF4: CONTAMINACION DEL BIOLÓGICO/DISPOSITIVO MÉDICO | AG4: VIAL ROTO | AH4: ERRORES EN LA MANIPULACIÓN | AI4: VENCIMIENTO DEL BIOLÓGICO O JERINGA | AJ4: FARMACOVIGILANCIA / TECNOVIGILANCIA | AK4: VOMITO FRANCO | AL4: APLICACIÓN FUERA DE LA EDAD | AM4: POR DECISIÓN FINAL DEL PACIENTE DE NO VACUNACIÓN | AN4: SINIESTRO O ROBO
AB5: INSTITUCIONAL | AC5: EXTRAMURAL | AD5: TOTAL
A6: 1 | B6: Vacuna de BCG (Bacilo de Calmette y Guérin) Liofilizada | D6: =+Abril!M6 -> 210 | E6: 150 | F6: 44 | J6: =+F6+G6 -> 44 | K6: =+AO6 -> 246 | L6: =+J6+K6 -> 290 | M6: =+(D6+E6)-(L6)+H6-I6 -> 70 | N6: 70 | O6: 0374MA072 | Q6: 46357 | R6: =IF(Q6=0," ",IFERROR(IF(DATEDIF(TODAY(),Q6,"M")<=5,"ROJO",IF(DATEDIF(TODAY(),Q6,"M")>=12,"VERDE",IF(AND(DATEDIF(TODAY(),Q6,"M")>=6,DATEDIF(TODAY(),Q6,"M")<=11),"AMARILLO"))),S6)) -> ROJO | S6: =IF(Q6=0," ",IF(Q6<=$N$5,"VENCIDO","NO VENCIDO")) -> NO VENCIDO | Y6: =+AT6 -> 0 | AB6: 120 | AC6: 126 | AD6: =+AB6+AC6 -> 246 | AO6: =SUM(AD6:AN10) -> 246
R7: =IF(Q7=0," ",IFERROR(IF(DATEDIF(TODAY(),Q7,"M")<=5,"ROJO",IF(DATEDIF(TODAY(),Q7,"M")>=12,"VERDE",IF(AND(DATEDIF(TODAY(),Q7,"M")>=6,DATEDIF(TODAY(),Q7,"M")<=11),"AMARILLO"))),S7)) | S7: =IF(Q7=0," ",IF(Q7<=$N$5,"VENCIDO","NO VENCIDO"))
R8: =IF(Q8=0," ",IFERROR(IF(DATEDIF(TODAY(),Q8,"M")<=5,"ROJO",IF(DATEDIF(TODAY(),Q8,"M")>=12,"VERDE",IF(AND(DATEDIF(TODAY(),Q8,"M")>=6,DATEDIF(TODAY(),Q8,"M")<=11),"AMARILLO"))),S8)) | S8: =IF(Q8=0," ",IF(Q8<=$N$5,"VENCIDO","NO VENCIDO"))
R9: =IF(Q9=0," ",IFERROR(IF(DATEDIF(TODAY(),Q9,"M")<=5,"ROJO",IF(DATEDIF(TODAY(),Q9,"M")>=12,"VERDE",IF(AND(DATEDIF(TODAY(),Q9,"M")>=6,DATEDIF(TODAY(),Q9,"M")<=11),"AMARILLO"))),S9)) | S9: =IF(Q9=0," ",IF(Q9<=$N$5,"VENCIDO","NO VENCIDO"))
R10: =IF(Q10=0," ",IFERROR(IF(DATEDIF(TODAY(),Q10,"M")<=5,"ROJO",IF(DATEDIF(TODAY(),Q10,"M")>=12,"VERDE",IF(AND(DATEDIF(TODAY(),Q10,"M")>=6,DATEDIF(TODAY(),Q10,"M")<=11),"AMARILLO"))),S10)) | S10: =IF(Q10=0," ",IF(Q10<=$N$5,"VENCIDO","NO VENCIDO"))
M11: =M6=N11 -> TRUE | N11: =SUM(N6:N10) -> 70 | O11: “Verdadero” indica que la cantidad por lote, coincide con el saldo que inicia al mes siguiente. "Falso" no coinicide. | T11: =SUM(T6:T10) -> 0
A12: =A6+1 -> 2 | B12: Vacuna de Hepatitis B Recombinante Pediátrica - Liquida | D12: =+Abril!M12 -> 206 | F12: 41 | J12: =+F12+G12 -> 41 | K12: =+AO12 -> 0 | L12: =+J12+K12 -> 41 | M12: =+(D12+E12)-(L12)+H12-I12 -> 165 | N12: 165 | O12: 0324LO13B | Q12: 46692 | R12: =IF(Q12=0," ",IFERROR(IF(DATEDIF(TODAY(),Q12,"M")<=5,"ROJO",IF(DATEDIF(TODAY(),Q12,"M")>=12,"VERDE",IF(AND(DATEDIF(TODAY(),Q12,"M")>=6,DATEDIF(TODAY(),Q12,"M")<=11),"AMARILLO"))),S12)) -> VERDE | S12: =IF(Q12=0," ",IF(Q12<=$N$5,"VENCIDO","NO VENCIDO")) -> NO VENCIDO | Y12: =+AT12 -> 0 | AD12: =+AB12+AC12 -> 0 | AO12: =SUM(AD12:AN16) -> 0
R13: =IF(Q13=0," ",IFERROR(IF(DATEDIF(TODAY(),Q13,"M")<=5,"ROJO",IF(DATEDIF(TODAY(),Q13,"M")>=12,"VERDE",IF(AND(DATEDIF(TODAY(),Q13,"M")>=6,DATEDIF(TODAY(),Q13,"M")<=11),"AMARILLO"))),S13)) | S13: =IF(Q13=0," ",IF(Q13<=$N$5,"VENCIDO","NO VENCIDO"))
R14: =IF(Q14=0," ",IFERROR(IF(DATEDIF(TODAY(),Q14,"M")<=5,"ROJO",IF(DATEDIF(TODAY(),Q14,"M")>=12,"VERDE",IF(AND(DATEDIF(TODAY(),Q14,"M")>=6,DATEDIF(TODAY(),Q14,"M")<=11),"AMARILLO"))),S14)) | S14: =IF(Q14=0," ",IF(Q14<=$N$5,"VENCIDO","NO VENCIDO"))
R15: =IF(Q15=0," ",IFERROR(IF(DATEDIF(TODAY(),Q15,"M")<=5,"ROJO",IF(DATEDIF(TODAY(),Q15,"M")>=12,"VERDE",IF(AND(DATEDIF(TODAY(),Q15,"M")>=6,DATEDIF(TODAY(),Q15,"M")<=11),"AMARILLO"))),S15)) | S15: =IF(Q15=0," ",IF(Q15<=$N$5,"VENCIDO","NO VENCIDO"))
R16: =IF(Q16=0," ",IFERROR(IF(DATEDIF(TODAY(),Q16,"M")<=5,"ROJO",IF(DATEDIF(TODAY(),Q16,"M")>=12,"VERDE",IF(AND(DATEDIF(TODAY(),Q16,"M")>=6,DATEDIF(TODAY(),Q16,"M")<=11),"AMARILLO"))),S16)) | S16: =IF(Q16=0," ",IF(Q16<=$N$5,"VENCIDO","NO VENCIDO"))
M17: =M12=N17 -> TRUE | N17: =SUM(N12:N16) -> 165 | O17: “Verdadero” indica que la cantidad por lote, coincide con el saldo que inicia al mes siguiente. "Falso" no coinicide. | T17: =SUM(T12:T16) -> 0
A18: =A12+1 -> 3 | B18: Vacuna de Hepatitis B Recombinante Adultos - Liquida | D18: =+Abril!M18 -> 12 | F18: 7 | J18: =+F18+G18 -> 7 | K18: =+AO18 -> 0 | L18: =+J18+K18 -> 7 | M18: =+(D18+E18)-(L18)+H18-I18 -> 5 | N18: 5 | O18: 0344X002C | Q18: 46539 | R18: =IF(Q18=0," ",IFERROR(IF(DATEDIF(TODAY(),Q18,"M")<=5,"ROJO",IF(DATEDIF(TODAY(),Q18,"M")>=12,"VERDE",IF(AND(DATEDIF(TODAY(),Q18,"M")>=6,DATEDIF(TODAY(),Q18,"M")<=11),"AMARILLO"))),S18)) -> AMARILLO | S18: =IF(Q18=0," ",IF(Q18<=$N$5,"VENCIDO","NO VENCIDO")) -> NO VENCIDO | Y18: =+AT18 -> 0 | AD18: =+AB18+AC18 -> 0 | AO18: =SUM(AD18:AN22) -> 0
R19: =IF(Q19=0," ",IFERROR(IF(DATEDIF(TODAY(),Q19,"M")<=5,"ROJO",IF(DATEDIF(TODAY(),Q19,"M")>=12,"VERDE",IF(AND(DATEDIF(TODAY(),Q19,"M")>=6,DATEDIF(TODAY(),Q19,"M")<=11),"AMARILLO"))),S19)) | S19: =IF(Q19=0," ",IF(Q19<=$N$5,"VENCIDO","NO VENCIDO"))
R20: =IF(Q20=0," ",IFERROR(IF(DATEDIF(TODAY(),Q20,"M")<=5,"ROJO",IF(DATEDIF(TODAY(),Q20,"M")>=12,"VERDE",IF(AND(DATEDIF(TODAY(),Q20,"M")>=6,DATEDIF(TODAY(),Q20,"M")<=11),"AMARILLO"))),S20)) | S20: =IF(Q20=0," ",IF(Q20<=$N$5,"VENCIDO","NO VENCIDO"))
R21: =IF(Q21=0," ",IFERROR(IF(DATEDIF(TODAY(),Q21,"M")<=5,"ROJO",IF(DATEDIF(TODAY(),Q21,"M")>=12,"VERDE",IF(AND(DATEDIF(TODAY(),Q21,"M")>=6,DATEDIF(TODAY(),Q21,"M")<=11),"AMARILLO"))),S21)) | S21: =IF(Q21=0," ",IF(Q21<=$N$5,"VENCIDO","NO VENCIDO"))
R22: =IF(Q22=0," ",IFERROR(IF(DATEDIF(TODAY(),Q22,"M")<=5,"ROJO",IF(DATEDIF(TODAY(),Q22,"M")>=12,"VERDE",IF(AND(DATEDIF(TODAY(),Q22,"M")>=6,DATEDIF(TODAY(),Q22,"M")<=11),"AMARILLO"))),S22)) | S22: =IF(Q22=0," ",IF(Q22<=$N$5,"VENCIDO","NO VENCIDO"))
M23: =M18=N23 -> TRUE | N23: =SUM(N18:N22) -> 5 | O23: “Verdadero” indica que la cantidad por lote, coincide con el saldo que inicia al mes siguiente. "Falso" no coinicide. | T23: =SUM(T18:T22) -> 0
A24: =A18+1 -> 4 | B24: Vacuna de Poliovirus Inactiva IPV - Liquida | D24: =+Abril!M24 -> 233 | E24: 200 | F24: 282 | J24: =+F24+G24 -> 282 | K24: =+AO24 -> 0 | L24: =+J24+K24 -> 282 | M24: =+(D24+E24)-(L24)+H24-I24 -> 151 | N24: 151 | O24: 2522006A | Q24: 46784 | R24: =IF(Q24=0," ",IFERROR(IF(DATEDIF(TODAY(),Q24,"M")<=5,"ROJO",IF(DATEDIF(TODAY(),Q24,"M")>=12,"VERDE",IF(AND(DATEDIF(TODAY(),Q24,"M")>=6,DATEDIF(TODAY(),Q24,"M")<=11),"AMARILLO"))),S24)) -> VERDE | S24: =IF(Q24=0," ",IF(Q24<=$N$5,"VENCIDO","NO VENCIDO")) -> NO VENCIDO | Y24: =+AT24 -> 0 | AD24: =+AB24+AC24 -> 0 | AO24: =SUM(AD24:AN28) -> 0
R25: =IF(Q25=0," ",IFERROR(IF(DATEDIF(TODAY(),Q25,"M")<=5,"ROJO",IF(DATEDIF(TODAY(),Q25,"M")>=12,"VERDE",IF(AND(DATEDIF(TODAY(),Q25,"M")>=6,DATEDIF(TODAY(),Q25,"M")<=11),"AMARILLO"))),S25)) | S25: =IF(Q25=0," ",IF(Q25<=$N$5,"VENCIDO","NO VENCIDO"))
R26: =IF(Q26=0," ",IFERROR(IF(DATEDIF(TODAY(),Q26,"M")<=5,"ROJO",IF(DATEDIF(TODAY(),Q26,"M")>=12,"VERDE",IF(AND(DATEDIF(TODAY(),Q26,"M")>=6,DATEDIF(TODAY(),Q26,"M")<=11),"AMARILLO"))),S26)) | S26: =IF(Q26=0," ",IF(Q26<=$N$5,"VENCIDO","NO VENCIDO"))
R27: =IF(Q27=0," ",IFERROR(IF(DATEDIF(TODAY(),Q27,"M")<=5,"ROJO",IF(DATEDIF(TODAY(),Q27,"M")>=12,"VERDE",IF(AND(DATEDIF(TODAY(),Q27,"M")>=6,DATEDIF(TODAY(),Q27,"M")<=11),"AMARILLO"))),S27)) | S27: =IF(Q27=0," ",IF(Q27<=$N$5,"VENCIDO","NO VENCIDO"))
R28: =IF(Q28=0," ",IFERROR(IF(DATEDIF(TODAY(),Q28,"M")<=5,"ROJO",IF(DATEDIF(TODAY(),Q28,"M")>=12,"VERDE",IF(AND(DATEDIF(TODAY(),Q28,"M")>=6,DATEDIF(TODAY(),Q28,"M")<=11),"AMARILLO"))),S28)) | S28: =IF(Q28=0," ",IF(Q28<=$N$5,"VENCIDO","NO VENCIDO"))
M29: =M24=N29 -> TRUE | N29: =SUM(N24:N28) -> 151 | O29: “Verdadero” indica que la cantidad por lote, coincide con el saldo que inicia al mes siguiente. "Falso" no coinicide. | T29: =SUM(T24:T28) -> 0
A30: =A24+1 -> 5 | B30: Vacuna de Difteria - Tos ferina (Celula completa) - Tétanos - Hepatitis B - Haemophilus influenzae tipo B (DTwP-HepB-Hib) PENTAVALENTE PEDIÁTRICA - Liquida | D30: =+Abril!M30 -> 391 | E30: 200 | F30: 211 | J30: =+F30+G30 -> 211 | K30: =+AO30 -> 0 | L30: =+J30+K30 -> 211 | M30: =+(D30+E30)-(L30)+H30-I30 -> 380 | N30: 380 | O30: 2855X002C | Q30: 46539 | R30: =IF(Q30=0," ",IFERROR(IF(DATEDIF(TODAY(),Q30,"M")<=5,"ROJO",IF(DATEDIF(TODAY(),Q30,"M")>=12,"VERDE",IF(AND(DATEDIF(TODAY(),Q30,"M")>=6,DATEDIF(TODAY(),Q30,"M")<=11),"AMARILLO"))),S30)) -> AMARILLO | S30: =IF(Q30=0," ",IF(Q30<=$N$5,"VENCIDO","NO VENCIDO")) -> NO VENCIDO | Y30: =+AT30 -> 0 | AD30: =+AB30+AC30 -> 0 | AO30: =SUM(AD30:AN34) -> 0
O31: 2855X001A | Q31: 46539 | R31: =IF(Q31=0," ",IFERROR(IF(DATEDIF(TODAY(),Q31,"M")<=5,"ROJO",IF(DATEDIF(TODAY(),Q31,"M")>=12,"VERDE",IF(AND(DATEDIF(TODAY(),Q31,"M")>=6,DATEDIF(TODAY(),Q31,"M")<=11),"AMARILLO"))),S31)) -> AMARILLO | S31: =IF(Q31=0," ",IF(Q31<=$N$5,"VENCIDO","NO VENCIDO")) -> NO VENCIDO
R32: =IF(Q32=0," ",IFERROR(IF(DATEDIF(TODAY(),Q32,"M")<=5,"ROJO",IF(DATEDIF(TODAY(),Q32,"M")>=12,"VERDE",IF(AND(DATEDIF(TODAY(),Q32,"M")>=6,DATEDIF(TODAY(),Q32,"M")<=11),"AMARILLO"))),S32)) | S32: =IF(Q32=0," ",IF(Q32<=$N$5,"VENCIDO","NO VENCIDO"))
R33: =IF(Q33=0," ",IFERROR(IF(DATEDIF(TODAY(),Q33,"M")<=5,"ROJO",IF(DATEDIF(TODAY(),Q33,"M")>=12,"VERDE",IF(AND(DATEDIF(TODAY(),Q33,"M")>=6,DATEDIF(TODAY(),Q33,"M")<=11),"AMARILLO"))),S33)) | S33: =IF(Q33=0," ",IF(Q33<=$N$5,"VENCIDO","NO VENCIDO"))
R34: =IF(Q34=0," ",IFERROR(IF(DATEDIF(TODAY(),Q34,"M")<=5,"ROJO",IF(DATEDIF(TODAY(),Q34,"M")>=12,"VERDE",IF(AND(DATEDIF(TODAY(),Q34,"M")>=6,DATEDIF(TODAY(),Q34,"M")<=11),"AMARILLO"))),S34)) | S34: =IF(Q34=0," ",IF(Q34<=$N$5,"VENCIDO","NO VENCIDO"))
M35: =M30=N35 -> TRUE | N35: =SUM(N30:N34) -> 380 | O35: “Verdadero” indica que la cantidad por lote, coincide con el saldo que inicia al mes siguiente. "Falso" no coinicide. | T35: =SUM(T30:T34) -> 0
A36: =A30+1 -> 6 | B36: Vacuna de Difteria - Tétanos - Tos ferina acelular - Poliovirus inactivado - Hepatitis B - Haemophilus influenzae tipo B (DTaP-IPV-HepB-Hib (HEXAVALENTE ACELULAR) - Liquida | D36: =+Abril!M36 -> 3 | J36: =+F36+G36 -> 0 | K36: =+AO36 -> 0 | L36: =+J36+K36 -> 0 | M36: =+(D36+E36)-(L36)+H36-I36 -> 3 | N36: 3 | O36: Y3CY9 | Q36: 46784 | R36: =IF(Q36=0," ",IFERROR(IF(DATEDIF(TODAY(),Q36,"M")<=5,"ROJO",IF(DATEDIF(TODAY(),Q36,"M")>=12,"VERDE",IF(AND(DATEDIF(TODAY(),Q36,"M")>=6,DATEDIF(TODAY(),Q36,"M")<=11),"AMARILLO"))),S36)) -> VERDE | S36: =IF(Q36=0," ",IF(Q36<=$N$5,"VENCIDO","NO VENCIDO")) -> NO VENCIDO | Y36: =+AT36 -> 0 | AD36: =+AB36+AC36 -> 0 | AO36: =SUM(AD36:AN40) -> 0
R37: =IF(Q37=0," ",IFERROR(IF(DATEDIF(TODAY(),Q37,"M")<=5,"ROJO",IF(DATEDIF(TODAY(),Q37,"M")>=12,"VERDE",IF(AND(DATEDIF(TODAY(),Q37,"M")>=6,DATEDIF(TODAY(),Q37,"M")<=11),"AMARILLO"))),S37)) | S37: =IF(Q37=0," ",IF(Q37<=$N$5,"VENCIDO","NO VENCIDO"))
R38: =IF(Q38=0," ",IFERROR(IF(DATEDIF(TODAY(),Q38,"M")<=5,"ROJO",IF(DATEDIF(TODAY(),Q38,"M")>=12,"VERDE",IF(AND(DATEDIF(TODAY(),Q38,"M")>=6,DATEDIF(TODAY(),Q38,"M")<=11),"AMARILLO"))),S38)) | S38: =IF(Q38=0," ",IF(Q38<=$N$5,"VENCIDO","NO VENCIDO"))
R39: =IF(Q39=0," ",IFERROR(IF(DATEDIF(TODAY(),Q39,"M")<=5,"ROJO",IF(DATEDIF(TODAY(),Q39,"M")>=12,"VERDE",IF(AND(DATEDIF(TODAY(),Q39,"M")>=6,DATEDIF(TODAY(),Q39,"M")<=11),"AMARILLO"))),S39)) | S39: =IF(Q39=0," ",IF(Q39<=$N$5,"VENCIDO","NO VENCIDO"))
R40: =IF(Q40=0," ",IFERROR(IF(DATEDIF(TODAY(),Q40,"M")<=5,"ROJO",IF(DATEDIF(TODAY(),Q40,"M")>=12,"VERDE",IF(AND(DATEDIF(TODAY(),Q40,"M")>=6,DATEDIF(TODAY(),Q40,"M")<=11),"AMARILLO"))),S40)) | S40: =IF(Q40=0," ",IF(Q40<=$N$5,"VENCIDO","NO VENCIDO"))
M41: =M36=N41 -> TRUE | N41: =SUM(N36:N40) -> 3 | O41: “Verdadero” indica que la cantidad por lote, coincide con el saldo que inicia al mes siguiente. "Falso" no coinicide. | T41: =SUM(T36:T40) -> 0
A42: =A36+1 -> 7 | B42: Vacuna de Difteria - Tos ferina (celula completa)- Tétanos - Hepatitis B - Haemophilus influenzae tipo B - Poliovirus inactivado (DTwP-HepB-Hib-IPV) - HEXAVALENTE DE CÉLULAS COMPLETAS - Liquida | D42: =+Abril!M42 -> 0 | J42: =+F42+G42 -> 0 | K42: =+AO42 -> 0 | L42: =+J42+K42 -> 0 | M42: =+(D42+E42)-(L42)+H42-I42 -> 0 | Y42: =+AT42 -> 0 | AD42: =+AB42+AC42 -> 0 | AO42: =SUM(AD42:AN46) -> 0
M47: =M42=N47 -> TRUE | N47: =SUM(N42:N46) -> 0 | O47: “Verdadero” indica que la cantidad por lote, coincide con el saldo que inicia al mes siguiente. "Falso" no coinicide. | T47: =SUM(T42:T46) -> 0
A48: =A42+1 -> 8 | B48: Vacuna de Difteria, Tétano y Tosferina (DPT)- Liquida | D48: =+Abril!M48 -> 200 | E48: 100 | F48: 71 | J48: =+F48+G48 -> 71 | K48: =+AO48 -> 54 | L48: =+J48+K48 -> 125 | M48: =+(D48+E48)-(L48)+H48-I48 -> 175 | N48: 75 | O48: 221100624A | Q48: 46327 | R48: =IF(Q48=0," ",IFERROR(IF(DATEDIF(TODAY(),Q48,"M")<=5,"ROJO",IF(DATEDIF(TODAY(),Q48,"M")>=12,"VERDE",IF(AND(DATEDIF(TODAY(),Q48,"M")>=6,DATEDIF(TODAY(),Q48,"M")<=11),"AMARILLO"))),S48)) -> ROJO | S48: =IF(Q48=0," ",IF(Q48<=$N$5,"VENCIDO","NO VENCIDO")) -> NO VENCIDO | Y48: =+AT48 -> 0 | AC48: 54 | AD48: =+AB48+AC48 -> 54 | AO48: =SUM(AD48:AN52) -> 54
N49: 100 | O49: 2825Q005A | Q49: 46419 | R49: =IF(Q49=0," ",IFERROR(IF(DATEDIF(TODAY(),Q49,"M")<=5,"ROJO",IF(DATEDIF(TODAY(),Q49,"M")>=12,"VERDE",IF(AND(DATEDIF(TODAY(),Q49,"M")>=6,DATEDIF(TODAY(),Q49,"M")<=11),"AMARILLO"))),S49)) -> ROJO | S49: =IF(Q49=0," ",IF(Q49<=$N$5,"VENCIDO","NO VENCIDO")) -> NO VENCIDO
R50: =IF(Q50=0," ",IFERROR(IF(DATEDIF(TODAY(),Q50,"M")<=5,"ROJO",IF(DATEDIF(TODAY(),Q50,"M")>=12,"VERDE",IF(AND(DATEDIF(TODAY(),Q50,"M")>=6,DATEDIF(TODAY(),Q50,"M")<=11),"AMARILLO"))),S50)) | S50: =IF(Q50=0," ",IF(Q50<=$N$5,"VENCIDO","NO VENCIDO"))
R51: =IF(Q51=0," ",IFERROR(IF(DATEDIF(TODAY(),Q51,"M")<=5,"ROJO",IF(DATEDIF(TODAY(),Q51,"M")>=12,"VERDE",IF(AND(DATEDIF(TODAY(),Q51,"M")>=6,DATEDIF(TODAY(),Q51,"M")<=11),"AMARILLO"))),S51)) | S51: =IF(Q51=0," ",IF(Q51<=$N$5,"VENCIDO","NO VENCIDO"))
R52: =IF(Q52=0," ",IFERROR(IF(DATEDIF(TODAY(),Q52,"M")<=5,"ROJO",IF(DATEDIF(TODAY(),Q52,"M")>=12,"VERDE",IF(AND(DATEDIF(TODAY(),Q52,"M")>=6,DATEDIF(TODAY(),Q52,"M")<=11),"AMARILLO"))),S52)) | S52: =IF(Q52=0," ",IF(Q52<=$N$5,"VENCIDO","NO VENCIDO"))
M53: =M48=N53 -> TRUE | N53: =SUM(N48:N52) -> 175 | O53: “Verdadero” indica que la cantidad por lote, coincide con el saldo que inicia al mes siguiente. "Falso" no coinicide. | T53: =SUM(T48:T52) -> 0
A54: =A48+1 -> 9 | B54: Vacuna de Difteria-Tétanos-Tos ferina acelular Pertussis (DTaP) Pediátrica - Liquida | D54: =+Abril!M54 -> 2 | J54: =+F54+G54 -> 0 | K54: =+AO54 -> 0 | L54: =+J54+K54 -> 0 | M54: =+(D54+E54)-(L54)+H54-I54 -> 2 | N54: 2 | O54: 4CA03C1 | Q54: 46296 | R54: =IF(Q54=0," ",IFERROR(IF(DATEDIF(TODAY(),Q54,"M")<=5,"ROJO",IF(DATEDIF(TODAY(),Q54,"M")>=12,"VERDE",IF(AND(DATEDIF(TODAY(),Q54,"M")>=6,DATEDIF(TODAY(),Q54,"M")<=11),"AMARILLO"))),S54)) -> NO VENCIDO | S54: =IF(Q54=0," ",IF(Q54<=$N$5,"VENCIDO","NO VENCIDO")) -> NO VENCIDO | Y54: =+AT54 -> 0 | AD54: =+AB54+AC54 -> 0 | AO54: =SUM(AD54:AN58) -> 0
R55: =IF(Q55=0," ",IFERROR(IF(DATEDIF(TODAY(),Q55,"M")<=5,"ROJO",IF(DATEDIF(TODAY(),Q55,"M")>=12,"VERDE",IF(AND(DATEDIF(TODAY(),Q55,"M")>=6,DATEDIF(TODAY(),Q55,"M")<=11),"AMARILLO"))),S55)) | S55: =IF(Q55=0," ",IF(Q55<=$N$5,"VENCIDO","NO VENCIDO"))
R56: =IF(Q56=0," ",IFERROR(IF(DATEDIF(TODAY(),Q56,"M")<=5,"ROJO",IF(DATEDIF(TODAY(),Q56,"M")>=12,"VERDE",IF(AND(DATEDIF(TODAY(),Q56,"M")>=6,DATEDIF(TODAY(),Q56,"M")<=11),"AMARILLO"))),S56)) | S56: =IF(Q56=0," ",IF(Q56<=$N$5,"VENCIDO","NO VENCIDO"))
R57: =IF(Q57=0," ",IFERROR(IF(DATEDIF(TODAY(),Q57,"M")<=5,"ROJO",IF(DATEDIF(TODAY(),Q57,"M")>=12,"VERDE",IF(AND(DATEDIF(TODAY(),Q57,"M")>=6,DATEDIF(TODAY(),Q57,"M")<=11),"AMARILLO"))),S57)) | S57: =IF(Q57=0," ",IF(Q57<=$N$5,"VENCIDO","NO VENCIDO"))
R58: =IF(Q58=0," ",IFERROR(IF(DATEDIF(TODAY(),Q58,"M")<=5,"ROJO",IF(DATEDIF(TODAY(),Q58,"M")>=12,"VERDE",IF(AND(DATEDIF(TODAY(),Q58,"M")>=6,DATEDIF(TODAY(),Q58,"M")<=11),"AMARILLO"))),S58)) | S58: =IF(Q58=0," ",IF(Q58<=$N$5,"VENCIDO","NO VENCIDO"))
M59: =M54=N59 -> TRUE | N59: =SUM(N54:N58) -> 2 | O59: “Verdadero” indica que la cantidad por lote, coincide con el saldo que inicia al mes siguiente. "Falso" no coinicide. | T59: =SUM(T54:T58) -> 0
A60: =A54+1 -> 10 | B60: Vacuna de Rotavirus Liquida (administración oral) | D60: =+Abril!M60 -> 242 | E60: 50 | F60: 97 | J60: =+F60+G60 -> 97 | K60: =+AO60 -> 0 | L60: =+J60+K60 -> 97 | M60: =+(D60+E60)-(L60)+H60-I60 -> 195 | N60: 145 | O60: AROLE203AC | Q60: 46447 | R60: =IF(Q60=0," ",IFERROR(IF(DATEDIF(TODAY(),Q60,"M")<=5,"ROJO",IF(DATEDIF(TODAY(),Q60,"M")>=12,"VERDE",IF(AND(DATEDIF(TODAY(),Q60,"M")>=6,DATEDIF(TODAY(),Q60,"M")<=11),"AMARILLO"))),S60)) -> ROJO | S60: =IF(Q60=0," ",IF(Q60<=$N$5,"VENCIDO","NO VENCIDO")) -> NO VENCIDO | Y60: =+AT60 -> 0 | AD60: =+AB60+AC60 -> 0 | AO60: =SUM(AD60:AN64) -> 0
N61: 50 | O61: AROLE419AA | Q61: 46631 | R61: =IF(Q61=0," ",IFERROR(IF(DATEDIF(TODAY(),Q61,"M")<=5,"ROJO",IF(DATEDIF(TODAY(),Q61,"M")>=12,"VERDE",IF(AND(DATEDIF(TODAY(),Q61,"M")>=6,DATEDIF(TODAY(),Q61,"M")<=11),"AMARILLO"))),S61)) -> AMARILLO | S61: =IF(Q61=0," ",IF(Q61<=$N$5,"VENCIDO","NO VENCIDO")) -> NO VENCIDO
R62: =IF(Q62=0," ",IFERROR(IF(DATEDIF(TODAY(),Q62,"M")<=5,"ROJO",IF(DATEDIF(TODAY(),Q62,"M")>=12,"VERDE",IF(AND(DATEDIF(TODAY(),Q62,"M")>=6,DATEDIF(TODAY(),Q62,"M")<=11),"AMARILLO"))),S62)) | S62: =IF(Q62=0," ",IF(Q62<=$N$5,"VENCIDO","NO VENCIDO"))
R63: =IF(Q63=0," ",IFERROR(IF(DATEDIF(TODAY(),Q63,"M")<=5,"ROJO",IF(DATEDIF(TODAY(),Q63,"M")>=12,"VERDE",IF(AND(DATEDIF(TODAY(),Q63,"M")>=6,DATEDIF(TODAY(),Q63,"M")<=11),"AMARILLO"))),S63)) | S63: =IF(Q63=0," ",IF(Q63<=$N$5,"VENCIDO","NO VENCIDO"))
R64: =IF(Q64=0," ",IFERROR(IF(DATEDIF(TODAY(),Q64,"M")<=5,"ROJO",IF(DATEDIF(TODAY(),Q64,"M")>=12,"VERDE",IF(AND(DATEDIF(TODAY(),Q64,"M")>=6,DATEDIF(TODAY(),Q64,"M")<=11),"AMARILLO"))),S64)) | S64: =IF(Q64=0," ",IF(Q64<=$N$5,"VENCIDO","NO VENCIDO"))
M65: =M60=N65 -> TRUE | N65: =SUM(N60:N64) -> 195 | O65: “Verdadero” indica que la cantidad por lote, coincide con el saldo que inicia al mes siguiente. "Falso" no coinicide. | T65: =SUM(T60:T64) -> 0
A66: =A60+1 -> 11 | B66: Vacuna Antineumocócica Conjugada (13-valente) PCV13 - Liquida | D66: =+Abril!M66 -> 250 | F66: 150 | J66: =+F66+G66 -> 150 | K66: =+AO66 -> 0 | L66: =+J66+K66 -> 150 | M66: =+(D66+E66)-(L66)+H66-I66 -> 100 | N66: 100 | O66: LR6371 | Q66: 46631 | R66: =IF(Q66=0," ",IFERROR(IF(DATEDIF(TODAY(),Q66,"M")<=5,"ROJO",IF(DATEDIF(TODAY(),Q66,"M")>=12,"VERDE",IF(AND(DATEDIF(TODAY(),Q66,"M")>=6,DATEDIF(TODAY(),Q66,"M")<=11),"AMARILLO"))),S66)) -> AMARILLO | S66: =IF(Q66=0," ",IF(Q66<=$N$5,"VENCIDO","NO VENCIDO")) -> NO VENCIDO | Y66: =+AT66 -> 0 | AD66: =+AB66+AC66 -> 0 | AO66: =SUM(AD66:AN70) -> 0
R67: =IF(Q67=0," ",IFERROR(IF(DATEDIF(TODAY(),Q67,"M")<=5,"ROJO",IF(DATEDIF(TODAY(),Q67,"M")>=12,"VERDE",IF(AND(DATEDIF(TODAY(),Q67,"M")>=6,DATEDIF(TODAY(),Q67,"M")<=11),"AMARILLO"))),S67)) | S67: =IF(Q67=0," ",IF(Q67<=$N$5,"VENCIDO","NO VENCIDO"))
R68: =IF(Q68=0," ",IFERROR(IF(DATEDIF(TODAY(),Q68,"M")<=5,"ROJO",IF(DATEDIF(TODAY(),Q68,"M")>=12,"VERDE",IF(AND(DATEDIF(TODAY(),Q68,"M")>=6,DATEDIF(TODAY(),Q68,"M")<=11),"AMARILLO"))),S68)) | S68: =IF(Q68=0," ",IF(Q68<=$N$5,"VENCIDO","NO VENCIDO"))
R69: =IF(Q69=0," ",IFERROR(IF(DATEDIF(TODAY(),Q69,"M")<=5,"ROJO",IF(DATEDIF(TODAY(),Q69,"M")>=12,"VERDE",IF(AND(DATEDIF(TODAY(),Q69,"M")>=6,DATEDIF(TODAY(),Q69,"M")<=11),"AMARILLO"))),S69)) | S69: =IF(Q69=0," ",IF(Q69<=$N$5,"VENCIDO","NO VENCIDO"))
R70: =IF(Q70=0," ",IFERROR(IF(DATEDIF(TODAY(),Q70,"M")<=5,"ROJO",IF(DATEDIF(TODAY(),Q70,"M")>=12,"VERDE",IF(AND(DATEDIF(TODAY(),Q70,"M")>=6,DATEDIF(TODAY(),Q70,"M")<=11),"AMARILLO"))),S70)) | S70: =IF(Q70=0," ",IF(Q70<=$N$5,"VENCIDO","NO VENCIDO"))
M71: =M66=N71 -> TRUE | N71: =SUM(N66:N70) -> 100 | O71: “Verdadero” indica que la cantidad por lote, coincide con el saldo que inicia al mes siguiente. "Falso" no coinicide. | T71: =SUM(T66:T70) -> 0
A72: =A66+1 -> 12 | B72: Vacuna Antineumocócica Conjugada (20-valente) PCV20 - Liquida | D72: =+Abril!M72 -> 0 | J72: =+F72+G72 -> 0 | K72: =+AO72 -> 0 | L72: =+J72+K72 -> 0 | M72: =+(D72+E72)-(L72)+H72-I72 -> 0 | R72: =IF(Q72=0," ",IFERROR(IF(DATEDIF(TODAY(),Q72,"M")<=5,"ROJO",IF(DATEDIF(TODAY(),Q72,"M")>=12,"VERDE",IF(AND(DATEDIF(TODAY(),Q72,"M")>=6,DATEDIF(TODAY(),Q72,"M")<=11),"AMARILLO"))),S72)) | S72: =IF(Q72=0," ",IF(Q72<=$N$5,"VENCIDO","NO VENCIDO")) | Y72: =+AT72 -> 0 | AD72: =+AB72+AC72 -> 0 | AO72: =SUM(AD72:AN76) -> 0
R73: =IF(Q73=0," ",IFERROR(IF(DATEDIF(TODAY(),Q73,"M")<=5,"ROJO",IF(DATEDIF(TODAY(),Q73,"M")>=12,"VERDE",IF(AND(DATEDIF(TODAY(),Q73,"M")>=6,DATEDIF(TODAY(),Q73,"M")<=11),"AMARILLO"))),S73)) | S73: =IF(Q73=0," ",IF(Q73<=$N$5,"VENCIDO","NO VENCIDO"))
R74: =IF(Q74=0," ",IFERROR(IF(DATEDIF(TODAY(),Q74,"M")<=5,"ROJO",IF(DATEDIF(TODAY(),Q74,"M")>=12,"VERDE",IF(AND(DATEDIF(TODAY(),Q74,"M")>=6,DATEDIF(TODAY(),Q74,"M")<=11),"AMARILLO"))),S74)) | S74: =IF(Q74=0," ",IF(Q74<=$N$5,"VENCIDO","NO VENCIDO"))
R75: =IF(Q75=0," ",IFERROR(IF(DATEDIF(TODAY(),Q75,"M")<=5,"ROJO",IF(DATEDIF(TODAY(),Q75,"M")>=12,"VERDE",IF(AND(DATEDIF(TODAY(),Q75,"M")>=6,DATEDIF(TODAY(),Q75,"M")<=11),"AMARILLO"))),S75)) | S75: =IF(Q75=0," ",IF(Q75<=$N$5,"VENCIDO","NO VENCIDO"))
R76: =IF(Q76=0," ",IFERROR(IF(DATEDIF(TODAY(),Q76,"M")<=5,"ROJO",IF(DATEDIF(TODAY(),Q76,"M")>=12,"VERDE",IF(AND(DATEDIF(TODAY(),Q76,"M")>=6,DATEDIF(TODAY(),Q76,"M")<=11),"AMARILLO"))),S76)) | S76: =IF(Q76=0," ",IF(Q76<=$N$5,"VENCIDO","NO VENCIDO"))
M77: =M72=N77 -> TRUE | N77: =SUM(N72:N76) -> 0 | O77: “Verdadero” indica que la cantidad por lote, coincide con el saldo que inicia al mes siguiente. "Falso" no coinicide. | T77: =SUM(T72:T76) -> 0
A78: =A72+1 -> 13 | B78: Vacuna de Sarampión, Rubeola y Paperas (SRP) (Cepa Leningrado-Zagreb) Liofilizado - Vial x 01 dosis - TRIPLE VIRAL | D78: =+Abril!M78 -> 324 | E78: 150 | F78: 113 | J78: =+F78+G78 -> 113 | K78: =+AO78 -> 0 | L78: =+J78+K78 -> 113 | M78: =+(D78+E78)-(L78)+H78-I78 -> 361 | N78: 361 | O78: 0134NO96A | Q78: 46631 | R78: =IF(Q78=0," ",IFERROR(IF(DATEDIF(TODAY(),Q78,"M")<=5,"ROJO",IF(DATEDIF(TODAY(),Q78,"M")>=12,"VERDE",IF(AND(DATEDIF(TODAY(),Q78,"M")>=6,DATEDIF(TODAY(),Q78,"M")<=11),"AMARILLO"))),S78)) -> AMARILLO | S78: =IF(Q78=0," ",IF(Q78<=$N$5,"VENCIDO","NO VENCIDO")) -> NO VENCIDO | Y78: =+AT78 -> 0 | AD78: =+AB78+AC78 -> 0 | AO78: =SUM(AD78:AN82) -> 0
R79: =IF(Q79=0," ",IFERROR(IF(DATEDIF(TODAY(),Q79,"M")<=5,"ROJO",IF(DATEDIF(TODAY(),Q79,"M")>=12,"VERDE",IF(AND(DATEDIF(TODAY(),Q79,"M")>=6,DATEDIF(TODAY(),Q79,"M")<=11),"AMARILLO"))),S79)) | S79: =IF(Q79=0," ",IF(Q79<=$N$5,"VENCIDO","NO VENCIDO"))
R80: =IF(Q80=0," ",IFERROR(IF(DATEDIF(TODAY(),Q80,"M")<=5,"ROJO",IF(DATEDIF(TODAY(),Q80,"M")>=12,"VERDE",IF(AND(DATEDIF(TODAY(),Q80,"M")>=6,DATEDIF(TODAY(),Q80,"M")<=11),"AMARILLO"))),S80)) | S80: =IF(Q80=0," ",IF(Q80<=$N$5,"VENCIDO","NO VENCIDO"))
R81: =IF(Q81=0," ",IFERROR(IF(DATEDIF(TODAY(),Q81,"M")<=5,"ROJO",IF(DATEDIF(TODAY(),Q81,"M")>=12,"VERDE",IF(AND(DATEDIF(TODAY(),Q81,"M")>=6,DATEDIF(TODAY(),Q81,"M")<=11),"AMARILLO"))),S81)) | S81: =IF(Q81=0," ",IF(Q81<=$N$5,"VENCIDO","NO VENCIDO"))
R82: =IF(Q82=0," ",IFERROR(IF(DATEDIF(TODAY(),Q82,"M")<=5,"ROJO",IF(DATEDIF(TODAY(),Q82,"M")>=12,"VERDE",IF(AND(DATEDIF(TODAY(),Q82,"M")>=6,DATEDIF(TODAY(),Q82,"M")<=11),"AMARILLO"))),S82)) | S82: =IF(Q82=0," ",IF(Q82<=$N$5,"VENCIDO","NO VENCIDO"))
M83: =M78=N83 -> TRUE | N83: =SUM(N78:N82) -> 361 | O83: “Verdadero” indica que la cantidad por lote, coincide con el saldo que inicia al mes siguiente. "Falso" no coinicide. | T83: =SUM(T78:T82) -> 0
A84: =A78+1 -> 14 | B84: Vacuna de Sarampión, Rubeola y Paperas (SRP) (Cepa Leningrado-Zagreb) Liofilizado - Vial x 05 dosis - TRIPLE VIRAL | D84: =+Abril!M84 -> 0 | J84: =+F84+G84 -> 0 | K84: =+AO84 -> 0 | L84: =+J84+K84 -> 0 | M84: =+(D84+E84)-(L84)+H84-I84 -> 0 | R84: =IF(Q84=0," ",IFERROR(IF(DATEDIF(TODAY(),Q84,"M")<=5,"ROJO",IF(DATEDIF(TODAY(),Q84,"M")>=12,"VERDE",IF(AND(DATEDIF(TODAY(),Q84,"M")>=6,DATEDIF(TODAY(),Q84,"M")<=11),"AMARILLO"))),S84)) | S84: =IF(Q84=0," ",IF(Q84<=$N$5,"VENCIDO","NO VENCIDO")) | Y84: =+AT84 -> 0 | AD84: =+AB84+AC84 -> 0 | AO84: =SUM(AD84:AN88) -> 0
R85: =IF(Q85=0," ",IFERROR(IF(DATEDIF(TODAY(),Q85,"M")<=5,"ROJO",IF(DATEDIF(TODAY(),Q85,"M")>=12,"VERDE",IF(AND(DATEDIF(TODAY(),Q85,"M")>=6,DATEDIF(TODAY(),Q85,"M")<=11),"AMARILLO"))),S85)) | S85: =IF(Q85=0," ",IF(Q85<=$N$5,"VENCIDO","NO VENCIDO"))
R86: =IF(Q86=0," ",IFERROR(IF(DATEDIF(TODAY(),Q86,"M")<=5,"ROJO",IF(DATEDIF(TODAY(),Q86,"M")>=12,"VERDE",IF(AND(DATEDIF(TODAY(),Q86,"M")>=6,DATEDIF(TODAY(),Q86,"M")<=11),"AMARILLO"))),S86)) | S86: =IF(Q86=0," ",IF(Q86<=$N$5,"VENCIDO","NO VENCIDO"))
R87: =IF(Q87=0," ",IFERROR(IF(DATEDIF(TODAY(),Q87,"M")<=5,"ROJO",IF(DATEDIF(TODAY(),Q87,"M")>=12,"VERDE",IF(AND(DATEDIF(TODAY(),Q87,"M")>=6,DATEDIF(TODAY(),Q87,"M")<=11),"AMARILLO"))),S87)) | S87: =IF(Q87=0," ",IF(Q87<=$N$5,"VENCIDO","NO VENCIDO"))
R88: =IF(Q88=0," ",IFERROR(IF(DATEDIF(TODAY(),Q88,"M")<=5,"ROJO",IF(DATEDIF(TODAY(),Q88,"M")>=12,"VERDE",IF(AND(DATEDIF(TODAY(),Q88,"M")>=6,DATEDIF(TODAY(),Q88,"M")<=11),"AMARILLO"))),S88)) | S88: =IF(Q88=0," ",IF(Q88<=$N$5,"VENCIDO","NO VENCIDO"))
M89: =M84=N89 -> TRUE | N89: =SUM(N84:N88) -> 0 | O89: “Verdadero” indica que la cantidad por lote, coincide con el saldo que inicia al mes siguiente. "Falso" no coinicide. | T89: =SUM(T84:T88) -> 0
A90: =A84+1 -> 15 | B90: Vacuna de Sarampión, Rubeola y Paperas (SRP) (Cepa Leningrado-Zagreb) Liofilizado - Vial x 10 dosis - TRIPLE VIRAL | D90: =+Abril!M90 -> 0 | J90: =+F90+G90 -> 0 | K90: =+AO90 -> 0 | L90: =+J90+K90 -> 0 | M90: =+(D90+E90)-(L90)+H90-I90 -> 0 | R90: =IF(Q90=0," ",IFERROR(IF(DATEDIF(TODAY(),Q90,"M")<=5,"ROJO",IF(DATEDIF(TODAY(),Q90,"M")>=12,"VERDE",IF(AND(DATEDIF(TODAY(),Q90,"M")>=6,DATEDIF(TODAY(),Q90,"M")<=11),"AMARILLO"))),S90)) | S90: =IF(Q90=0," ",IF(Q90<=$N$5,"VENCIDO","NO VENCIDO")) | Y90: =+AT90 -> 0 | AD90: =+AB90+AC90 -> 0 | AO90: =SUM(AD90:AN94) -> 0
R91: =IF(Q91=0," ",IFERROR(IF(DATEDIF(TODAY(),Q91,"M")<=5,"ROJO",IF(DATEDIF(TODAY(),Q91,"M")>=12,"VERDE",IF(AND(DATEDIF(TODAY(),Q91,"M")>=6,DATEDIF(TODAY(),Q91,"M")<=11),"AMARILLO"))),S91)) | S91: =IF(Q91=0," ",IF(Q91<=$N$5,"VENCIDO","NO VENCIDO"))
R92: =IF(Q92=0," ",IFERROR(IF(DATEDIF(TODAY(),Q92,"M")<=5,"ROJO",IF(DATEDIF(TODAY(),Q92,"M")>=12,"VERDE",IF(AND(DATEDIF(TODAY(),Q92,"M")>=6,DATEDIF(TODAY(),Q92,"M")<=11),"AMARILLO"))),S92)) | S92: =IF(Q92=0," ",IF(Q92<=$N$5,"VENCIDO","NO VENCIDO"))
R93: =IF(Q93=0," ",IFERROR(IF(DATEDIF(TODAY(),Q93,"M")<=5,"ROJO",IF(DATEDIF(TODAY(),Q93,"M")>=12,"VERDE",IF(AND(DATEDIF(TODAY(),Q93,"M")>=6,DATEDIF(TODAY(),Q93,"M")<=11),"AMARILLO"))),S93)) | S93: =IF(Q93=0," ",IF(Q93<=$N$5,"VENCIDO","NO VENCIDO"))
R94: =IF(Q94=0," ",IFERROR(IF(DATEDIF(TODAY(),Q94,"M")<=5,"ROJO",IF(DATEDIF(TODAY(),Q94,"M")>=12,"VERDE",IF(AND(DATEDIF(TODAY(),Q94,"M")>=6,DATEDIF(TODAY(),Q94,"M")<=11),"AMARILLO"))),S94)) | S94: =IF(Q94=0," ",IF(Q94<=$N$5,"VENCIDO","NO VENCIDO"))
M95: =M90=N95 -> TRUE | N95: =SUM(N90:N94) -> 0 | O95: “Verdadero” indica que la cantidad por lote, coincide con el saldo que inicia al mes siguiente. "Falso" no coinicide. | T95: =SUM(T90:T94) -> 0
A96: =A90+1 -> 16 | B96: Vacuna de Sarampión Rubeola (SR) Liofilizada - Vial x 01 dosis -DOBLE VIRAL | D96: =+Abril!M96 -> 37 | E96: 50 | F96: 13 | J96: =+F96+G96 -> 13 | K96: =+AO96 -> 0 | L96: =+J96+K96 -> 13 | M96: =+(D96+E96)-(L96)+H96-I96 -> 74 | N96: 24 | O96: 0095M002 | Q96: 46692 | R96: =IF(Q96=0," ",IFERROR(IF(DATEDIF(TODAY(),Q96,"M")<=5,"ROJO",IF(DATEDIF(TODAY(),Q96,"M")>=12,"VERDE",IF(AND(DATEDIF(TODAY(),Q96,"M")>=6,DATEDIF(TODAY(),Q96,"M")<=11),"AMARILLO"))),S96)) -> VERDE | S96: =IF(Q96=0," ",IF(Q96<=$N$5,"VENCIDO","NO VENCIDO")) -> NO VENCIDO | Y96: =+AT96 -> 0 | AD96: =+AB96+AC96 -> 0 | AO96: =SUM(AD96:AN100) -> 0
N97: 50 | O97: 0096M003 | Q97: 46935 | R97: =IF(Q97=0," ",IFERROR(IF(DATEDIF(TODAY(),Q97,"M")<=5,"ROJO",IF(DATEDIF(TODAY(),Q97,"M")>=12,"VERDE",IF(AND(DATEDIF(TODAY(),Q97,"M")>=6,DATEDIF(TODAY(),Q97,"M")<=11),"AMARILLO"))),S97)) -> VERDE | S97: =IF(Q97=0," ",IF(Q97<=$N$5,"VENCIDO","NO VENCIDO")) -> NO VENCIDO
R98: =IF(Q98=0," ",IFERROR(IF(DATEDIF(TODAY(),Q98,"M")<=5,"ROJO",IF(DATEDIF(TODAY(),Q98,"M")>=12,"VERDE",IF(AND(DATEDIF(TODAY(),Q98,"M")>=6,DATEDIF(TODAY(),Q98,"M")<=11),"AMARILLO"))),S98)) | S98: =IF(Q98=0," ",IF(Q98<=$N$5,"VENCIDO","NO VENCIDO"))
R99: =IF(Q99=0," ",IFERROR(IF(DATEDIF(TODAY(),Q99,"M")<=5,"ROJO",IF(DATEDIF(TODAY(),Q99,"M")>=12,"VERDE",IF(AND(DATEDIF(TODAY(),Q99,"M")>=6,DATEDIF(TODAY(),Q99,"M")<=11),"AMARILLO"))),S99)) | S99: =IF(Q99=0," ",IF(Q99<=$N$5,"VENCIDO","NO VENCIDO"))
R100: =IF(Q100=0," ",IFERROR(IF(DATEDIF(TODAY(),Q100,"M")<=5,"ROJO",IF(DATEDIF(TODAY(),Q100,"M")>=12,"VERDE",IF(AND(DATEDIF(TODAY(),Q100,"M")>=6,DATEDIF(TODAY(),Q100,"M")<=11),"AMARILLO"))),S100)) | S100: =IF(Q100=0," ",IF(Q100<=$N$5,"VENCIDO","NO VENCIDO"))
M101: =M96=N101 -> TRUE | N101: =SUM(N96:N100) -> 74 | O101: “Verdadero” indica que la cantidad por lote, coincide con el saldo que inicia al mes siguiente. "Falso" no coinicide. | T101: =SUM(T96:T100) -> 0
A102: =A96+1 -> 17 | B102: Vacuna de Sarampión Rubeola (SR) Liofilizada - Vial x 10 dosis - DOBLE VIRAL | D102: =+Abril!M102 -> 0 | J102: =+F102+G102 -> 0 | K102: =+AO102 -> 0 | L102: =+J102+K102 -> 0 | M102: =+(D102+E102)-(L102)+H102-I102 -> 0 | R102: =IF(Q102=0," ",IFERROR(IF(DATEDIF(TODAY(),Q102,"M")<=5,"ROJO",IF(DATEDIF(TODAY(),Q102,"M")>=12,"VERDE",IF(AND(DATEDIF(TODAY(),Q102,"M")>=6,DATEDIF(TODAY(),Q102,"M")<=11),"AMARILLO"))),S102)) | S102: =IF(Q102=0," ",IF(Q102<=$N$5,"VENCIDO","NO VENCIDO")) | Y102: =+AT102 -> 0 | AD102: =+AB102+AC102 -> 0 | AO102: =SUM(AD102:AN106) -> 0
R103: =IF(Q103=0," ",IFERROR(IF(DATEDIF(TODAY(),Q103,"M")<=5,"ROJO",IF(DATEDIF(TODAY(),Q103,"M")>=12,"VERDE",IF(AND(DATEDIF(TODAY(),Q103,"M")>=6,DATEDIF(TODAY(),Q103,"M")<=11),"AMARILLO"))),S103)) | S103: =IF(Q103=0," ",IF(Q103<=$N$5,"VENCIDO","NO VENCIDO"))
R104: =IF(Q104=0," ",IFERROR(IF(DATEDIF(TODAY(),Q104,"M")<=5,"ROJO",IF(DATEDIF(TODAY(),Q104,"M")>=12,"VERDE",IF(AND(DATEDIF(TODAY(),Q104,"M")>=6,DATEDIF(TODAY(),Q104,"M")<=11),"AMARILLO"))),S104)) | S104: =IF(Q104=0," ",IF(Q104<=$N$5,"VENCIDO","NO VENCIDO"))
...

Sheet Junio
A1: MUNICIPIOS / IPS VACUNADORAS
A2: ÍTEM | B2: INSUMOS | D2: SALDO MES ANTERIOR | E2: BIOLÓGICO RECIBIDO DEL CENTRO DE ACOPIO DEPARTAMENTAL / DISTRITAL | F2: DOSIS APLICADAS | H2: Entradas | I2: Salidas | J2: TOTAL DOSIS APLICADAS | K2: DOSIS PERDIDAS | L2: TOTAL DOSIS ÚTILIZADAS EN EL MES | M2: SALDO QUE INICIA EL MES SIGUIENTE (SOLO MUNICIPIOS) | N2: DOSIS POR LOTES | O2: No. LOTE | P2: LABORATORIO | Q2: FECHA DE VENCIMIENTO | R2: SEMAFORIZACION VIDA ÚTIL DEL BIOLÓGICO | S2: CONDICIÓN FINAL DEL BIOLÓGICO, DILUYENTE Y CARNET | T2: DOSIS EN CUARENTENA | U2: LABORATORIO | V2: No. LOTE | W2: FECHA DE VENCIMEINTO | X2: FECHA DE INICIO CUARENTENA | Y2: PORCENTAJE DE PERDIDA DEL MES | Z2: OBSERVACIONES | AB2: CAUSAS PERDIDA DE BIOLÓGICOS (Remítase a la primera hoja donde se especifica la clasificación de las perdidas) | AO2: TOTAL DOSIS PERDIDAS
F3: DOSIS APLICADAS COLOMBIANOS | G3: DOSIS APLICADAS EXTRANJEROS | H3: DOSIS INGRESADAS POR TRASLADOS DE MUNICIPIOS O IPS | I3: DOSIS TRASLADADAS A OTROS MUNICIPIOS O IPS | AB3: 1 | AE3: 2 | AF3: 3 | AG3: 4 | AH3: 5 | AI3: 6 | AJ3: 7 | AK3: 8 | AL3: 9 | AM3: 10 | AN3: 11
AB4: POLÍTICA DE FRASCOS ABIERTO | AE4: INTERRUPCIÓN DE CADENA DE FRÍO | AF4: CONTAMINACION DEL BIOLÓGICO/DISPOSITIVO MÉDICO | AG4: VIAL ROTO | AH4: ERRORES EN LA MANIPULACIÓN | AI4: VENCIMIENTO DEL BIOLÓGICO O JERINGA | AJ4: FARMACOVIGILANCIA / TECNOVIGILANCIA | AK4: VOMITO FRANCO | AL4: APLICACIÓN FUERA DE LA EDAD | AM4: POR DECISIÓN FINAL DEL PACIENTE DE NO VACUNACIÓN | AN4: SINIESTRO O ROBO
AB5: INSTITUCIONAL | AC5: EXTRAMURAL | AD5: TOTAL
A6: 1 | B6: Vacuna de BCG (Bacilo de Calmette y Guérin) Liofilizada | D6: =+Mayo!M6 -> 70 | E6: 400 | F6: 30 | J6: =+F6+G6 -> 30 | K6: =+AO6 -> 200 | L6: =+J6+K6 -> 230 | M6: =+(D6+E6)-(L6)+H6-I6 -> 240 | N6: 240 | O6: 0374MA072 | P6: SERUM | Q6: 46357 | R6: =IF(Q6=0," ",IFERROR(IF(DATEDIF(TODAY(),Q6,"M")<=5,"ROJO",IF(DATEDIF(TODAY(),Q6,"M")>=12,"VERDE",IF(AND(DATEDIF(TODAY(),Q6,"M")>=6,DATEDIF(TODAY(),Q6,"M")<=11),"AMARILLO"))),S6)) -> ROJO | S6: =IF(Q6=0," ",IF(Q6<=$N$5,"VENCIDO","NO VENCIDO")) -> NO VENCIDO | Y6: =+AT6 -> 0 | AB6: 82 | AC6: 118 | AD6: =+AB6+AC6 -> 200 | AO6: =SUM(AD6:AN10) -> 200
R7: =IF(Q7=0," ",IFERROR(IF(DATEDIF(TODAY(),Q7,"M")<=5,"ROJO",IF(DATEDIF(TODAY(),Q7,"M")>=12,"VERDE",IF(AND(DATEDIF(TODAY(),Q7,"M")>=6,DATEDIF(TODAY(),Q7,"M")<=11),"AMARILLO"))),S7)) | S7: =IF(Q7=0," ",IF(Q7<=$N$5,"VENCIDO","NO VENCIDO"))
R8: =IF(Q8=0," ",IFERROR(IF(DATEDIF(TODAY(),Q8,"M")<=5,"ROJO",IF(DATEDIF(TODAY(),Q8,"M")>=12,"VERDE",IF(AND(DATEDIF(TODAY(),Q8,"M")>=6,DATEDIF(TODAY(),Q8,"M")<=11),"AMARILLO"))),S8)) | S8: =IF(Q8=0," ",IF(Q8<=$N$5,"VENCIDO","NO VENCIDO"))
R9: =IF(Q9=0," ",IFERROR(IF(DATEDIF(TODAY(),Q9,"M")<=5,"ROJO",IF(DATEDIF(TODAY(),Q9,"M")>=12,"VERDE",IF(AND(DATEDIF(TODAY(),Q9,"M")>=6,DATEDIF(TODAY(),Q9,"M")<=11),"AMARILLO"))),S9)) | S9: =IF(Q9=0," ",IF(Q9<=$N$5,"VENCIDO","NO VENCIDO"))
R10: =IF(Q10=0," ",IFERROR(IF(DATEDIF(TODAY(),Q10,"M")<=5,"ROJO",IF(DATEDIF(TODAY(),Q10,"M")>=12,"VERDE",IF(AND(DATEDIF(TODAY(),Q10,"M")>=6,DATEDIF(TODAY(),Q10,"M")<=11),"AMARILLO"))),S10)) | S10: =IF(Q10=0," ",IF(Q10<=$N$5,"VENCIDO","NO VENCIDO"))
M11: =M6=N11 -> TRUE | N11: =SUM(N6:N10) -> 240 | O11: “Verdadero” indica que la cantidad por lote, coincide con el saldo que inicia al mes siguiente. "Falso" no coinicide. | T11: =SUM(T6:T10) -> 0
A12: =A6+1 -> 2 | B12: Vacuna de Hepatitis B Recombinante Pediátrica - Liquida | D12: =+Mayo!M12 -> 165 | E12: 50 | F12: 29 | J12: =+F12+G12 -> 29 | K12: =+AO12 -> 0 | L12: =+J12+K12 -> 29 | M12: =+(D12+E12)-(L12)+H12-I12 -> 186 | N12: 186 | O12: 0324LO13B | P12: SERUM | Q12: 46692 | R12: =IF(Q12=0," ",IFERROR(IF(DATEDIF(TODAY(),Q12,"M")<=5,"ROJO",IF(DATEDIF(TODAY(),Q12,"M")>=12,"VERDE",IF(AND(DATEDIF(TODAY(),Q12,"M")>=6,DATEDIF(TODAY(),Q12,"M")<=11),"AMARILLO"))),S12)) -> VERDE | S12: =IF(Q12=0," ",IF(Q12<=$N$5,"VENCIDO","NO VENCIDO")) -> NO VENCIDO | Y12: =+AT12 -> 0 | AD12: =+AB12+AC12 -> 0 | AO12: =SUM(AD12:AN16) -> 0
R13: =IF(Q13=0," ",IFERROR(IF(DATEDIF(TODAY(),Q13,"M")<=5,"ROJO",IF(DATEDIF(TODAY(),Q13,"M")>=12,"VERDE",IF(AND(DATEDIF(TODAY(),Q13,"M")>=6,DATEDIF(TODAY(),Q13,"M")<=11),"AMARILLO"))),S13)) | S13: =IF(Q13=0," ",IF(Q13<=$N$5,"VENCIDO","NO VENCIDO"))
R14: =IF(Q14=0," ",IFERROR(IF(DATEDIF(TODAY(),Q14,"M")<=5,"ROJO",IF(DATEDIF(TODAY(),Q14,"M")>=12,"VERDE",IF(AND(DATEDIF(TODAY(),Q14,"M")>=6,DATEDIF(TODAY(),Q14,"M")<=11),"AMARILLO"))),S14)) | S14: =IF(Q14=0," ",IF(Q14<=$N$5,"VENCIDO","NO VENCIDO"))
R15: =IF(Q15=0," ",IFERROR(IF(DATEDIF(TODAY(),Q15,"M")<=5,"ROJO",IF(DATEDIF(TODAY(),Q15,"M")>=12,"VERDE",IF(AND(DATEDIF(TODAY(),Q15,"M")>=6,DATEDIF(TODAY(),Q15,"M")<=11),"AMARILLO"))),S15)) | S15: =IF(Q15=0," ",IF(Q15<=$N$5,"VENCIDO","NO VENCIDO"))
R16: =IF(Q16=0," ",IFERROR(IF(DATEDIF(TODAY(),Q16,"M")<=5,"ROJO",IF(DATEDIF(TODAY(),Q16,"M")>=12,"VERDE",IF(AND(DATEDIF(TODAY(),Q16,"M")>=6,DATEDIF(TODAY(),Q16,"M")<=11),"AMARILLO"))),S16)) | S16: =IF(Q16=0," ",IF(Q16<=$N$5,"VENCIDO","NO VENCIDO"))
M17: =M12=N17 -> TRUE | N17: =SUM(N12:N16) -> 186 | O17: “Verdadero” indica que la cantidad por lote, coincide con el saldo que inicia al mes siguiente. "Falso" no coinicide. | T17: =SUM(T12:T16) -> 0
A18: =A12+1 -> 3 | B18: Vacuna de Hepatitis B Recombinante Adultos - Liquida | D18: =+Mayo!M18 -> 5 | E18: 100 | F18: 9 | J18: =+F18+G18 -> 9 | K18: =+AO18 -> 0 | L18: =+J18+K18 -> 9 | M18: =+(D18+E18)-(L18)+H18-I18 -> 96 | N18: 96 | O18: 0344X002C | P18: SERUM | Q18: 46539 | R18: =IF(Q18=0," ",IFERROR(IF(DATEDIF(TODAY(),Q18,"M")<=5,"ROJO",IF(DATEDIF(TODAY(),Q18,"M")>=12,"VERDE",IF(AND(DATEDIF(TODAY(),Q18,"M")>=6,DATEDIF(TODAY(),Q18,"M")<=11),"AMARILLO"))),S18)) -> AMARILLO | S18: =IF(Q18=0," ",IF(Q18<=$N$5,"VENCIDO","NO VENCIDO")) -> NO VENCIDO | Y18: =+AT18 -> 0 | AD18: =+AB18+AC18 -> 0 | AO18: =SUM(AD18:AN22) -> 0
R19: =IF(Q19=0," ",IFERROR(IF(DATEDIF(TODAY(),Q19,"M")<=5,"ROJO",IF(DATEDIF(TODAY(),Q19,"M")>=12,"VERDE",IF(AND(DATEDIF(TODAY(),Q19,"M")>=6,DATEDIF(TODAY(),Q19,"M")<=11),"AMARILLO"))),S19)) | S19: =IF(Q19=0," ",IF(Q19<=$N$5,"VENCIDO","NO VENCIDO"))
R20: =IF(Q20=0," ",IFERROR(IF(DATEDIF(TODAY(),Q20,"M")<=5,"ROJO",IF(DATEDIF(TODAY(),Q20,"M")>=12,"VERDE",IF(AND(DATEDIF(TODAY(),Q20,"M")>=6,DATEDIF(TODAY(),Q20,"M")<=11),"AMARILLO"))),S20)) | S20: =IF(Q20=0," ",IF(Q20<=$N$5,"VENCIDO","NO VENCIDO"))
R21: =IF(Q21=0," ",IFERROR(IF(DATEDIF(TODAY(),Q21,"M")<=5,"ROJO",IF(DATEDIF(TODAY(),Q21,"M")>=12,"VERDE",IF(AND(DATEDIF(TODAY(),Q21,"M")>=6,DATEDIF(TODAY(),Q21,"M")<=11),"AMARILLO"))),S21)) | S21: =IF(Q21=0," ",IF(Q21<=$N$5,"VENCIDO","NO VENCIDO"))
R22: =IF(Q22=0," ",IFERROR(IF(DATEDIF(TODAY(),Q22,"M")<=5,"ROJO",IF(DATEDIF(TODAY(),Q22,"M")>=12,"VERDE",IF(AND(DATEDIF(TODAY(),Q22,"M")>=6,DATEDIF(TODAY(),Q22,"M")<=11),"AMARILLO"))),S22)) | S22: =IF(Q22=0," ",IF(Q22<=$N$5,"VENCIDO","NO VENCIDO"))
M23: =M18=N23 -> TRUE | N23: =SUM(N18:N22) -> 96 | O23: “Verdadero” indica que la cantidad por lote, coincide con el saldo que inicia al mes siguiente. "Falso" no coinicide. | T23: =SUM(T18:T22) -> 0
A24: =A18+1 -> 4 | B24: Vacuna de Poliovirus Inactiva IPV - Liquida | D24: =+Mayo!M24 -> 151 | E24: 300 | F24: 216 | J24: =+F24+G24 -> 216 | K24: =+AO24 -> 0 | L24: =+J24+K24 -> 216 | M24: =+(D24+E24)-(L24)+H24-I24 -> 235 | N24: 235 | O24: 2522006A | P24: BILTHOVEN | Q24: 46784 | R24: =IF(Q24=0," ",IFERROR(IF(DATEDIF(TODAY(),Q24,"M")<=5,"ROJO",IF(DATEDIF(TODAY(),Q24,"M")>=12,"VERDE",IF(AND(DATEDIF(TODAY(),Q24,"M")>=6,DATEDIF(TODAY(),Q24,"M")<=11),"AMARILLO"))),S24)) -> VERDE | S24: =IF(Q24=0," ",IF(Q24<=$N$5,"VENCIDO","NO VENCIDO")) -> NO VENCIDO | Y24: =+AT24 -> 0 | AD24: =+AB24+AC24 -> 0 | AO24: =SUM(AD24:AN28) -> 0
R25: =IF(Q25=0," ",IFERROR(IF(DATEDIF(TODAY(),Q25,"M")<=5,"ROJO",IF(DATEDIF(TODAY(),Q25,"M")>=12,"VERDE",IF(AND(DATEDIF(TODAY(),Q25,"M")>=6,DATEDIF(TODAY(),Q25,"M")<=11),"AMARILLO"))),S25)) | S25: =IF(Q25=0," ",IF(Q25<=$N$5,"VENCIDO","NO VENCIDO"))
R26: =IF(Q26=0," ",IFERROR(IF(DATEDIF(TODAY(),Q26,"M")<=5,"ROJO",IF(DATEDIF(TODAY(),Q26,"M")>=12,"VERDE",IF(AND(DATEDIF(TODAY(),Q26,"M")>=6,DATEDIF(TODAY(),Q26,"M")<=11),"AMARILLO"))),S26)) | S26: =IF(Q26=0," ",IF(Q26<=$N$5,"VENCIDO","NO VENCIDO"))
R27: =IF(Q27=0," ",IFERROR(IF(DATEDIF(TODAY(),Q27,"M")<=5,"ROJO",IF(DATEDIF(TODAY(),Q27,"M")>=12,"VERDE",IF(AND(DATEDIF(TODAY(),Q27,"M")>=6,DATEDIF(TODAY(),Q27,"M")<=11),"AMARILLO"))),S27)) | S27: =IF(Q27=0," ",IF(Q27<=$N$5,"VENCIDO","NO VENCIDO"))
R28: =IF(Q28=0," ",IFERROR(IF(DATEDIF(TODAY(),Q28,"M")<=5,"ROJO",IF(DATEDIF(TODAY(),Q28,"M")>=12,"VERDE",IF(AND(DATEDIF(TODAY(),Q28,"M")>=6,DATEDIF(TODAY(),Q28,"M")<=11),"AMARILLO"))),S28)) | S28: =IF(Q28=0," ",IF(Q28<=$N$5,"VENCIDO","NO VENCIDO"))
M29: =M24=N29 -> TRUE | N29: =SUM(N24:N28) -> 235 | O29: “Verdadero” indica que la cantidad por lote, coincide con el saldo que inicia al mes siguiente. "Falso" no coinicide. | T29: =SUM(T24:T28) -> 0
A30: =A24+1 -> 5 | B30: Vacuna de Difteria - Tos ferina (Celula completa) - Tétanos - Hepatitis B - Haemophilus influenzae tipo B (DTwP-HepB-Hib) PENTAVALENTE PEDIÁTRICA - Liquida | D30: =+Mayo!M30 -> 380 | F30: 170 | J30: =+F30+G30 -> 170 | K30: =+AO30 -> 0 | L30: =+J30+K30 -> 170 | M30: =+(D30+E30)-(L30)+H30-I30 -> 210 | N30: 210 | O30: 2855X002C | P30: SERUM | Q30: 46539 | R30: =IF(Q30=0," ",IFERROR(IF(DATEDIF(TODAY(),Q30,"M")<=5,"ROJO",IF(DATEDIF(TODAY(),Q30,"M")>=12,"VERDE",IF(AND(DATEDIF(TODAY(),Q30,"M")>=6,DATEDIF(TODAY(),Q30,"M")<=11),"AMARILLO"))),S30)) -> AMARILLO | S30: =IF(Q30=0," ",IF(Q30<=$N$5,"VENCIDO","NO VENCIDO")) -> NO VENCIDO | Y30: =+AT30 -> 0 | AD30: =+AB30+AC30 -> 0 | AO30: =SUM(AD30:AN34) -> 0
R31: =IF(Q31=0," ",IFERROR(IF(DATEDIF(TODAY(),Q31,"M")<=5,"ROJO",IF(DATEDIF(TODAY(),Q31,"M")>=12,"VERDE",IF(AND(DATEDIF(TODAY(),Q31,"M")>=6,DATEDIF(TODAY(),Q31,"M")<=11),"AMARILLO"))),S31)) | S31: =IF(Q31=0," ",IF(Q31<=$N$5,"VENCIDO","NO VENCIDO"))
R32: =IF(Q32=0," ",IFERROR(IF(DATEDIF(TODAY(),Q32,"M")<=5,"ROJO",IF(DATEDIF(TODAY(),Q32,"M")>=12,"VERDE",IF(AND(DATEDIF(TODAY(),Q32,"M")>=6,DATEDIF(TODAY(),Q32,"M")<=11),"AMARILLO"))),S32)) | S32: =IF(Q32=0," ",IF(Q32<=$N$5,"VENCIDO","NO VENCIDO"))
R33: =IF(Q33=0," ",IFERROR(IF(DATEDIF(TODAY(),Q33,"M")<=5,"ROJO",IF(DATEDIF(TODAY(),Q33,"M")>=12,"VERDE",IF(AND(DATEDIF(TODAY(),Q33,"M")>=6,DATEDIF(TODAY(),Q33,"M")<=11),"AMARILLO"))),S33)) | S33: =IF(Q33=0," ",IF(Q33<=$N$5,"VENCIDO","NO VENCIDO"))
R34: =IF(Q34=0," ",IFERROR(IF(DATEDIF(TODAY(),Q34,"M")<=5,"ROJO",IF(DATEDIF(TODAY(),Q34,"M")>=12,"VERDE",IF(AND(DATEDIF(TODAY(),Q34,"M")>=6,DATEDIF(TODAY(),Q34,"M")<=11),"AMARILLO"))),S34)) | S34: =IF(Q34=0," ",IF(Q34<=$N$5,"VENCIDO","NO VENCIDO"))
M35: =M30=N35 -> TRUE | N35: =SUM(N30:N34) -> 210 | O35: “Verdadero” indica que la cantidad por lote, coincide con el saldo que inicia al mes siguiente. "Falso" no coinicide. | T35: =SUM(T30:T34) -> 0
A36: =A30+1 -> 6 | B36: Vacuna de Difteria - Tétanos - Tos ferina acelular - Poliovirus inactivado - Hepatitis B - Haemophilus influenzae tipo B (DTaP-IPV-HepB-Hib (HEXAVALENTE ACELULAR) - Liquida | D36: =+Mayo!M36 -> 3 | J36: =+F36+G36 -> 0 | K36: =+AO36 -> 0 | L36: =+J36+K36 -> 0 | M36: =+(D36+E36)-(L36)+H36-I36 -> 3 | N36: 3 | O36: Y3CY9 | P36: SANOFI | Q36: 46784 | R36: =IF(Q36=0," ",IFERROR(IF(DATEDIF(TODAY(),Q36,"M")<=5,"ROJO",IF(DATEDIF(TODAY(),Q36,"M")>=12,"VERDE",IF(AND(DATEDIF(TODAY(),Q36,"M")>=6,DATEDIF(TODAY(),Q36,"M")<=11),"AMARILLO"))),S36)) -> VERDE | S36: =IF(Q36=0," ",IF(Q36<=$N$5,"VENCIDO","NO VENCIDO")) -> NO VENCIDO | Y36: =+AT36 -> 0 | AD36: =+AB36+AC36 -> 0 | AO36: =SUM(AD36:AN40) -> 0
R37: =IF(Q37=0," ",IFERROR(IF(DATEDIF(TODAY(),Q37,"M")<=5,"ROJO",IF(DATEDIF(TODAY(),Q37,"M")>=12,"VERDE",IF(AND(DATEDIF(TODAY(),Q37,"M")>=6,DATEDIF(TODAY(),Q37,"M")<=11),"AMARILLO"))),S37)) | S37: =IF(Q37=0," ",IF(Q37<=$N$5,"VENCIDO","NO VENCIDO"))
R38: =IF(Q38=0," ",IFERROR(IF(DATEDIF(TODAY(),Q38,"M")<=5,"ROJO",IF(DATEDIF(TODAY(),Q38,"M")>=12,"VERDE",IF(AND(DATEDIF(TODAY(),Q38,"M")>=6,DATEDIF(TODAY(),Q38,"M")<=11),"AMARILLO"))),S38)) | S38: =IF(Q38=0," ",IF(Q38<=$N$5,"VENCIDO","NO VENCIDO"))
R39: =IF(Q39=0," ",IFERROR(IF(DATEDIF(TODAY(),Q39,"M")<=5,"ROJO",IF(DATEDIF(TODAY(),Q39,"M")>=12,"VERDE",IF(AND(DATEDIF(TODAY(),Q39,"M")>=6,DATEDIF(TODAY(),Q39,"M")<=11),"AMARILLO"))),S39)) | S39: =IF(Q39=0," ",IF(Q39<=$N$5,"VENCIDO","NO VENCIDO"))
R40: =IF(Q40=0," ",IFERROR(IF(DATEDIF(TODAY(),Q40,"M")<=5,"ROJO",IF(DATEDIF(TODAY(),Q40,"M")>=12,"VERDE",IF(AND(DATEDIF(TODAY(),Q40,"M")>=6,DATEDIF(TODAY(),Q40,"M")<=11),"AMARILLO"))),S40)) | S40: =IF(Q40=0," ",IF(Q40<=$N$5,"VENCIDO","NO VENCIDO"))
M41: =M36=N41 -> TRUE | N41: =SUM(N36:N40) -> 3 | O41: “Verdadero” indica que la cantidad por lote, coincide con el saldo que inicia al mes siguiente. "Falso" no coinicide. | T41: =SUM(T36:T40) -> 0
A42: =A36+1 -> 7 | B42: Vacuna de Difteria - Tos ferina (celula completa)- Tétanos - Hepatitis B - Haemophilus influenzae tipo B - Poliovirus inactivado (DTwP-HepB-Hib-IPV) - HEXAVALENTE DE CÉLULAS COMPLETAS - Liquida | D42: =+Mayo!M42 -> 0 | J42: =+F42+G42 -> 0 | K42: =+AO42 -> 0 | L42: =+J42+K42 -> 0 | M42: =+(D42+E42)-(L42)+H42-I42 -> 0 | Y42: =+AT42 -> 0 | AD42: =+AB42+AC42 -> 0 | AO42: =SUM(AD42:AN46) -> 0
M47: =M42=N47 -> TRUE | N47: =SUM(N42:N46) -> 0 | O47: “Verdadero” indica que la cantidad por lote, coincide con el saldo que inicia al mes siguiente. "Falso" no coinicide. | T47: =SUM(T42:T46) -> 0
A48: =A42+1 -> 8 | B48: Vacuna de Difteria, Tétano y Tosferina (DPT)- Liquida | D48: =+Mayo!M48 -> 175 | E48: 200 | F48: 46 | J48: =+F48+G48 -> 46 | K48: =+AO48 -> 33 | L48: =+J48+K48 -> 79 | M48: =+(D48+E48)-(L48)+H48-I48 -> 296 | N48: 296 | O48: 2825Q005A | P48: SERUM | Q48: 46419 | R48: =IF(Q48=0," ",IFERROR(IF(DATEDIF(TODAY(),Q48,"M")<=5,"ROJO",IF(DATEDIF(TODAY(),Q48,"M")>=12,"VERDE",IF(AND(DATEDIF(TODAY(),Q48,"M")>=6,DATEDIF(TODAY(),Q48,"M")<=11),"AMARILLO"))),S48)) -> ROJO | S48: =IF(Q48=0," ",IF(Q48<=$N$5,"VENCIDO","NO VENCIDO")) -> NO VENCIDO | Y48: =+AT48 -> 0 | AC48: 33 | AD48: =+AB48+AC48 -> 33 | AO48: =SUM(AD48:AN52) -> 33
R49: =IF(Q49=0," ",IFERROR(IF(DATEDIF(TODAY(),Q49,"M")<=5,"ROJO",IF(DATEDIF(TODAY(),Q49,"M")>=12,"VERDE",IF(AND(DATEDIF(TODAY(),Q49,"M")>=6,DATEDIF(TODAY(),Q49,"M")<=11),"AMARILLO"))),S49)) | S49: =IF(Q49=0," ",IF(Q49<=$N$5,"VENCIDO","NO VENCIDO"))
R50: =IF(Q50=0," ",IFERROR(IF(DATEDIF(TODAY(),Q50,"M")<=5,"ROJO",IF(DATEDIF(TODAY(),Q50,"M")>=12,"VERDE",IF(AND(DATEDIF(TODAY(),Q50,"M")>=6,DATEDIF(TODAY(),Q50,"M")<=11),"AMARILLO"))),S50)) | S50: =IF(Q50=0," ",IF(Q50<=$N$5,"VENCIDO","NO VENCIDO"))
R51: =IF(Q51=0," ",IFERROR(IF(DATEDIF(TODAY(),Q51,"M")<=5,"ROJO",IF(DATEDIF(TODAY(),Q51,"M")>=12,"VERDE",IF(AND(DATEDIF(TODAY(),Q51,"M")>=6,DATEDIF(TODAY(),Q51,"M")<=11),"AMARILLO"))),S51)) | S51: =IF(Q51=0," ",IF(Q51<=$N$5,"VENCIDO","NO VENCIDO"))
R52: =IF(Q52=0," ",IFERROR(IF(DATEDIF(TODAY(),Q52,"M")<=5,"ROJO",IF(DATEDIF(TODAY(),Q52,"M")>=12,"VERDE",IF(AND(DATEDIF(TODAY(),Q52,"M")>=6,DATEDIF(TODAY(),Q52,"M")<=11),"AMARILLO"))),S52)) | S52: =IF(Q52=0," ",IF(Q52<=$N$5,"VENCIDO","NO VENCIDO"))
M53: =M48=N53 -> TRUE | N53: =SUM(N48:N52) -> 296 | O53: “Verdadero” indica que la cantidad por lote, coincide con el saldo que inicia al mes siguiente. "Falso" no coinicide. | T53: =SUM(T48:T52) -> 0
A54: =A48+1 -> 9 | B54: Vacuna de Difteria-Tétanos-Tos ferina acelular Pertussis (DTaP) Pediátrica - Liquida | D54: =+Mayo!M54 -> 2 | J54: =+F54+G54 -> 0 | K54: =+AO54 -> 0 | L54: =+J54+K54 -> 0 | M54: =+(D54+E54)-(L54)+H54-I54 -> 2 | N54: 2 | O54: 4CA03C1 | P54: SANOFI | Q54: 46296 | R54: =IF(Q54=0," ",IFERROR(IF(DATEDIF(TODAY(),Q54,"M")<=5,"ROJO",IF(DATEDIF(TODAY(),Q54,"M")>=12,"VERDE",IF(AND(DATEDIF(TODAY(),Q54,"M")>=6,DATEDIF(TODAY(),Q54,"M")<=11),"AMARILLO"))),S54)) -> NO VENCIDO | S54: =IF(Q54=0," ",IF(Q54<=$N$5,"VENCIDO","NO VENCIDO")) -> NO VENCIDO | Y54: =+AT54 -> 0 | AD54: =+AB54+AC54 -> 0 | AO54: =SUM(AD54:AN58) -> 0
R55: =IF(Q55=0," ",IFERROR(IF(DATEDIF(TODAY(),Q55,"M")<=5,"ROJO",IF(DATEDIF(TODAY(),Q55,"M")>=12,"VERDE",IF(AND(DATEDIF(TODAY(),Q55,"M")>=6,DATEDIF(TODAY(),Q55,"M")<=11),"AMARILLO"))),S55)) | S55: =IF(Q55=0," ",IF(Q55<=$N$5,"VENCIDO","NO VENCIDO"))
R56: =IF(Q56=0," ",IFERROR(IF(DATEDIF(TODAY(),Q56,"M")<=5,"ROJO",IF(DATEDIF(TODAY(),Q56,"M")>=12,"VERDE",IF(AND(DATEDIF(TODAY(),Q56,"M")>=6,DATEDIF(TODAY(),Q56,"M")<=11),"AMARILLO"))),S56)) | S56: =IF(Q56=0," ",IF(Q56<=$N$5,"VENCIDO","NO VENCIDO"))
R57: =IF(Q57=0," ",IFERROR(IF(DATEDIF(TODAY(),Q57,"M")<=5,"ROJO",IF(DATEDIF(TODAY(),Q57,"M")>=12,"VERDE",IF(AND(DATEDIF(TODAY(),Q57,"M")>=6,DATEDIF(TODAY(),Q57,"M")<=11),"AMARILLO"))),S57)) | S57: =IF(Q57=0," ",IF(Q57<=$N$5,"VENCIDO","NO VENCIDO"))
R58: =IF(Q58=0," ",IFERROR(IF(DATEDIF(TODAY(),Q58,"M")<=5,"ROJO",IF(DATEDIF(TODAY(),Q58,"M")>=12,"VERDE",IF(AND(DATEDIF(TODAY(),Q58,"M")>=6,DATEDIF(TODAY(),Q58,"M")<=11),"AMARILLO"))),S58)) | S58: =IF(Q58=0," ",IF(Q58<=$N$5,"VENCIDO","NO VENCIDO"))
M59: =M54=N59 -> TRUE | N59: =SUM(N54:N58) -> 2 | O59: “Verdadero” indica que la cantidad por lote, coincide con el saldo que inicia al mes siguiente. "Falso" no coinicide. | T59: =SUM(T54:T58) -> 0
A60: =A54+1 -> 10 | B60: Vacuna de Rotavirus Liquida (administración oral) | D60: =+Mayo!M60 -> 195 | E60: 150 | F60: 71 | J60: =+F60+G60 -> 71 | K60: =+AO60 -> 0 | L60: =+J60+K60 -> 71 | M60: =+(D60+E60)-(L60)+H60-I60 -> 274 | N60: 274 | O60: AROLE419AA | P60: GSK ROTARIX | Q60: 46631 | R60: =IF(Q60=0," ",IFERROR(IF(DATEDIF(TODAY(),Q60,"M")<=5,"ROJO",IF(DATEDIF(TODAY(),Q60,"M")>=12,"VERDE",IF(AND(DATEDIF(TODAY(),Q60,"M")>=6,DATEDIF(TODAY(),Q60,"M")<=11),"AMARILLO"))),S60)) -> AMARILLO | S60: =IF(Q60=0," ",IF(Q60<=$N$5,"VENCIDO","NO VENCIDO")) -> NO VENCIDO | Y60: =+AT60 -> 0 | AD60: =+AB60+AC60 -> 0 | AO60: =SUM(AD60:AN64) -> 0
R61: =IF(Q61=0," ",IFERROR(IF(DATEDIF(TODAY(),Q61,"M")<=5,"ROJO",IF(DATEDIF(TODAY(),Q61,"M")>=12,"VERDE",IF(AND(DATEDIF(TODAY(),Q61,"M")>=6,DATEDIF(TODAY(),Q61,"M")<=11),"AMARILLO"))),S61)) | S61: =IF(Q61=0," ",IF(Q61<=$N$5,"VENCIDO","NO VENCIDO"))
R62: =IF(Q62=0," ",IFERROR(IF(DATEDIF(TODAY(),Q62,"M")<=5,"ROJO",IF(DATEDIF(TODAY(),Q62,"M")>=12,"VERDE",IF(AND(DATEDIF(TODAY(),Q62,"M")>=6,DATEDIF(TODAY(),Q62,"M")<=11),"AMARILLO"))),S62)) | S62: =IF(Q62=0," ",IF(Q62<=$N$5,"VENCIDO","NO VENCIDO"))
R63: =IF(Q63=0," ",IFERROR(IF(DATEDIF(TODAY(),Q63,"M")<=5,"ROJO",IF(DATEDIF(TODAY(),Q63,"M")>=12,"VERDE",IF(AND(DATEDIF(TODAY(),Q63,"M")>=6,DATEDIF(TODAY(),Q63,"M")<=11),"AMARILLO"))),S63)) | S63: =IF(Q63=0," ",IF(Q63<=$N$5,"VENCIDO","NO VENCIDO"))
R64: =IF(Q64=0," ",IFERROR(IF(DATEDIF(TODAY(),Q64,"M")<=5,"ROJO",IF(DATEDIF(TODAY(),Q64,"M")>=12,"VERDE",IF(AND(DATEDIF(TODAY(),Q64,"M")>=6,DATEDIF(TODAY(),Q64,"M")<=11),"AMARILLO"))),S64)) | S64: =IF(Q64=0," ",IF(Q64<=$N$5,"VENCIDO","NO VENCIDO"))
M65: =M60=N65 -> TRUE | N65: =SUM(N60:N64) -> 274 | O65: “Verdadero” indica que la cantidad por lote, coincide con el saldo que inicia al mes siguiente. "Falso" no coinicide. | T65: =SUM(T60:T64) -> 0
A66: =A60+1 -> 11 | B66: Vacuna Antineumocócica Conjugada (13-valente) PCV13 - Liquida | D66: =+Mayo!M66 -> 100 | E66: 300 | F66: 80 | J66: =+F66+G66 -> 80 | K66: =+AO66 -> 0 | L66: =+J66+K66 -> 80 | M66: =+(D66+E66)-(L66)+H66-I66 -> 320 | N66: 320 | O66: LR6371 | P66: SERUM | Q66: 46631 | R66: =IF(Q66=0," ",IFERROR(IF(DATEDIF(TODAY(),Q66,"M")<=5,"ROJO",IF(DATEDIF(TODAY(),Q66,"M")>=12,"VERDE",IF(AND(DATEDIF(TODAY(),Q66,"M")>=6,DATEDIF(TODAY(),Q66,"M")<=11),"AMARILLO"))),S66)) -> AMARILLO | S66: =IF(Q66=0," ",IF(Q66<=$N$5,"VENCIDO","NO VENCIDO")) -> NO VENCIDO | Y66: =+AT66 -> 0 | AD66: =+AB66+AC66 -> 0 | AO66: =SUM(AD66:AN70) -> 0
R67: =IF(Q67=0," ",IFERROR(IF(DATEDIF(TODAY(),Q67,"M")<=5,"ROJO",IF(DATEDIF(TODAY(),Q67,"M")>=12,"VERDE",IF(AND(DATEDIF(TODAY(),Q67,"M")>=6,DATEDIF(TODAY(),Q67,"M")<=11),"AMARILLO"))),S67)) | S67: =IF(Q67=0," ",IF(Q67<=$N$5,"VENCIDO","NO VENCIDO"))
R68: =IF(Q68=0," ",IFERROR(IF(DATEDIF(TODAY(),Q68,"M")<=5,"ROJO",IF(DATEDIF(TODAY(),Q68,"M")>=12,"VERDE",IF(AND(DATEDIF(TODAY(),Q68,"M")>=6,DATEDIF(TODAY(),Q68,"M")<=11),"AMARILLO"))),S68)) | S68: =IF(Q68=0," ",IF(Q68<=$N$5,"VENCIDO","NO VENCIDO"))
R69: =IF(Q69=0," ",IFERROR(IF(DATEDIF(TODAY(),Q69,"M")<=5,"ROJO",IF(DATEDIF(TODAY(),Q69,"M")>=12,"VERDE",IF(AND(DATEDIF(TODAY(),Q69,"M")>=6,DATEDIF(TODAY(),Q69,"M")<=11),"AMARILLO"))),S69)) | S69: =IF(Q69=0," ",IF(Q69<=$N$5,"VENCIDO","NO VENCIDO"))
R70: =IF(Q70=0," ",IFERROR(IF(DATEDIF(TODAY(),Q70,"M")<=5,"ROJO",IF(DATEDIF(TODAY(),Q70,"M")>=12,"VERDE",IF(AND(DATEDIF(TODAY(),Q70,"M")>=6,DATEDIF(TODAY(),Q70,"M")<=11),"AMARILLO"))),S70)) | S70: =IF(Q70=0," ",IF(Q70<=$N$5,"VENCIDO","NO VENCIDO"))
M71: =M66=N71 -> TRUE | N71: =SUM(N66:N70) -> 320 | O71: “Verdadero” indica que la cantidad por lote, coincide con el saldo que inicia al mes siguiente. "Falso" no coinicide. | T71: =SUM(T66:T70) -> 0
A72: =A66+1 -> 12 | B72: Vacuna Antineumocócica Conjugada (20-valente) PCV20 - Liquida | D72: =+Mayo!M72 -> 0 | J72: =+F72+G72 -> 0 | K72: =+AO72 -> 0 | L72: =+J72+K72 -> 0 | M72: =+(D72+E72)-(L72)+H72-I72 -> 0 | R72: =IF(Q72=0," ",IFERROR(IF(DATEDIF(TODAY(),Q72,"M")<=5,"ROJO",IF(DATEDIF(TODAY(),Q72,"M")>=12,"VERDE",IF(AND(DATEDIF(TODAY(),Q72,"M")>=6,DATEDIF(TODAY(),Q72,"M")<=11),"AMARILLO"))),S72)) | S72: =IF(Q72=0," ",IF(Q72<=$N$5,"VENCIDO","NO VENCIDO")) | Y72: =+AT72 -> 0 | AD72: =+AB72+AC72 -> 0 | AO72: =SUM(AD72:AN76) -> 0
R73: =IF(Q73=0," ",IFERROR(IF(DATEDIF(TODAY(),Q73,"M")<=5,"ROJO",IF(DATEDIF(TODAY(),Q73,"M")>=12,"VERDE",IF(AND(DATEDIF(TODAY(),Q73,"M")>=6,DATEDIF(TODAY(),Q73,"M")<=11),"AMARILLO"))),S73)) | S73: =IF(Q73=0," ",IF(Q73<=$N$5,"VENCIDO","NO VENCIDO"))
R74: =IF(Q74=0," ",IFERROR(IF(DATEDIF(TODAY(),Q74,"M")<=5,"ROJO",IF(DATEDIF(TODAY(),Q74,"M")>=12,"VERDE",IF(AND(DATEDIF(TODAY(),Q74,"M")>=6,DATEDIF(TODAY(),Q74,"M")<=11),"AMARILLO"))),S74)) | S74: =IF(Q74=0," ",IF(Q74<=$N$5,"VENCIDO","NO VENCIDO"))
R75: =IF(Q75=0," ",IFERROR(IF(DATEDIF(TODAY(),Q75,"M")<=5,"ROJO",IF(DATEDIF(TODAY(),Q75,"M")>=12,"VERDE",IF(AND(DATEDIF(TODAY(),Q75,"M")>=6,DATEDIF(TODAY(),Q75,"M")<=11),"AMARILLO"))),S75)) | S75: =IF(Q75=0," ",IF(Q75<=$N$5,"VENCIDO","NO VENCIDO"))
R76: =IF(Q76=0," ",IFERROR(IF(DATEDIF(TODAY(),Q76,"M")<=5,"ROJO",IF(DATEDIF(TODAY(),Q76,"M")>=12,"VERDE",IF(AND(DATEDIF(TODAY(),Q76,"M")>=6,DATEDIF(TODAY(),Q76,"M")<=11),"AMARILLO"))),S76)) | S76: =IF(Q76=0," ",IF(Q76<=$N$5,"VENCIDO","NO VENCIDO"))
M77: =M72=N77 -> TRUE | N77: =SUM(N72:N76) -> 0 | O77: “Verdadero” indica que la cantidad por lote, coincide con el saldo que inicia al mes siguiente. "Falso" no coinicide. | T77: =SUM(T72:T76) -> 0
A78: =A72+1 -> 13 | B78: Vacuna de Sarampión, Rubeola y Paperas (SRP) (Cepa Leningrado-Zagreb) Liofilizado - Vial x 01 dosis - TRIPLE VIRAL | D78: =+Mayo!M78 -> 361 | F78: 107 | J78: =+F78+G78 -> 107 | K78: =+AO78 -> 0 | L78: =+J78+K78 -> 107 | M78: =+(D78+E78)-(L78)+H78-I78 -> 254 | N78: 254 | O78: 0134NO96A | P78: SERUM | Q78: 46631 | R78: =IF(Q78=0," ",IFERROR(IF(DATEDIF(TODAY(),Q78,"M")<=5,"ROJO",IF(DATEDIF(TODAY(),Q78,"M")>=12,"VERDE",IF(AND(DATEDIF(TODAY(),Q78,"M")>=6,DATEDIF(TODAY(),Q78,"M")<=11),"AMARILLO"))),S78)) -> AMARILLO | S78: =IF(Q78=0," ",IF(Q78<=$N$5,"VENCIDO","NO VENCIDO")) -> NO VENCIDO | Y78: =+AT78 -> 0 | AD78: =+AB78+AC78 -> 0 | AO78: =SUM(AD78:AN82) -> 0
R79: =IF(Q79=0," ",IFERROR(IF(DATEDIF(TODAY(),Q79,"M")<=5,"ROJO",IF(DATEDIF(TODAY(),Q79,"M")>=12,"VERDE",IF(AND(DATEDIF(TODAY(),Q79,"M")>=6,DATEDIF(TODAY(),Q79,"M")<=11),"AMARILLO"))),S79)) | S79: =IF(Q79=0," ",IF(Q79<=$N$5,"VENCIDO","NO VENCIDO"))
R80: =IF(Q80=0," ",IFERROR(IF(DATEDIF(TODAY(),Q80,"M")<=5,"ROJO",IF(DATEDIF(TODAY(),Q80,"M")>=12,"VERDE",IF(AND(DATEDIF(TODAY(),Q80,"M")>=6,DATEDIF(TODAY(),Q80,"M")<=11),"AMARILLO"))),S80)) | S80: =IF(Q80=0," ",IF(Q80<=$N$5,"VENCIDO","NO VENCIDO"))
R81: =IF(Q81=0," ",IFERROR(IF(DATEDIF(TODAY(),Q81,"M")<=5,"ROJO",IF(DATEDIF(TODAY(),Q81,"M")>=12,"VERDE",IF(AND(DATEDIF(TODAY(),Q81,"M")>=6,DATEDIF(TODAY(),Q81,"M")<=11),"AMARILLO"))),S81)) | S81: =IF(Q81=0," ",IF(Q81<=$N$5,"VENCIDO","NO VENCIDO"))
R82: =IF(Q82=0," ",IFERROR(IF(DATEDIF(TODAY(),Q82,"M")<=5,"ROJO",IF(DATEDIF(TODAY(),Q82,"M")>=12,"VERDE",IF(AND(DATEDIF(TODAY(),Q82,"M")>=6,DATEDIF(TODAY(),Q82,"M")<=11),"AMARILLO"))),S82)) | S82: =IF(Q82=0," ",IF(Q82<=$N$5,"VENCIDO","NO VENCIDO"))
M83: =M78=N83 -> TRUE | N83: =SUM(N78:N82) -> 254 | O83: “Verdadero” indica que la cantidad por lote, coincide con el saldo que inicia al mes siguiente. "Falso" no coinicide. | T83: =SUM(T78:T82) -> 0
A84: =A78+1 -> 14 | B84: Vacuna de Sarampión, Rubeola y Paperas (SRP) (Cepa Leningrado-Zagreb) Liofilizado - Vial x 05 dosis - TRIPLE VIRAL | D84: =+Mayo!M84 -> 0 | J84: =+F84+G84 -> 0 | K84: =+AO84 -> 0 | L84: =+J84+K84 -> 0 | M84: =+(D84+E84)-(L84)+H84-I84 -> 0 | R84: =IF(Q84=0," ",IFERROR(IF(DATEDIF(TODAY(),Q84,"M")<=5,"ROJO",IF(DATEDIF(TODAY(),Q84,"M")>=12,"VERDE",IF(AND(DATEDIF(TODAY(),Q84,"M")>=6,DATEDIF(TODAY(),Q84,"M")<=11),"AMARILLO"))),S84)) | S84: =IF(Q84=0," ",IF(Q84<=$N$5,"VENCIDO","NO VENCIDO")) | Y84: =+AT84 -> 0 | AD84: =+AB84+AC84 -> 0 | AO84: =SUM(AD84:AN88) -> 0
R85: =IF(Q85=0," ",IFERROR(IF(DATEDIF(TODAY(),Q85,"M")<=5,"ROJO",IF(DATEDIF(TODAY(),Q85,"M")>=12,"VERDE",IF(AND(DATEDIF(TODAY(),Q85,"M")>=6,DATEDIF(TODAY(),Q85,"M")<=11),"AMARILLO"))),S85)) | S85: =IF(Q85=0," ",IF(Q85<=$N$5,"VENCIDO","NO VENCIDO"))
R86: =IF(Q86=0," ",IFERROR(IF(DATEDIF(TODAY(),Q86,"M")<=5,"ROJO",IF(DATEDIF(TODAY(),Q86,"M")>=12,"VERDE",IF(AND(DATEDIF(TODAY(),Q86,"M")>=6,DATEDIF(TODAY(),Q86,"M")<=11),"AMARILLO"))),S86)) | S86: =IF(Q86=0," ",IF(Q86<=$N$5,"VENCIDO","NO VENCIDO"))
R87: =IF(Q87=0," ",IFERROR(IF(DATEDIF(TODAY(),Q87,"M")<=5,"ROJO",IF(DATEDIF(TODAY(),Q87,"M")>=12,"VERDE",IF(AND(DATEDIF(TODAY(),Q87,"M")>=6,DATEDIF(TODAY(),Q87,"M")<=11),"AMARILLO"))),S87)) | S87: =IF(Q87=0," ",IF(Q87<=$N$5,"VENCIDO","NO VENCIDO"))
R88: =IF(Q88=0," ",IFERROR(IF(DATEDIF(TODAY(),Q88,"M")<=5,"ROJO",IF(DATEDIF(TODAY(),Q88,"M")>=12,"VERDE",IF(AND(DATEDIF(TODAY(),Q88,"M")>=6,DATEDIF(TODAY(),Q88,"M")<=11),"AMARILLO"))),S88)) | S88: =IF(Q88=0," ",IF(Q88<=$N$5,"VENCIDO","NO VENCIDO"))
M89: =M84=N89 -> TRUE | N89: =SUM(N84:N88) -> 0 | O89: “Verdadero” indica que la cantidad por lote, coincide con el saldo que inicia al mes siguiente. "Falso" no coinicide. | T89: =SUM(T84:T88) -> 0
A90: =A84+1 -> 15 | B90: Vacuna de Sarampión, Rubeola y Paperas (SRP) (Cepa Leningrado-Zagreb) Liofilizado - Vial x 10 dosis - TRIPLE VIRAL | D90: =+Mayo!M90 -> 0 | J90: =+F90+G90 -> 0 | K90: =+AO90 -> 0 | L90: =+J90+K90 -> 0 | M90: =+(D90+E90)-(L90)+H90-I90 -> 0 | R90: =IF(Q90=0," ",IFERROR(IF(DATEDIF(TODAY(),Q90,"M")<=5,"ROJO",IF(DATEDIF(TODAY(),Q90,"M")>=12,"VERDE",IF(AND(DATEDIF(TODAY(),Q90,"M")>=6,DATEDIF(TODAY(),Q90,"M")<=11),"AMARILLO"))),S90)) | S90: =IF(Q90=0," ",IF(Q90<=$N$5,"VENCIDO","NO VENCIDO")) | Y90: =+AT90 -> 0 | AD90: =+AB90+AC90 -> 0 | AO90: =SUM(AD90:AN94) -> 0
R91: =IF(Q91=0," ",IFERROR(IF(DATEDIF(TODAY(),Q91,"M")<=5,"ROJO",IF(DATEDIF(TODAY(),Q91,"M")>=12,"VERDE",IF(AND(DATEDIF(TODAY(),Q91,"M")>=6,DATEDIF(TODAY(),Q91,"M")<=11),"AMARILLO"))),S91)) | S91: =IF(Q91=0," ",IF(Q91<=$N$5,"VENCIDO","NO VENCIDO"))
R92: =IF(Q92=0," ",IFERROR(IF(DATEDIF(TODAY(),Q92,"M")<=5,"ROJO",IF(DATEDIF(TODAY(),Q92,"M")>=12,"VERDE",IF(AND(DATEDIF(TODAY(),Q92,"M")>=6,DATEDIF(TODAY(),Q92,"M")<=11),"AMARILLO"))),S92)) | S92: =IF(Q92=0," ",IF(Q92<=$N$5,"VENCIDO","NO VENCIDO"))
R93: =IF(Q93=0," ",IFERROR(IF(DATEDIF(TODAY(),Q93,"M")<=5,"ROJO",IF(DATEDIF(TODAY(),Q93,"M")>=12,"VERDE",IF(AND(DATEDIF(TODAY(),Q93,"M")>=6,DATEDIF(TODAY(),Q93,"M")<=11),"AMARILLO"))),S93)) | S93: =IF(Q93=0," ",IF(Q93<=$N$5,"VENCIDO","NO VENCIDO"))
R94: =IF(Q94=0," ",IFERROR(IF(DATEDIF(TODAY(),Q94,"M")<=5,"ROJO",IF(DATEDIF(TODAY(),Q94,"M")>=12,"VERDE",IF(AND(DATEDIF(TODAY(),Q94,"M")>=6,DATEDIF(TODAY(),Q94,"M")<=11),"AMARILLO"))),S94)) | S94: =IF(Q94=0," ",IF(Q94<=$N$5,"VENCIDO","NO VENCIDO"))
M95: =M90=N95 -> TRUE | N95: =SUM(N90:N94) -> 0 | O95: “Verdadero” indica que la cantidad por lote, coincide con el saldo que inicia al mes siguiente. "Falso" no coinicide. | T95: =SUM(T90:T94) -> 0
A96: =A90+1 -> 16 | B96: Vacuna de Sarampión Rubeola (SR) Liofilizada - Vial x 01 dosis -DOBLE VIRAL | D96: =+Mayo!M96 -> 74 | E96: 60 | F96: 101 | J96: =+F96+G96 -> 101 | K96: =+AO96 -> 0 | L96: =+J96+K96 -> 101 | M96: =+(D96+E96)-(L96)+H96-I96 -> 33 | N96: 23 | O96: 0095M002 | P96: SERUM | Q96: 46692 | R96: =IF(Q96=0," ",IFERROR(IF(DATEDIF(TODAY(),Q96,"M")<=5,"ROJO",IF(DATEDIF(TODAY(),Q96,"M")>=12,"VERDE",IF(AND(DATEDIF(TODAY(),Q96,"M")>=6,DATEDIF(TODAY(),Q96,"M")<=11),"AMARILLO"))),S96)) -> VERDE | S96: =IF(Q96=0," ",IF(Q96<=$N$5,"VENCIDO","NO VENCIDO")) -> NO VENCIDO | Y96: =+AT96 -> 0 | AD96: =+AB96+AC96 -> 0 | AO96: =SUM(AD96:AN100) -> 0
R97: =IF(Q97=0," ",IFERROR(IF(DATEDIF(TODAY(),Q97,"M")<=5,"ROJO",IF(DATEDIF(TODAY(),Q97,"M")>=12,"VERDE",IF(AND(DATEDIF(TODAY(),Q97,"M")>=6,DATEDIF(TODAY(),Q97,"M")<=11),"AMARILLO"))),S97)) | S97: =IF(Q97=0," ",IF(Q97<=$N$5,"VENCIDO","NO VENCIDO"))
R98: =IF(Q98=0," ",IFERROR(IF(DATEDIF(TODAY(),Q98,"M")<=5,"ROJO",IF(DATEDIF(TODAY(),Q98,"M")>=12,"VERDE",IF(AND(DATEDIF(TODAY(),Q98,"M")>=6,DATEDIF(TODAY(),Q98,"M")<=11),"AMARILLO"))),S98)) | S98: =IF(Q98=0," ",IF(Q98<=$N$5,"VENCIDO","NO VENCIDO"))
R99: =IF(Q99=0," ",IFERROR(IF(DATEDIF(TODAY(),Q99,"M")<=5,"ROJO",IF(DATEDIF(TODAY(),Q99,"M")>=12,"VERDE",IF(AND(DATEDIF(TODAY(),Q99,"M")>=6,DATEDIF(TODAY(),Q99,"M")<=11),"AMARILLO"))),S99)) | S99: =IF(Q99=0," ",IF(Q99<=$N$5,"VENCIDO","NO VENCIDO"))
R100: =IF(Q100=0," ",IFERROR(IF(DATEDIF(TODAY(),Q100,"M")<=5,"ROJO",IF(DATEDIF(TODAY(),Q100,"M")>=12,"VERDE",IF(AND(DATEDIF(TODAY(),Q100,"M")>=6,DATEDIF(TODAY(),Q100,"M")<=11),"AMARILLO"))),S100)) | S100: =IF(Q100=0," ",IF(Q100<=$N$5,"VENCIDO","NO VENCIDO"))
M101: =M96=N101 -> FALSE | N101: =SUM(N96:N100) -> 23 | O101: “Verdadero” indica que la cantidad por lote, coincide con el saldo que inicia al mes siguiente. "Falso" no coinicide. | T101: =SUM(T96:T100) -> 0
A102: =A96+1 -> 17 | B102: Vacuna de Sarampión Rubeola (SR) Liofilizada - Vial x 10 dosis - DOBLE VIRAL | D102: =+Mayo!M102 -> 0 | J102: =+F102+G102 -> 0 | K102: =+AO102 -> 0 | L102: =+J102+K102 -> 0 | M102: =+(D102+E102)-(L102)+H102-I102 -> 0 | R102: =IF(Q102=0," ",IFERROR(IF(DATEDIF(TODAY(),Q102,"M")<=5,"ROJO",IF(DATEDIF(TODAY(),Q102,"M")>=12,"VERDE",IF(AND(DATEDIF(TODAY(),Q102,"M")>=6,DATEDIF(TODAY(),Q102,"M")<=11),"AMARILLO"))),S102)) | S102: =IF(Q102=0," ",IF(Q102<=$N$5,"VENCIDO","NO VENCIDO")) | Y102: =+AT102 -> 0 | AD102: =+AB102+AC102 -> 0 | AO102: =SUM(AD102:AN106) -> 0
R103: =IF(Q103=0," ",IFERROR(IF(DATEDIF(TODAY(),Q103,"M")<=5,"ROJO",IF(DATEDIF(TODAY(),Q103,"M")>=12,"VERDE",IF(AND(DATEDIF(TODAY(),Q103,"M")>=6,DATEDIF(TODAY(),Q103,"M")<=11),"AMARILLO"))),S103)) | S103: =IF(Q103=0," ",IF(Q103<=$N$5,"VENCIDO","NO VENCIDO"))
R104: =IF(Q104=0," ",IFERROR(IF(DATEDIF(TODAY(),Q104,"M")<=5,"ROJO",IF(DATEDIF(TODAY(),Q104,"M")>=12,"VERDE",IF(AND(DATEDIF(TODAY(),Q104,"M")>=6,DATEDIF(TODAY(),Q104,"M")<=11),"AMARILLO"))),S104)) | S104: =IF(Q104=0," ",IF(Q104<=$N$5,"VENCIDO","NO VENCIDO"))
...

Sheet Julio
A1: MUNICIPIOS / IPS VACUNADORAS
A2: ÍTEM | B2: INSUMOS | D2: SALDO MES ANTERIOR | E2: BIOLÓGICO RECIBIDO DEL CENTRO DE ACOPIO DEPARTAMENTAL / DISTRITAL | F2: DOSIS APLICADAS | H2: Entradas | I2: Salidas | J2: TOTAL DOSIS APLICADAS | K2: DOSIS PERDIDAS | L2: TOTAL DOSIS ÚTILIZADAS EN EL MES | M2: SALDO QUE INICIA EL MES SIGUIENTE (SOLO MUNICIPIOS) | N2: DOSIS POR LOTES | O2: No. LOTE | P2: LABORATORIO | Q2: FECHA DE VENCIMIENTO | R2: SEMAFORIZACION VIDA ÚTIL DEL BIOLÓGICO | S2: CONDICIÓN FINAL DEL BIOLÓGICO, DILUYENTE Y CARNET | T2: DOSIS EN CUARENTENA | U2: LABORATORIO | V2: No. LOTE | W2: FECHA DE VENCIMEINTO | X2: FECHA DE INICIO CUARENTENA | Y2: PORCENTAJE DE PERDIDA DEL MES | Z2: OBSERVACIONES | AB2: CAUSAS PERDIDA DE BIOLÓGICOS (Remítase a la primera hoja donde se especifica la clasificación de las perdidas) | AO2: TOTAL DOSIS PERDIDAS
F3: DOSIS APLICADAS COLOMBIANOS | G3: DOSIS APLICADAS EXTRANJEROS | H3: DOSIS INGRESADAS POR TRASLADOS DE MUNICIPIOS O IPS | I3: DOSIS TRASLADADAS A OTROS MUNICIPIOS O IPS | AB3: 1 | AE3: 2 | AF3: 3 | AG3: 4 | AH3: 5 | AI3: 6 | AJ3: 7 | AK3: 8 | AL3: 9 | AM3: 10 | AN3: 11
AB4: POLÍTICA DE FRASCOS ABIERTO | AE4: INTERRUPCIÓN DE CADENA DE FRÍO | AF4: CONTAMINACION DEL BIOLÓGICO/DISPOSITIVO MÉDICO | AG4: VIAL ROTO | AH4: ERRORES EN LA MANIPULACIÓN | AI4: VENCIMIENTO DEL BIOLÓGICO O JERINGA | AJ4: FARMACOVIGILANCIA / TECNOVIGILANCIA | AK4: VOMITO FRANCO | AL4: APLICACIÓN FUERA DE LA EDAD | AM4: POR DECISIÓN FINAL DEL PACIENTE DE NO VACUNACIÓN | AN4: SINIESTRO O ROBO
AB5: INSTITUCIONAL | AC5: EXTRAMURAL | AD5: TOTAL
A6: 1 | B6: Vacuna de BCG (Bacilo de Calmette y Guérin) Liofilizada | D6: =+Junio!M6 -> 240 | E6: 300 | F6: 56 | J6: =+F6+G6 -> 56 | K6: =+AO6 -> 204 | L6: =+J6+K6 -> 260 | M6: =+(D6+E6)-(L6)+H6-I6 -> 280 | N6: 280 | O6: 0374MA082 | P6: SERUM | Q6: 31/09/2027 | R6: =IF(Q6=0," ",IFERROR(IF(DATEDIF(TODAY(),Q6,"M")<=5,"ROJO",IF(DATEDIF(TODAY(),Q6,"M")>=12,"VERDE",IF(AND(DATEDIF(TODAY(),Q6,"M")>=6,DATEDIF(TODAY(),Q6,"M")<=11),"AMARILLO"))),S6)) -> NO VENCIDO | S6: =IF(Q6=0," ",IF(Q6<=$N$5,"VENCIDO","NO VENCIDO")) -> NO VENCIDO | Y6: =+AT6 -> 0 | AB6: 100 | AC6: 104 | AD6: =+AB6+AC6 -> 204 | AO6: =SUM(AD6:AN10) -> 204
R7: =IF(Q7=0," ",IFERROR(IF(DATEDIF(TODAY(),Q7,"M")<=5,"ROJO",IF(DATEDIF(TODAY(),Q7,"M")>=12,"VERDE",IF(AND(DATEDIF(TODAY(),Q7,"M")>=6,DATEDIF(TODAY(),Q7,"M")<=11),"AMARILLO"))),S7)) | S7: =IF(Q7=0," ",IF(Q7<=$N$5,"VENCIDO","NO VENCIDO"))
R8: =IF(Q8=0," ",IFERROR(IF(DATEDIF(TODAY(),Q8,"M")<=5,"ROJO",IF(DATEDIF(TODAY(),Q8,"M")>=12,"VERDE",IF(AND(DATEDIF(TODAY(),Q8,"M")>=6,DATEDIF(TODAY(),Q8,"M")<=11),"AMARILLO"))),S8)) | S8: =IF(Q8=0," ",IF(Q8<=$N$5,"VENCIDO","NO VENCIDO"))
R9: =IF(Q9=0," ",IFERROR(IF(DATEDIF(TODAY(),Q9,"M")<=5,"ROJO",IF(DATEDIF(TODAY(),Q9,"M")>=12,"VERDE",IF(AND(DATEDIF(TODAY(),Q9,"M")>=6,DATEDIF(TODAY(),Q9,"M")<=11),"AMARILLO"))),S9)) | S9: =IF(Q9=0," ",IF(Q9<=$N$5,"VENCIDO","NO VENCIDO"))
R10: =IF(Q10=0," ",IFERROR(IF(DATEDIF(TODAY(),Q10,"M")<=5,"ROJO",IF(DATEDIF(TODAY(),Q10,"M")>=12,"VERDE",IF(AND(DATEDIF(TODAY(),Q10,"M")>=6,DATEDIF(TODAY(),Q10,"M")<=11),"AMARILLO"))),S10)) | S10: =IF(Q10=0," ",IF(Q10<=$N$5,"VENCIDO","NO VENCIDO"))
M11: =M6=N11 -> TRUE | N11: =SUM(N6:N10) -> 280 | O11: “Verdadero” indica que la cantidad por lote, coincide con el saldo que inicia al mes siguiente. "Falso" no coinicide. | T11: =SUM(T6:T10) -> 0
A12: =A6+1 -> 2 | B12: Vacuna de Hepatitis B Recombinante Pediátrica - Liquida | D12: =+Junio!M12 -> 186 | F12: 49 | J12: =+F12+G12 -> 49 | K12: =+AO12 -> 0 | L12: =+J12+K12 -> 49 | M12: =+(D12+E12)-(L12)+H12-I12 -> 137 | N12: 137 | O12: 0324LO13B | P12: SERUM | Q12: 46692 | R12: =IF(Q12=0," ",IFERROR(IF(DATEDIF(TODAY(),Q12,"M")<=5,"ROJO",IF(DATEDIF(TODAY(),Q12,"M")>=12,"VERDE",IF(AND(DATEDIF(TODAY(),Q12,"M")>=6,DATEDIF(TODAY(),Q12,"M")<=11),"AMARILLO"))),S12)) -> VERDE | S12: =IF(Q12=0," ",IF(Q12<=$N$5,"VENCIDO","NO VENCIDO")) -> NO VENCIDO | Y12: =+AT12 -> 0 | AD12: =+AB12+AC12 -> 0 | AO12: =SUM(AD12:AN16) -> 0
R13: =IF(Q13=0," ",IFERROR(IF(DATEDIF(TODAY(),Q13,"M")<=5,"ROJO",IF(DATEDIF(TODAY(),Q13,"M")>=12,"VERDE",IF(AND(DATEDIF(TODAY(),Q13,"M")>=6,DATEDIF(TODAY(),Q13,"M")<=11),"AMARILLO"))),S13)) | S13: =IF(Q13=0," ",IF(Q13<=$N$5,"VENCIDO","NO VENCIDO"))
R14: =IF(Q14=0," ",IFERROR(IF(DATEDIF(TODAY(),Q14,"M")<=5,"ROJO",IF(DATEDIF(TODAY(),Q14,"M")>=12,"VERDE",IF(AND(DATEDIF(TODAY(),Q14,"M")>=6,DATEDIF(TODAY(),Q14,"M")<=11),"AMARILLO"))),S14)) | S14: =IF(Q14=0," ",IF(Q14<=$N$5,"VENCIDO","NO VENCIDO"))
R15: =IF(Q15=0," ",IFERROR(IF(DATEDIF(TODAY(),Q15,"M")<=5,"ROJO",IF(DATEDIF(TODAY(),Q15,"M")>=12,"VERDE",IF(AND(DATEDIF(TODAY(),Q15,"M")>=6,DATEDIF(TODAY(),Q15,"M")<=11),"AMARILLO"))),S15)) | S15: =IF(Q15=0," ",IF(Q15<=$N$5,"VENCIDO","NO VENCIDO"))
R16: =IF(Q16=0," ",IFERROR(IF(DATEDIF(TODAY(),Q16,"M")<=5,"ROJO",IF(DATEDIF(TODAY(),Q16,"M")>=12,"VERDE",IF(AND(DATEDIF(TODAY(),Q16,"M")>=6,DATEDIF(TODAY(),Q16,"M")<=11),"AMARILLO"))),S16)) | S16: =IF(Q16=0," ",IF(Q16<=$N$5,"VENCIDO","NO VENCIDO"))
M17: =M12=N17 -> TRUE | N17: =SUM(N12:N16) -> 137 | O17: “Verdadero” indica que la cantidad por lote, coincide con el saldo que inicia al mes siguiente. "Falso" no coinicide. | T17: =SUM(T12:T16) -> 0
A18: =A12+1 -> 3 | B18: Vacuna de Hepatitis B Recombinante Adultos - Liquida | D18: =+Junio!M18 -> 96 | E18: 20 | F18: 6 | J18: =+F18+G18 -> 6 | K18: =+AO18 -> 0 | L18: =+J18+K18 -> 6 | M18: =+(D18+E18)-(L18)+H18-I18 -> 110 | N18: 110 | O18: 0344X002C | P18: SERUM | Q18: 46539 | R18: =IF(Q18=0," ",IFERROR(IF(DATEDIF(TODAY(),Q18,"M")<=5,"ROJO",IF(DATEDIF(TODAY(),Q18,"M")>=12,"VERDE",IF(AND(DATEDIF(TODAY(),Q18,"M")>=6,DATEDIF(TODAY(),Q18,"M")<=11),"AMARILLO"))),S18)) -> AMARILLO | S18: =IF(Q18=0," ",IF(Q18<=$N$5,"VENCIDO","NO VENCIDO")) -> NO VENCIDO | Y18: =+AT18 -> 0 | AD18: =+AB18+AC18 -> 0 | AO18: =SUM(AD18:AN22) -> 0
R19: =IF(Q19=0," ",IFERROR(IF(DATEDIF(TODAY(),Q19,"M")<=5,"ROJO",IF(DATEDIF(TODAY(),Q19,"M")>=12,"VERDE",IF(AND(DATEDIF(TODAY(),Q19,"M")>=6,DATEDIF(TODAY(),Q19,"M")<=11),"AMARILLO"))),S19)) | S19: =IF(Q19=0," ",IF(Q19<=$N$5,"VENCIDO","NO VENCIDO"))
R20: =IF(Q20=0," ",IFERROR(IF(DATEDIF(TODAY(),Q20,"M")<=5,"ROJO",IF(DATEDIF(TODAY(),Q20,"M")>=12,"VERDE",IF(AND(DATEDIF(TODAY(),Q20,"M")>=6,DATEDIF(TODAY(),Q20,"M")<=11),"AMARILLO"))),S20)) | S20: =IF(Q20=0," ",IF(Q20<=$N$5,"VENCIDO","NO VENCIDO"))
R21: =IF(Q21=0," ",IFERROR(IF(DATEDIF(TODAY(),Q21,"M")<=5,"ROJO",IF(DATEDIF(TODAY(),Q21,"M")>=12,"VERDE",IF(AND(DATEDIF(TODAY(),Q21,"M")>=6,DATEDIF(TODAY(),Q21,"M")<=11),"AMARILLO"))),S21)) | S21: =IF(Q21=0," ",IF(Q21<=$N$5,"VENCIDO","NO VENCIDO"))
R22: =IF(Q22=0," ",IFERROR(IF(DATEDIF(TODAY(),Q22,"M")<=5,"ROJO",IF(DATEDIF(TODAY(),Q22,"M")>=12,"VERDE",IF(AND(DATEDIF(TODAY(),Q22,"M")>=6,DATEDIF(TODAY(),Q22,"M")<=11),"AMARILLO"))),S22)) | S22: =IF(Q22=0," ",IF(Q22<=$N$5,"VENCIDO","NO VENCIDO"))
M23: =M18=N23 -> TRUE | N23: =SUM(N18:N22) -> 110 | O23: “Verdadero” indica que la cantidad por lote, coincide con el saldo que inicia al mes siguiente. "Falso" no coinicide. | T23: =SUM(T18:T22) -> 0
A24: =A18+1 -> 4 | B24: Vacuna de Poliovirus Inactiva IPV - Liquida | D24: =+Junio!M24 -> 235 | E24: 200 | F24: 263 | J24: =+F24+G24 -> 263 | K24: =+AO24 -> 0 | L24: =+J24+K24 -> 263 | M24: =+(D24+E24)-(L24)+H24-I24 -> 172 | N24: 172 | O24: 2522006A | P24: BILTHOVEN | Q24: 25/02/2028 | R24: =IF(Q24=0," ",IFERROR(IF(DATEDIF(TODAY(),Q24,"M")<=5,"ROJO",IF(DATEDIF(TODAY(),Q24,"M")>=12,"VERDE",IF(AND(DATEDIF(TODAY(),Q24,"M")>=6,DATEDIF(TODAY(),Q24,"M")<=11),"AMARILLO"))),S24)) -> VERDE | S24: =IF(Q24=0," ",IF(Q24<=$N$5,"VENCIDO","NO VENCIDO")) -> NO VENCIDO | Y24: =+AT24 -> 0 | AD24: =+AB24+AC24 -> 0 | AO24: =SUM(AD24:AN28) -> 0
R25: =IF(Q25=0," ",IFERROR(IF(DATEDIF(TODAY(),Q25,"M")<=5,"ROJO",IF(DATEDIF(TODAY(),Q25,"M")>=12,"VERDE",IF(AND(DATEDIF(TODAY(),Q25,"M")>=6,DATEDIF(TODAY(),Q25,"M")<=11),"AMARILLO"))),S25)) | S25: =IF(Q25=0," ",IF(Q25<=$N$5,"VENCIDO","NO VENCIDO"))
R26: =IF(Q26=0," ",IFERROR(IF(DATEDIF(TODAY(),Q26,"M")<=5,"ROJO",IF(DATEDIF(TODAY(),Q26,"M")>=12,"VERDE",IF(AND(DATEDIF(TODAY(),Q26,"M")>=6,DATEDIF(TODAY(),Q26,"M")<=11),"AMARILLO"))),S26)) | S26: =IF(Q26=0," ",IF(Q26<=$N$5,"VENCIDO","NO VENCIDO"))
R27: =IF(Q27=0," ",IFERROR(IF(DATEDIF(TODAY(),Q27,"M")<=5,"ROJO",IF(DATEDIF(TODAY(),Q27,"M")>=12,"VERDE",IF(AND(DATEDIF(TODAY(),Q27,"M")>=6,DATEDIF(TODAY(),Q27,"M")<=11),"AMARILLO"))),S27)) | S27: =IF(Q27=0," ",IF(Q27<=$N$5,"VENCIDO","NO VENCIDO"))
R28: =IF(Q28=0," ",IFERROR(IF(DATEDIF(TODAY(),Q28,"M")<=5,"ROJO",IF(DATEDIF(TODAY(),Q28,"M")>=12,"VERDE",IF(AND(DATEDIF(TODAY(),Q28,"M")>=6,DATEDIF(TODAY(),Q28,"M")<=11),"AMARILLO"))),S28)) | S28: =IF(Q28=0," ",IF(Q28<=$N$5,"VENCIDO","NO VENCIDO"))
M29: =M24=N29 -> TRUE | N29: =SUM(N24:N28) -> 172 | O29: “Verdadero” indica que la cantidad por lote, coincide con el saldo que inicia al mes siguiente. "Falso" no coinicide. | T29: =SUM(T24:T28) -> 0
A30: =A24+1 -> 5 | B30: Vacuna de Difteria - Tos ferina (Celula completa) - Tétanos - Hepatitis B - Haemophilus influenzae tipo B (DTwP-HepB-Hib) PENTAVALENTE PEDIÁTRICA - Liquida | D30: =+Junio!M30 -> 210 | E30: 150 | F30: 216 | J30: =+F30+G30 -> 216 | K30: =+AO30 -> 0 | L30: =+J30+K30 -> 216 | M30: =+(D30+E30)-(L30)+H30-I30 -> 144 | N30: 144 | O30: 2855X002C | P30: SERUM | Q30: 30/06/2027 | R30: =IF(Q30=0," ",IFERROR(IF(DATEDIF(TODAY(),Q30,"M")<=5,"ROJO",IF(DATEDIF(TODAY(),Q30,"M")>=12,"VERDE",IF(AND(DATEDIF(TODAY(),Q30,"M")>=6,DATEDIF(TODAY(),Q30,"M")<=11),"AMARILLO"))),S30)) -> AMARILLO | S30: =IF(Q30=0," ",IF(Q30<=$N$5,"VENCIDO","NO VENCIDO")) -> NO VENCIDO | Y30: =+AT30 -> 0 | AD30: =+AB30+AC30 -> 0 | AO30: =SUM(AD30:AN34) -> 0
