Workbook

Sheet CLASF. PERDIDAS
A2: CLASIFICACIÓN DE MOTIVOS DE PERDIDAS
A3: MOVIMIENTO DE BIOLÓGICOS (MB) VS PAIWEB
B5: MOTIVO DE PERDIDA MOVIMIENTO DE BIOLÓGICO | C5: MOTIVO DE PERDIDA PAIWEB
A6: 1 | B6: POR FRASCO ABIERTO INSTITUCIONAL | C6: PAI - Política de frascos abiertos intramural (Verificar lo contenido en la Circular 26 del 01 de agosto de 2017).
B7: POR FRASCO ABIERTO EXTRAMURAL | C7: PAI - Política de frasco abierto extramural (Verificar lo contenido en la Circular 26 del 01 de agosto de 2017).
A8: 2 | B8: INTERRUPCIÓN DE CADENA DE FRÍO | C8: PAI - Pérdida de cadena de frío.
C9: PAI - Por excursión temperatura.
C10: PEDIDOS - Interrupción de cadena de frío en el transporte o en el lugar de la recepción.
A11: 3 | B11: CONTAMINACION DEL BIOLÓGICO/DISPOSITIVO MÉDICO | C11: PAI - Contaminación del biológico o dispositivo en la cadena de distribución que no incluya la manipulación (ejemplo: accidente en el transporte que representa que la vacuna se salga de su contenedor sin ruptura, pero si exposición con agentes contaminantes).
A12: 4 | B12: VIAL ROTO | C12: PAI - Frasco vial roto (aplica para viales, jeringas prellenadas y diluyentes)
C13: PEDIDOS - Frasco de biológico roto en recepción (aplica para viales, jeringas prellenadas y diluyentes)
A14: 5 | B14: ERRORES EN LA MANIPULACIÓN | C14: PAI - Derrame de biológico o diluyente en la prepara
C15: PAI - Derrame del biológico o diluyente en la aplición
C16: PAI - Contaminación dispositivo médico x manipulación
C17: PAI - Anulación por error al diligenciamiento
C18: PAI - Error en la dosificación sobre o subdosificación
C19: PAI - Reconstitución de vacuna
C20: PAI - Error en la reconstitución - jeringa
A21: 6 | B21: VENCIMIENTO DEL BIOLÓGICO O JERINGA | C21: PAI - Vencimiento de biológico
C22: PAI - Vencimiento de diluyente
C23: PAI - Vencimiento de jeringa
C24: PAI - Excede días de almacenamiento permitidos por reconstitución del biológico según el laboratorio fabricante.
A25: 7 | B25: FARMACOVIGILANCIA/ TECNOVIGILANCIA | C25: PAI - Defectos de fabricación dispositivos médicos (ejemplo: desprendimiento de agujas, mal sellamiento del embolo, etc.)
C26: PAI - Defectos de fabricación en biológicos
C27: PAI - Por reacción alérgica a biológicos
C28: PAI - Rendimiento menor a la presentación
A29: 8 | B29: VOMITO FRANCO | C29: PAI - Vómito franco por a administración de vacunas por vía oral
A30: 9 | B30: APLICACIÓN FUERA DE LA EDAD | C30: PAI - Aplicación fuera de edad
C31: PAI - Revacunación
A32: 10 | B32: POR DECISIÓN FINAL DEL PACIENTE DE NO VACUNACIÓN | C32: PAI - Reconstitución o alistamiento de la vacuna posterior al diligenciamiento del consentimiento informado con decisión final de no vacunación por parte del paciente o adulto responsable.
C33: PAI - Jeringa o insumo utilizado en la reconstitución o alistamiento de la vacuna en el contexto de este punto.
A34: 11 | B34: SINIESTRO O ROBO | C34: PAI - Robo de biológico
C35: PAI - Robo de jeringa
C36: PAI - Siniestro
A39: MOTIVOS DE PÉRDIDAS DE VACUNAS CONTRA LA COVID-19 RESOLUCIÓN 0986 DEL 21 DE JUNIO DE 2023 DISPONIBLE EN EL SIGUIENTE LINK: chrome-extension://efaidnbmnnnibpcajpcglclefindmkaj/https://www.minsalud.gov.co/Normatividad_Nuevo/Resoluci%C3%B3n%20No.%20986%20de%202023.pdf
A40: MOVIMIENTO DE BIOLÓGICOS (MB) VS PAIWEB
A42: ÍTEM | B42: MOTIVO DE PERDIDA MOVIMIENTO DE BIOLÓGICO | C42: MOTIVO DE PERDIDA PAIWEB
A43: =+[1]Hoja1!$C$3 -> 1 | B43: POLÍTICA DE FRASCOS ABIERTO | C43: Dosis pérdidas de acuerdo con las indicaciones del laboratorio productor en la estrategia intramural o extramural.
A44: =+[1]Hoja1!$C4 -> 2 | B44: INTERRUPCIÓN DE LA CADENA DE FRÍO | C44: Vacuna COVID-19 con concepto técnico de NO USO por parte del INVIMA.
A45: =+[1]Hoja1!$C5 -> 3 | B45: CONTAMINACIÓN DEL BIOLÓGICO | C45: Corresponde a la cantidad de dosis pérdidas debido a que el vial se contaminó durante el proceso de almacenamiento, alistamiento, envasado, aplicación de la vacuna COVID-19, entre otras, inmersión del vial, agujas permanentes insertadas sobre el tapón del frasco, mala manipulación.
A46: =+[1]Hoja1!$C6 -> 4 | B46: ERROR EN LA MANIPULACIÓN | C46: Corresponde a la aguja mal empatada que provoca pérdida del producto. Derrame o ruptura del biológico durante el alistamiento, reconstitución o administración. Partículas extrañas del tapón al interior del frasco/vial que se identifican posterior al proceso de reconstitución.
A47: =+[1]Hoja1!$C7 -> 5 | B47: ERROR EN LA RECONSTITUCIÓN/DILUCIÓN | C47: Vacuna COVID-19 reconstituida o diluida con diluyente que no le corresponde de acuerdo a las indicaciones del fabricante. Reconstitución o dilución con menor o mayor cantidad de mililitros a los indicados por el fabricante.
A48: =+[1]Hoja1!$C8 -> 6 | B48: ERROR EN LA DOSIFICACIÓN | C48: Corresponde a la persona vacunada contra COVID-19 con mayor o menor cantidad de dosis aplicada respecto a la indicación farmacéutica y los lineamientos nacionales.
A49: =+[1]Hoja1!$C9 -> 7 | B49: VACUNA QUE EXCEDE EL TIEMPO DE ALMACENAMIENTO EN REFRIGERACIÓN | C49: Corresponde a la vacuna que superó los días de almacenamiento en temperaturas de refrigeración de acuerdo a las indicaciones del laboratorio fabricante.
A50: =+[1]Hoja1!$C10 -> 8 | B50: VENCIMIENTO DEL BIOLÓGICO | C50: Corresponde a la vacuna que expiró (venció) de acuerdo con lo registrado en la etiqueta del producto.
A51: =+[1]Hoja1!$C11 -> 9 | B51: FRASCO VIAL ROTO | C51: Corresponde a las dosis de un (unos) viales identificados roto o fracturados durante el proceso de transporte nacional, municipal, IPS o extramural.
A52: =+[1]Hoja1!$C12 -> 10 | B52: FALLAS DE FABRICACIÓN/CALIDAD | C52: Corresponde a frasco/vial de vacuna COVID-19 sin producto, sin etiqueta, cambios de coloración del producto, partículas dentro del vial identificadas previas a la reconstitución, caja incompleta u otros aspectos del producto diferentes al indicado por el fabricante.
A53: 11 | B53: POR DECISIÓN FINAL DEL PACIENTE DE NO VACUNACIÓN | C53: PAI - Reconstitución o alistamiento de la vacuna posterior al consentimiento con decisión final de no vacunación.
C54: PAI - Jeringa o insumo utilizado en la reconstitución o alistamiento de la vacuna en este punto.
A55: 12 | B55: SINIESTRO/ACCIDENTE | C55: Vacuna pérdida en siniestros como inundaciones, incendios, desastres naturales, entre otros.
A56: 13 | B56: ROBO/HURTO BIOLÓGICO | C56: Vacuna COVID-19 que fue hurtada durante el almacenamiento, transporte, distribución a nivel departamental, municipal, IPS o extramural.
A57: 14 | B57: DOSIS QUE NO CUENTAN CON SOPORTE | C57: Corresponde a dosis no soportadas, que no cuentan con algún tipo de registro o soporte de aplicación, registro en inventario o presentado alguna de las otras 12 causales.

Sheet Enero
A1: ÍTEM | B1: INSUMOS | D1: SALDO MES ANTERIOR | E1: BIOLÓGICO RECIBIDO DEL CENTRO DE ACOPIO DEPARTAMENTAL / DISTRITAL | F1: DOSIS APLICADAS | H1: Entradas | I1: Salidas | J1: TOTAL DOSIS APLICADAS | K1: DOSIS PERDIDAS | L1: TOTAL DOSIS ÚTILIZADAS EN EL MES | M1: SALDO QUE INICIA EL MES SIGUIENTE (SOLO MUNICIPIOS) | N1: DOSIS POR LOTES | O1: No. LOTE | P1: LABORATORIO | Q1: FECHA DE VENCIMIENTO | R1: SEMAFORIZACION VIDA ÚTIL DEL BIOLÓGICO | S1: CONDICIÓN FINAL DEL BIOLÓGICO, DILUYENTE Y CARNET | T1: DOSIS EN CUARENTENA | U1: LABORATORIO | V1: No. LOTE | W1: FECHA DE VENCIMEINTO | X1: FECHA DE INICIO CUARENTENA | Y1: PORCENTAJE DE PERDIDA DEL MES | Z1: OBSERVACIONES | AB1: CAUSAS PERDIDA DE BIOLÓGICOS (Remítase a la primera hoja donde se especifica la clasificación de las perdidas) | AO1: TOTAL DOSIS PERDIDAS
F2: DOSIS APLICADAS COLOMBIANOS | G2: DOSIS APLICADAS EXTRANJEROS | H2: DOSIS INGRESADAS POR TRASLADOS DE MUNICIPIOS O IPS | I2: DOSIS TRASLADADAS A OTROS MUNICIPIOS O IPS | AB2: 1 | AE2: 2 | AF2: 3 | AG2: 4 | AH2: 5 | AI2: 6 | AJ2: 7 | AK2: 8 | AL2: 9 | AM2: 10 | AN2: 11
AB3: POLÍTICA DE FRASCOS ABIERTO | AE3: INTERRUPCIÓN DE CADENA DE FRÍO | AF3: CONTAMINACION DEL BIOLÓGICO/DISPOSITIVO MÉDICO | AG3: VIAL ROTO | AH3: ERRORES EN LA MANIPULACIÓN | AI3: VENCIMIENTO DEL BIOLÓGICO O JERINGA | AJ3: FARMACOVIGILANCIA / TECNOVIGILANCIA | AK3: VOMITO FRANCO | AL3: APLICACIÓN FUERA DE LA EDAD | AM3: POR DECISIÓN FINAL DEL PACIENTE DE NO VACUNACIÓN | AN3: SINIESTRO O ROBO
AB4: INSTITUCIONAL | AC4: EXTRAMURAL | AD4: TOTAL
A5: 1 | B5: Vacuna de BCG (Bacilo de Calmette y Guérin) Liofilizada | D5: 40 | F5: 1 | J5: =+F5+G5 -> 1 | K5: =+AO5 -> 9 | L5: =+J5+K5 -> 10 | M5: =+(D5+E5)-(L5)+H5-I5 -> 30 | N5: 39 | O5: 0373M117 | P5: SERUM | Q5: 46203 | R5: =IF(Q5=0," ",IFERROR(IF(DATEDIF(TODAY(),Q5,"M")<=5,"ROJO",IF(DATEDIF(TODAY(),Q5,"M")>=12,"VERDE",IF(AND(DATEDIF(TODAY(),Q5,"M")>=6,DATEDIF(TODAY(),Q5,"M")<=11),"AMARILLO"))),S5)) -> NO VENCIDO | S5: =IF(Q5=0," ",IF(Q5<=$N$4,"VENCIDO","NO VENCIDO")) -> NO VENCIDO | Y5: =+AT5 -> 0 | AB5: 9 | AD5: =+AB5+AC5 -> 9 | AO5: =SUM(AD5:AN9) -> 9
R6: =IF(Q6=0," ",IFERROR(IF(DATEDIF(TODAY(),Q6,"M")<=5,"ROJO",IF(DATEDIF(TODAY(),Q6,"M")>=12,"VERDE",IF(AND(DATEDIF(TODAY(),Q6,"M")>=6,DATEDIF(TODAY(),Q6,"M")<=11),"AMARILLO"))),S6)) | S6: =IF(Q6=0," ",IF(Q6<=$N$4,"VENCIDO","NO VENCIDO"))
R7: =IF(Q7=0," ",IFERROR(IF(DATEDIF(TODAY(),Q7,"M")<=5,"ROJO",IF(DATEDIF(TODAY(),Q7,"M")>=12,"VERDE",IF(AND(DATEDIF(TODAY(),Q7,"M")>=6,DATEDIF(TODAY(),Q7,"M")<=11),"AMARILLO"))),S7)) | S7: =IF(Q7=0," ",IF(Q7<=$N$4,"VENCIDO","NO VENCIDO"))
R8: =IF(Q8=0," ",IFERROR(IF(DATEDIF(TODAY(),Q8,"M")<=5,"ROJO",IF(DATEDIF(TODAY(),Q8,"M")>=12,"VERDE",IF(AND(DATEDIF(TODAY(),Q8,"M")>=6,DATEDIF(TODAY(),Q8,"M")<=11),"AMARILLO"))),S8)) | S8: =IF(Q8=0," ",IF(Q8<=$N$4,"VENCIDO","NO VENCIDO"))
R9: =IF(Q9=0," ",IFERROR(IF(DATEDIF(TODAY(),Q9,"M")<=5,"ROJO",IF(DATEDIF(TODAY(),Q9,"M")>=12,"VERDE",IF(AND(DATEDIF(TODAY(),Q9,"M")>=6,DATEDIF(TODAY(),Q9,"M")<=11),"AMARILLO"))),S9)) | S9: =IF(Q9=0," ",IF(Q9<=$N$4,"VENCIDO","NO VENCIDO"))
M10: =M5=N10 -> FALSE | N10: =SUM(N5:N9) -> 39 | O10: “Verdadero” indica que la cantidad por lote, coincide con el saldo que inicia al mes siguiente. "Falso" no coinicide. | T10: =SUM(T5:T9) -> 0
A11: =A5+1 -> 2 | B11: Vacuna de Hepatitis B Recombinante Pediátrica - Liquida | D11: 14 | F11: 0 | J11: =+F11+G11 -> 0 | K11: =+AO11 -> 0 | L11: =+J11+K11 -> 0 | M11: =+(D11+E11)-(L11)+H11-I11 -> 14 | N11: 14 | O11: 0323X019E | P11: SERUM | Q11: 46173 | R11: =IF(Q11=0," ",IFERROR(IF(DATEDIF(TODAY(),Q11,"M")<=5,"ROJO",IF(DATEDIF(TODAY(),Q11,"M")>=12,"VERDE",IF(AND(DATEDIF(TODAY(),Q11,"M")>=6,DATEDIF(TODAY(),Q11,"M")<=11),"AMARILLO"))),S11)) -> NO VENCIDO | S11: =IF(Q11=0," ",IF(Q11<=$N$4,"VENCIDO","NO VENCIDO")) -> NO VENCIDO | Y11: =+AT11 -> 0 | AD11: =+AB11+AC11 -> 0 | AO11: =SUM(AD11:AN15) -> 0
R12: =IF(Q12=0," ",IFERROR(IF(DATEDIF(TODAY(),Q12,"M")<=5,"ROJO",IF(DATEDIF(TODAY(),Q12,"M")>=12,"VERDE",IF(AND(DATEDIF(TODAY(),Q12,"M")>=6,DATEDIF(TODAY(),Q12,"M")<=11),"AMARILLO"))),S12)) | S12: =IF(Q12=0," ",IF(Q12<=$N$4,"VENCIDO","NO VENCIDO"))
R13: =IF(Q13=0," ",IFERROR(IF(DATEDIF(TODAY(),Q13,"M")<=5,"ROJO",IF(DATEDIF(TODAY(),Q13,"M")>=12,"VERDE",IF(AND(DATEDIF(TODAY(),Q13,"M")>=6,DATEDIF(TODAY(),Q13,"M")<=11),"AMARILLO"))),S13)) | S13: =IF(Q13=0," ",IF(Q13<=$N$4,"VENCIDO","NO VENCIDO"))
R14: =IF(Q14=0," ",IFERROR(IF(DATEDIF(TODAY(),Q14,"M")<=5,"ROJO",IF(DATEDIF(TODAY(),Q14,"M")>=12,"VERDE",IF(AND(DATEDIF(TODAY(),Q14,"M")>=6,DATEDIF(TODAY(),Q14,"M")<=11),"AMARILLO"))),S14)) | S14: =IF(Q14=0," ",IF(Q14<=$N$4,"VENCIDO","NO VENCIDO"))
R15: =IF(Q15=0," ",IFERROR(IF(DATEDIF(TODAY(),Q15,"M")<=5,"ROJO",IF(DATEDIF(TODAY(),Q15,"M")>=12,"VERDE",IF(AND(DATEDIF(TODAY(),Q15,"M")>=6,DATEDIF(TODAY(),Q15,"M")<=11),"AMARILLO"))),S15)) | S15: =IF(Q15=0," ",IF(Q15<=$N$4,"VENCIDO","NO VENCIDO"))
M16: =M11=N16 -> TRUE | N16: =SUM(N11:N15) -> 14 | O16: “Verdadero” indica que la cantidad por lote, coincide con el saldo que inicia al mes siguiente. "Falso" no coinicide. | T16: =SUM(T11:T15) -> 0
A17: =A11+1 -> 3 | B17: Vacuna de Hepatitis B Recombinante Adultos - Liquida | D17: 11 | F17: 5 | J17: =+F17+G17 -> 5 | K17: =+AO17 -> 0 | L17: =+J17+K17 -> 5 | M17: =+(D17+E17)-(L17)+H17-I17 -> 6 | N17: 6 | O17: 0343Q010C | P17: SERUM | Q17: 46233 | R17: =IF(Q17=0," ",IFERROR(IF(DATEDIF(TODAY(),Q17,"M")<=5,"ROJO",IF(DATEDIF(TODAY(),Q17,"M")>=12,"VERDE",IF(AND(DATEDIF(TODAY(),Q17,"M")>=6,DATEDIF(TODAY(),Q17,"M")<=11),"AMARILLO"))),S17)) -> NO VENCIDO | S17: =IF(Q17=0," ",IF(Q17<=$N$4,"VENCIDO","NO VENCIDO")) -> NO VENCIDO | Y17: =+AT17 -> 0 | AD17: =+AB17+AC17 -> 0 | AO17: =SUM(AD17:AN21) -> 0
R18: =IF(Q18=0," ",IFERROR(IF(DATEDIF(TODAY(),Q18,"M")<=5,"ROJO",IF(DATEDIF(TODAY(),Q18,"M")>=12,"VERDE",IF(AND(DATEDIF(TODAY(),Q18,"M")>=6,DATEDIF(TODAY(),Q18,"M")<=11),"AMARILLO"))),S18)) | S18: =IF(Q18=0," ",IF(Q18<=$N$4,"VENCIDO","NO VENCIDO"))
R19: =IF(Q19=0," ",IFERROR(IF(DATEDIF(TODAY(),Q19,"M")<=5,"ROJO",IF(DATEDIF(TODAY(),Q19,"M")>=12,"VERDE",IF(AND(DATEDIF(TODAY(),Q19,"M")>=6,DATEDIF(TODAY(),Q19,"M")<=11),"AMARILLO"))),S19)) | S19: =IF(Q19=0," ",IF(Q19<=$N$4,"VENCIDO","NO VENCIDO"))
R20: =IF(Q20=0," ",IFERROR(IF(DATEDIF(TODAY(),Q20,"M")<=5,"ROJO",IF(DATEDIF(TODAY(),Q20,"M")>=12,"VERDE",IF(AND(DATEDIF(TODAY(),Q20,"M")>=6,DATEDIF(TODAY(),Q20,"M")<=11),"AMARILLO"))),S20)) | S20: =IF(Q20=0," ",IF(Q20<=$N$4,"VENCIDO","NO VENCIDO"))
R21: =IF(Q21=0," ",IFERROR(IF(DATEDIF(TODAY(),Q21,"M")<=5,"ROJO",IF(DATEDIF(TODAY(),Q21,"M")>=12,"VERDE",IF(AND(DATEDIF(TODAY(),Q21,"M")>=6,DATEDIF(TODAY(),Q21,"M")<=11),"AMARILLO"))),S21)) | S21: =IF(Q21=0," ",IF(Q21<=$N$4,"VENCIDO","NO VENCIDO"))
M22: =M17=N22 -> TRUE | N22: =SUM(N17:N21) -> 6 | O22: “Verdadero” indica que la cantidad por lote, coincide con el saldo que inicia al mes siguiente. "Falso" no coinicide. | T22: =SUM(T17:T21) -> 0
A23: =A17+1 -> 4 | B23: Vacuna de Poliovirus Inactiva IPV - Liquida | D23: 65 | F23: 30 | J23: =+F23+G23 -> 30 | K23: =+AO23 -> 0 | L23: =+J23+K23 -> 30 | M23: =+(D23+E23)-(L23)+H23-I23 -> 35 | N23: 35 | O23: 2429006 | P23: BILTHOVEN | Q23: 46450 | R23: =IF(Q23=0," ",IFERROR(IF(DATEDIF(TODAY(),Q23,"M")<=5,"ROJO",IF(DATEDIF(TODAY(),Q23,"M")>=12,"VERDE",IF(AND(DATEDIF(TODAY(),Q23,"M")>=6,DATEDIF(TODAY(),Q23,"M")<=11),"AMARILLO"))),S23)) -> ROJO | S23: =IF(Q23=0," ",IF(Q23<=$N$4,"VENCIDO","NO VENCIDO")) -> NO VENCIDO | Y23: =+AT23 -> 0 | AD23: =+AB23+AC23 -> 0 | AO23: =SUM(AD23:AN27) -> 0
R24: =IF(Q24=0," ",IFERROR(IF(DATEDIF(TODAY(),Q24,"M")<=5,"ROJO",IF(DATEDIF(TODAY(),Q24,"M")>=12,"VERDE",IF(AND(DATEDIF(TODAY(),Q24,"M")>=6,DATEDIF(TODAY(),Q24,"M")<=11),"AMARILLO"))),S24)) | S24: =IF(Q24=0," ",IF(Q24<=$N$4,"VENCIDO","NO VENCIDO"))
R25: =IF(Q25=0," ",IFERROR(IF(DATEDIF(TODAY(),Q25,"M")<=5,"ROJO",IF(DATEDIF(TODAY(),Q25,"M")>=12,"VERDE",IF(AND(DATEDIF(TODAY(),Q25,"M")>=6,DATEDIF(TODAY(),Q25,"M")<=11),"AMARILLO"))),S25)) | S25: =IF(Q25=0," ",IF(Q25<=$N$4,"VENCIDO","NO VENCIDO"))
R26: =IF(Q26=0," ",IFERROR(IF(DATEDIF(TODAY(),Q26,"M")<=5,"ROJO",IF(DATEDIF(TODAY(),Q26,"M")>=12,"VERDE",IF(AND(DATEDIF(TODAY(),Q26,"M")>=6,DATEDIF(TODAY(),Q26,"M")<=11),"AMARILLO"))),S26)) | S26: =IF(Q26=0," ",IF(Q26<=$N$4,"VENCIDO","NO VENCIDO"))
R27: =IF(Q27=0," ",IFERROR(IF(DATEDIF(TODAY(),Q27,"M")<=5,"ROJO",IF(DATEDIF(TODAY(),Q27,"M")>=12,"VERDE",IF(AND(DATEDIF(TODAY(),Q27,"M")>=6,DATEDIF(TODAY(),Q27,"M")<=11),"AMARILLO"))),S27)) | S27: =IF(Q27=0," ",IF(Q27<=$N$4,"VENCIDO","NO VENCIDO"))
M28: =M23=N28 -> TRUE | N28: =SUM(N23:N27) -> 35 | O28: “Verdadero” indica que la cantidad por lote, coincide con el saldo que inicia al mes siguiente. "Falso" no coinicide. | T28: =SUM(T23:T27) -> 0
A29: =A23+1 -> 5 | B29: Vacuna de Difteria - Tos ferina (Celula completa) - Tétanos - Hepatitis B - Haemophilus influenzae tipo B (DTwP-HepB-Hib) PENTAVALENTE PEDIÁTRICA - Liquida | D29: 65 | F29: 17 | J29: =+F29+G29 -> 17 | K29: =+AO29 -> 0 | L29: =+J29+K29 -> 17 | M29: =+(D29+E29)-(L29)+H29-I29 -> 48 | N29: 48 | O29: 2854X013E | P29: SERUM | Q29: 46356 | R29: =IF(Q29=0," ",IFERROR(IF(DATEDIF(TODAY(),Q29,"M")<=5,"ROJO",IF(DATEDIF(TODAY(),Q29,"M")>=12,"VERDE",IF(AND(DATEDIF(TODAY(),Q29,"M")>=6,DATEDIF(TODAY(),Q29,"M")<=11),"AMARILLO"))),S29)) -> ROJO | S29: =IF(Q29=0," ",IF(Q29<=$N$4,"VENCIDO","NO VENCIDO")) -> NO VENCIDO | Y29: =+AT29 -> 0 | AD29: =+AB29+AC29 -> 0 | AO29: =SUM(AD29:AN33) -> 0
R30: =IF(Q30=0," ",IFERROR(IF(DATEDIF(TODAY(),Q30,"M")<=5,"ROJO",IF(DATEDIF(TODAY(),Q30,"M")>=12,"VERDE",IF(AND(DATEDIF(TODAY(),Q30,"M")>=6,DATEDIF(TODAY(),Q30,"M")<=11),"AMARILLO"))),S30)) | S30: =IF(Q30=0," ",IF(Q30<=$N$4,"VENCIDO","NO VENCIDO"))
R31: =IF(Q31=0," ",IFERROR(IF(DATEDIF(TODAY(),Q31,"M")<=5,"ROJO",IF(DATEDIF(TODAY(),Q31,"M")>=12,"VERDE",IF(AND(DATEDIF(TODAY(),Q31,"M")>=6,DATEDIF(TODAY(),Q31,"M")<=11),"AMARILLO"))),S31)) | S31: =IF(Q31=0," ",IF(Q31<=$N$4,"VENCIDO","NO VENCIDO"))
R32: =IF(Q32=0," ",IFERROR(IF(DATEDIF(TODAY(),Q32,"M")<=5,"ROJO",IF(DATEDIF(TODAY(),Q32,"M")>=12,"VERDE",IF(AND(DATEDIF(TODAY(),Q32,"M")>=6,DATEDIF(TODAY(),Q32,"M")<=11),"AMARILLO"))),S32)) | S32: =IF(Q32=0," ",IF(Q32<=$N$4,"VENCIDO","NO VENCIDO"))
R33: =IF(Q33=0," ",IFERROR(IF(DATEDIF(TODAY(),Q33,"M")<=5,"ROJO",IF(DATEDIF(TODAY(),Q33,"M")>=12,"VERDE",IF(AND(DATEDIF(TODAY(),Q33,"M")>=6,DATEDIF(TODAY(),Q33,"M")<=11),"AMARILLO"))),S33)) | S33: =IF(Q33=0," ",IF(Q33<=$N$4,"VENCIDO","NO VENCIDO"))
M34: =M29=N34 -> TRUE | N34: =SUM(N29:N33) -> 48 | O34: “Verdadero” indica que la cantidad por lote, coincide con el saldo que inicia al mes siguiente. "Falso" no coinicide. | T34: =SUM(T29:T33) -> 0
A35: =A29+1 -> 6 | B35: Vacuna de Difteria - Tétanos - Tos ferina acelular - Poliovirus inactivado - Hepatitis B - Haemophilus influenzae tipo B (DTaP-IPV-HepB-Hib (HEXAVALENTE ACELULAR) - Liquida | D35: 3 | F35: 0 | J35: =+F35+G35 -> 0 | K35: =+AO35 -> 0 | L35: =+J35+K35 -> 0 | M35: =+(D35+E35)-(L35)+H35-I35 -> 3 | N35: 3 | O35: 4CA03C1 | P35: SANOFI | Q35: 46325 | R35: =IF(Q35=0," ",IFERROR(IF(DATEDIF(TODAY(),Q35,"M")<=5,"ROJO",IF(DATEDIF(TODAY(),Q35,"M")>=12,"VERDE",IF(AND(DATEDIF(TODAY(),Q35,"M")>=6,DATEDIF(TODAY(),Q35,"M")<=11),"AMARILLO"))),S35)) -> ROJO | S35: =IF(Q35=0," ",IF(Q35<=$N$4,"VENCIDO","NO VENCIDO")) -> NO VENCIDO | Y35: =+AT35 -> 0 | AD35: =+AB35+AC35 -> 0 | AO35: =SUM(AD35:AN39) -> 0
R36: =IF(Q36=0," ",IFERROR(IF(DATEDIF(TODAY(),Q36,"M")<=5,"ROJO",IF(DATEDIF(TODAY(),Q36,"M")>=12,"VERDE",IF(AND(DATEDIF(TODAY(),Q36,"M")>=6,DATEDIF(TODAY(),Q36,"M")<=11),"AMARILLO"))),S36)) | S36: =IF(Q36=0," ",IF(Q36<=$N$4,"VENCIDO","NO VENCIDO"))
R37: =IF(Q37=0," ",IFERROR(IF(DATEDIF(TODAY(),Q37,"M")<=5,"ROJO",IF(DATEDIF(TODAY(),Q37,"M")>=12,"VERDE",IF(AND(DATEDIF(TODAY(),Q37,"M")>=6,DATEDIF(TODAY(),Q37,"M")<=11),"AMARILLO"))),S37)) | S37: =IF(Q37=0," ",IF(Q37<=$N$4,"VENCIDO","NO VENCIDO"))
R38: =IF(Q38=0," ",IFERROR(IF(DATEDIF(TODAY(),Q38,"M")<=5,"ROJO",IF(DATEDIF(TODAY(),Q38,"M")>=12,"VERDE",IF(AND(DATEDIF(TODAY(),Q38,"M")>=6,DATEDIF(TODAY(),Q38,"M")<=11),"AMARILLO"))),S38)) | S38: =IF(Q38=0," ",IF(Q38<=$N$4,"VENCIDO","NO VENCIDO"))
R39: =IF(Q39=0," ",IFERROR(IF(DATEDIF(TODAY(),Q39,"M")<=5,"ROJO",IF(DATEDIF(TODAY(),Q39,"M")>=12,"VERDE",IF(AND(DATEDIF(TODAY(),Q39,"M")>=6,DATEDIF(TODAY(),Q39,"M")<=11),"AMARILLO"))),S39)) | S39: =IF(Q39=0," ",IF(Q39<=$N$4,"VENCIDO","NO VENCIDO"))
M40: =M35=N40 -> TRUE | N40: =SUM(N35:N39) -> 3 | O40: “Verdadero” indica que la cantidad por lote, coincide con el saldo que inicia al mes siguiente. "Falso" no coinicide. | T40: =SUM(T35:T39) -> 0
A41: =A35+1 -> 7 | B41: Vacuna de Difteria - Tos ferina (celula completa)- Tétanos - Hepatitis B - Haemophilus influenzae tipo B - Poliovirus inactivado (DTwP-HepB-Hib-IPV) - HEXAVALENTE DE CÉLULAS COMPLETAS - Liquida | D41: 0 | F41: 0 | J41: =+F41+G41 -> 0 | K41: =+AO41 -> 0 | L41: =+J41+K41 -> 0 | M41: =+(D41+E41)-(L41)+H41-I41 -> 0 | Y41: =+AT41 -> 0 | AD41: =+AB41+AC41 -> 0 | AO41: =SUM(AD41:AN45) -> 0
M46: =M41=N46 -> TRUE | N46: =SUM(N41:N45) -> 0 | O46: “Verdadero” indica que la cantidad por lote, coincide con el saldo que inicia al mes siguiente. "Falso" no coinicide. | T46: =SUM(T41:T45) -> 0
A47: =A41+1 -> 8 | B47: Vacuna de Difteria, Tétano y Tosferina (DPT)- Liquida | D47: 30 | F47: 13 | J47: =+F47+G47 -> 13 | K47: =+AO47 -> 7 | L47: =+J47+K47 -> 20 | M47: =+(D47+E47)-(L47)+H47-I47 -> 10 | N47: 17 | Q47: 46356 | R47: =IF(Q47=0," ",IFERROR(IF(DATEDIF(TODAY(),Q47,"M")<=5,"ROJO",IF(DATEDIF(TODAY(),Q47,"M")>=12,"VERDE",IF(AND(DATEDIF(TODAY(),Q47,"M")>=6,DATEDIF(TODAY(),Q47,"M")<=11),"AMARILLO"))),S47)) -> ROJO | S47: =IF(Q47=0," ",IF(Q47<=$N$4,"VENCIDO","NO VENCIDO")) -> NO VENCIDO | Y47: =+AT47 -> 0 | AB47: 7 | AD47: =+AB47+AC47 -> 7 | AO47: =SUM(AD47:AN51) -> 7
R48: =IF(Q48=0," ",IFERROR(IF(DATEDIF(TODAY(),Q48,"M")<=5,"ROJO",IF(DATEDIF(TODAY(),Q48,"M")>=12,"VERDE",IF(AND(DATEDIF(TODAY(),Q48,"M")>=6,DATEDIF(TODAY(),Q48,"M")<=11),"AMARILLO"))),S48)) | S48: =IF(Q48=0," ",IF(Q48<=$N$4,"VENCIDO","NO VENCIDO"))
R49: =IF(Q49=0," ",IFERROR(IF(DATEDIF(TODAY(),Q49,"M")<=5,"ROJO",IF(DATEDIF(TODAY(),Q49,"M")>=12,"VERDE",IF(AND(DATEDIF(TODAY(),Q49,"M")>=6,DATEDIF(TODAY(),Q49,"M")<=11),"AMARILLO"))),S49)) | S49: =IF(Q49=0," ",IF(Q49<=$N$4,"VENCIDO","NO VENCIDO"))
R50: =IF(Q50=0," ",IFERROR(IF(DATEDIF(TODAY(),Q50,"M")<=5,"ROJO",IF(DATEDIF(TODAY(),Q50,"M")>=12,"VERDE",IF(AND(DATEDIF(TODAY(),Q50,"M")>=6,DATEDIF(TODAY(),Q50,"M")<=11),"AMARILLO"))),S50)) | S50: =IF(Q50=0," ",IF(Q50<=$N$4,"VENCIDO","NO VENCIDO"))
R51: =IF(Q51=0," ",IFERROR(IF(DATEDIF(TODAY(),Q51,"M")<=5,"ROJO",IF(DATEDIF(TODAY(),Q51,"M")>=12,"VERDE",IF(AND(DATEDIF(TODAY(),Q51,"M")>=6,DATEDIF(TODAY(),Q51,"M")<=11),"AMARILLO"))),S51)) | S51: =IF(Q51=0," ",IF(Q51<=$N$4,"VENCIDO","NO VENCIDO"))
M52: =M47=N52 -> FALSE | N52: =SUM(N47:N51) -> 17 | O52: “Verdadero” indica que la cantidad por lote, coincide con el saldo que inicia al mes siguiente. "Falso" no coinicide. | T52: =SUM(T47:T51) -> 0
A53: =A47+1 -> 9 | B53: Vacuna de Difteria-Tétanos-Tos ferina acelular Pertussis (DTaP) Pediátrica - Liquida | D53: 10 | F53: 0 | J53: =+F53+G53 -> 0 | K53: =+AO53 -> 0 | L53: =+J53+K53 -> 0 | M53: =+(D53+E53)-(L53)+H53-I53 -> 10 | N53: 10 | O53: 221100624A | P53: BIOLOGYCAL | Q53: 46356 | R53: =IF(Q53=0," ",IFERROR(IF(DATEDIF(TODAY(),Q53,"M")<=5,"ROJO",IF(DATEDIF(TODAY(),Q53,"M")>=12,"VERDE",IF(AND(DATEDIF(TODAY(),Q53,"M")>=6,DATEDIF(TODAY(),Q53,"M")<=11),"AMARILLO"))),S53)) -> ROJO | S53: =IF(Q53=0," ",IF(Q53<=$N$4,"VENCIDO","NO VENCIDO")) -> NO VENCIDO | Y53: =+AT53 -> 0 | AD53: =+AB53+AC53 -> 0 | AO53: =SUM(AD53:AN57) -> 0
R54: =IF(Q54=0," ",IFERROR(IF(DATEDIF(TODAY(),Q54,"M")<=5,"ROJO",IF(DATEDIF(TODAY(),Q54,"M")>=12,"VERDE",IF(AND(DATEDIF(TODAY(),Q54,"M")>=6,DATEDIF(TODAY(),Q54,"M")<=11),"AMARILLO"))),S54)) | S54: =IF(Q54=0," ",IF(Q54<=$N$4,"VENCIDO","NO VENCIDO"))
R55: =IF(Q55=0," ",IFERROR(IF(DATEDIF(TODAY(),Q55,"M")<=5,"ROJO",IF(DATEDIF(TODAY(),Q55,"M")>=12,"VERDE",IF(AND(DATEDIF(TODAY(),Q55,"M")>=6,DATEDIF(TODAY(),Q55,"M")<=11),"AMARILLO"))),S55)) | S55: =IF(Q55=0," ",IF(Q55<=$N$4,"VENCIDO","NO VENCIDO"))
R56: =IF(Q56=0," ",IFERROR(IF(DATEDIF(TODAY(),Q56,"M")<=5,"ROJO",IF(DATEDIF(TODAY(),Q56,"M")>=12,"VERDE",IF(AND(DATEDIF(TODAY(),Q56,"M")>=6,DATEDIF(TODAY(),Q56,"M")<=11),"AMARILLO"))),S56)) | S56: =IF(Q56=0," ",IF(Q56<=$N$4,"VENCIDO","NO VENCIDO"))
R57: =IF(Q57=0," ",IFERROR(IF(DATEDIF(TODAY(),Q57,"M")<=5,"ROJO",IF(DATEDIF(TODAY(),Q57,"M")>=12,"VERDE",IF(AND(DATEDIF(TODAY(),Q57,"M")>=6,DATEDIF(TODAY(),Q57,"M")<=11),"AMARILLO"))),S57)) | S57: =IF(Q57=0," ",IF(Q57<=$N$4,"VENCIDO","NO VENCIDO"))
M58: =M53=N58 -> TRUE | N58: =SUM(N53:N57) -> 10 | O58: “Verdadero” indica que la cantidad por lote, coincide con el saldo que inicia al mes siguiente. "Falso" no coinicide. | T58: =SUM(T53:T57) -> 0
A59: =A53+1 -> 10 | B59: Vacuna de Rotavirus Liquida (administración oral) | D59: 38 | F59: 8 | J59: =+F59+G59 -> 8 | K59: =+AO59 -> 0 | L59: =+J59+K59 -> 8 | M59: =+(D59+E59)-(L59)+H59-I59 -> 30 | N59: 30 | O59: AROLE197B | P59: GLAXO | Q59: 46418 | R59: =IF(Q59=0," ",IFERROR(IF(DATEDIF(TODAY(),Q59,"M")<=5,"ROJO",IF(DATEDIF(TODAY(),Q59,"M")>=12,"VERDE",IF(AND(DATEDIF(TODAY(),Q59,"M")>=6,DATEDIF(TODAY(),Q59,"M")<=11),"AMARILLO"))),S59)) -> ROJO | S59: =IF(Q59=0," ",IF(Q59<=$N$4,"VENCIDO","NO VENCIDO")) -> NO VENCIDO | Y59: =+AT59 -> 0 | AD59: =+AB59+AC59 -> 0 | AO59: =SUM(AD59:AN63) -> 0
R60: =IF(Q60=0," ",IFERROR(IF(DATEDIF(TODAY(),Q60,"M")<=5,"ROJO",IF(DATEDIF(TODAY(),Q60,"M")>=12,"VERDE",IF(AND(DATEDIF(TODAY(),Q60,"M")>=6,DATEDIF(TODAY(),Q60,"M")<=11),"AMARILLO"))),S60)) | S60: =IF(Q60=0," ",IF(Q60<=$N$4,"VENCIDO","NO VENCIDO"))
R61: =IF(Q61=0," ",IFERROR(IF(DATEDIF(TODAY(),Q61,"M")<=5,"ROJO",IF(DATEDIF(TODAY(),Q61,"M")>=12,"VERDE",IF(AND(DATEDIF(TODAY(),Q61,"M")>=6,DATEDIF(TODAY(),Q61,"M")<=11),"AMARILLO"))),S61)) | S61: =IF(Q61=0," ",IF(Q61<=$N$4,"VENCIDO","NO VENCIDO"))
R62: =IF(Q62=0," ",IFERROR(IF(DATEDIF(TODAY(),Q62,"M")<=5,"ROJO",IF(DATEDIF(TODAY(),Q62,"M")>=12,"VERDE",IF(AND(DATEDIF(TODAY(),Q62,"M")>=6,DATEDIF(TODAY(),Q62,"M")<=11),"AMARILLO"))),S62)) | S62: =IF(Q62=0," ",IF(Q62<=$N$4,"VENCIDO","NO VENCIDO"))
R63: =IF(Q63=0," ",IFERROR(IF(DATEDIF(TODAY(),Q63,"M")<=5,"ROJO",IF(DATEDIF(TODAY(),Q63,"M")>=12,"VERDE",IF(AND(DATEDIF(TODAY(),Q63,"M")>=6,DATEDIF(TODAY(),Q63,"M")<=11),"AMARILLO"))),S63)) | S63: =IF(Q63=0," ",IF(Q63<=$N$4,"VENCIDO","NO VENCIDO"))
M64: =M59=N64 -> TRUE | N64: =SUM(N59:N63) -> 30 | O64: “Verdadero” indica que la cantidad por lote, coincide con el saldo que inicia al mes siguiente. "Falso" no coinicide. | T64: =SUM(T59:T63) -> 0
A65: =A59+1 -> 11 | B65: Vacuna Antineumocócica Conjugada (13-valente) PCV13 - Liquida | D65: 75 | F65: 11 | J65: =+F65+G65 -> 11 | K65: =+AO65 -> 0 | L65: =+J65+K65 -> 11 | M65: =+(D65+E65)-(L65)+H65-I65 -> 64 | N65: 64 | O65: LK3152 | P65: PFIER | Q65: 46538 | R65: =IF(Q65=0," ",IFERROR(IF(DATEDIF(TODAY(),Q65,"M")<=5,"ROJO",IF(DATEDIF(TODAY(),Q65,"M")>=12,"VERDE",IF(AND(DATEDIF(TODAY(),Q65,"M")>=6,DATEDIF(TODAY(),Q65,"M")<=11),"AMARILLO"))),S65)) -> AMARILLO | S65: =IF(Q65=0," ",IF(Q65<=$N$4,"VENCIDO","NO VENCIDO")) -> NO VENCIDO | Y65: =+AT65 -> 0 | AD65: =+AB65+AC65 -> 0 | AO65: =SUM(AD65:AN69) -> 0
R66: =IF(Q66=0," ",IFERROR(IF(DATEDIF(TODAY(),Q66,"M")<=5,"ROJO",IF(DATEDIF(TODAY(),Q66,"M")>=12,"VERDE",IF(AND(DATEDIF(TODAY(),Q66,"M")>=6,DATEDIF(TODAY(),Q66,"M")<=11),"AMARILLO"))),S66)) | S66: =IF(Q66=0," ",IF(Q66<=$N$4,"VENCIDO","NO VENCIDO"))
R67: =IF(Q67=0," ",IFERROR(IF(DATEDIF(TODAY(),Q67,"M")<=5,"ROJO",IF(DATEDIF(TODAY(),Q67,"M")>=12,"VERDE",IF(AND(DATEDIF(TODAY(),Q67,"M")>=6,DATEDIF(TODAY(),Q67,"M")<=11),"AMARILLO"))),S67)) | S67: =IF(Q67=0," ",IF(Q67<=$N$4,"VENCIDO","NO VENCIDO"))
R68: =IF(Q68=0," ",IFERROR(IF(DATEDIF(TODAY(),Q68,"M")<=5,"ROJO",IF(DATEDIF(TODAY(),Q68,"M")>=12,"VERDE",IF(AND(DATEDIF(TODAY(),Q68,"M")>=6,DATEDIF(TODAY(),Q68,"M")<=11),"AMARILLO"))),S68)) | S68: =IF(Q68=0," ",IF(Q68<=$N$4,"VENCIDO","NO VENCIDO"))
R69: =IF(Q69=0," ",IFERROR(IF(DATEDIF(TODAY(),Q69,"M")<=5,"ROJO",IF(DATEDIF(TODAY(),Q69,"M")>=12,"VERDE",IF(AND(DATEDIF(TODAY(),Q69,"M")>=6,DATEDIF(TODAY(),Q69,"M")<=11),"AMARILLO"))),S69)) | S69: =IF(Q69=0," ",IF(Q69<=$N$4,"VENCIDO","NO VENCIDO"))
M70: =M65=N70 -> TRUE | N70: =SUM(N65:N69) -> 64 | O70: “Verdadero” indica que la cantidad por lote, coincide con el saldo que inicia al mes siguiente. "Falso" no coinicide. | T70: =SUM(T65:T69) -> 0
A71: =A65+1 -> 12 | B71: Vacuna Antineumocócica Conjugada (20-valente) PCV20 - Liquida | D71: 0 | F71: 0 | J71: =+F71+G71 -> 0 | K71: =+AO71 -> 0 | L71: =+J71+K71 -> 0 | M71: =+(D71+E71)-(L71)+H71-I71 -> 0 | R71: =IF(Q71=0," ",IFERROR(IF(DATEDIF(TODAY(),Q71,"M")<=5,"ROJO",IF(DATEDIF(TODAY(),Q71,"M")>=12,"VERDE",IF(AND(DATEDIF(TODAY(),Q71,"M")>=6,DATEDIF(TODAY(),Q71,"M")<=11),"AMARILLO"))),S71)) | S71: =IF(Q71=0," ",IF(Q71<=$N$4,"VENCIDO","NO VENCIDO")) | Y71: =+AT71 -> 0 | AD71: =+AB71+AC71 -> 0 | AO71: =SUM(AD71:AN75) -> 0
R72: =IF(Q72=0," ",IFERROR(IF(DATEDIF(TODAY(),Q72,"M")<=5,"ROJO",IF(DATEDIF(TODAY(),Q72,"M")>=12,"VERDE",IF(AND(DATEDIF(TODAY(),Q72,"M")>=6,DATEDIF(TODAY(),Q72,"M")<=11),"AMARILLO"))),S72)) | S72: =IF(Q72=0," ",IF(Q72<=$N$4,"VENCIDO","NO VENCIDO"))
R73: =IF(Q73=0," ",IFERROR(IF(DATEDIF(TODAY(),Q73,"M")<=5,"ROJO",IF(DATEDIF(TODAY(),Q73,"M")>=12,"VERDE",IF(AND(DATEDIF(TODAY(),Q73,"M")>=6,DATEDIF(TODAY(),Q73,"M")<=11),"AMARILLO"))),S73)) | S73: =IF(Q73=0," ",IF(Q73<=$N$4,"VENCIDO","NO VENCIDO"))
R74: =IF(Q74=0," ",IFERROR(IF(DATEDIF(TODAY(),Q74,"M")<=5,"ROJO",IF(DATEDIF(TODAY(),Q74,"M")>=12,"VERDE",IF(AND(DATEDIF(TODAY(),Q74,"M")>=6,DATEDIF(TODAY(),Q74,"M")<=11),"AMARILLO"))),S74)) | S74: =IF(Q74=0," ",IF(Q74<=$N$4,"VENCIDO","NO VENCIDO"))
R75: =IF(Q75=0," ",IFERROR(IF(DATEDIF(TODAY(),Q75,"M")<=5,"ROJO",IF(DATEDIF(TODAY(),Q75,"M")>=12,"VERDE",IF(AND(DATEDIF(TODAY(),Q75,"M")>=6,DATEDIF(TODAY(),Q75,"M")<=11),"AMARILLO"))),S75)) | S75: =IF(Q75=0," ",IF(Q75<=$N$4,"VENCIDO","NO VENCIDO"))
M76: =M71=N76 -> TRUE | N76: =SUM(N71:N75) -> 0 | O76: “Verdadero” indica que la cantidad por lote, coincide con el saldo que inicia al mes siguiente. "Falso" no coinicide. | T76: =SUM(T71:T75) -> 0
A77: =A71+1 -> 13 | B77: Vacuna de Sarampión, Rubeola y Paperas (SRP) (Cepa Leningrado-Zagreb) Liofilizado - Vial x 01 dosis - TRIPLE VIRAL | D77: 47 | F77: 6 | J77: =+F77+G77 -> 6 | K77: =+AO77 -> 0 | L77: =+J77+K77 -> 6 | M77: =+(D77+E77)-(L77)+H77-I77 -> 41 | N77: 41 | O77: 0133N140B | P77: SERUM | Q77: 46265 | R77: =IF(Q77=0," ",IFERROR(IF(DATEDIF(TODAY(),Q77,"M")<=5,"ROJO",IF(DATEDIF(TODAY(),Q77,"M")>=12,"VERDE",IF(AND(DATEDIF(TODAY(),Q77,"M")>=6,DATEDIF(TODAY(),Q77,"M")<=11),"AMARILLO"))),S77)) -> NO VENCIDO | S77: =IF(Q77=0," ",IF(Q77<=$N$4,"VENCIDO","NO VENCIDO")) -> NO VENCIDO | Y77: =+AT77 -> 0 | AD77: =+AB77+AC77 -> 0 | AO77: =SUM(AD77:AN81) -> 0
R78: =IF(Q78=0," ",IFERROR(IF(DATEDIF(TODAY(),Q78,"M")<=5,"ROJO",IF(DATEDIF(TODAY(),Q78,"M")>=12,"VERDE",IF(AND(DATEDIF(TODAY(),Q78,"M")>=6,DATEDIF(TODAY(),Q78,"M")<=11),"AMARILLO"))),S78)) | S78: =IF(Q78=0," ",IF(Q78<=$N$4,"VENCIDO","NO VENCIDO"))
R79: =IF(Q79=0," ",IFERROR(IF(DATEDIF(TODAY(),Q79,"M")<=5,"ROJO",IF(DATEDIF(TODAY(),Q79,"M")>=12,"VERDE",IF(AND(DATEDIF(TODAY(),Q79,"M")>=6,DATEDIF(TODAY(),Q79,"M")<=11),"AMARILLO"))),S79)) | S79: =IF(Q79=0," ",IF(Q79<=$N$4,"VENCIDO","NO VENCIDO"))
R80: =IF(Q80=0," ",IFERROR(IF(DATEDIF(TODAY(),Q80,"M")<=5,"ROJO",IF(DATEDIF(TODAY(),Q80,"M")>=12,"VERDE",IF(AND(DATEDIF(TODAY(),Q80,"M")>=6,DATEDIF(TODAY(),Q80,"M")<=11),"AMARILLO"))),S80)) | S80: =IF(Q80=0," ",IF(Q80<=$N$4,"VENCIDO","NO VENCIDO"))
R81: =IF(Q81=0," ",IFERROR(IF(DATEDIF(TODAY(),Q81,"M")<=5,"ROJO",IF(DATEDIF(TODAY(),Q81,"M")>=12,"VERDE",IF(AND(DATEDIF(TODAY(),Q81,"M")>=6,DATEDIF(TODAY(),Q81,"M")<=11),"AMARILLO"))),S81)) | S81: =IF(Q81=0," ",IF(Q81<=$N$4,"VENCIDO","NO VENCIDO"))
M82: =M77=N82 -> TRUE | N82: =SUM(N77:N81) -> 41 | O82: “Verdadero” indica que la cantidad por lote, coincide con el saldo que inicia al mes siguiente. "Falso" no coinicide. | T82: =SUM(T77:T81) -> 0
A83: =A77+1 -> 14 | B83: Vacuna de Sarampión, Rubeola y Paperas (SRP) (Cepa Leningrado-Zagreb) Liofilizado - Vial x 05 dosis - TRIPLE VIRAL | D83: 0 | F83: 0 | J83: =+F83+G83 -> 0 | K83: =+AO83 -> 0 | L83: =+J83+K83 -> 0 | M83: =+(D83+E83)-(L83)+H83-I83 -> 0 | R83: =IF(Q83=0," ",IFERROR(IF(DATEDIF(TODAY(),Q83,"M")<=5,"ROJO",IF(DATEDIF(TODAY(),Q83,"M")>=12,"VERDE",IF(AND(DATEDIF(TODAY(),Q83,"M")>=6,DATEDIF(TODAY(),Q83,"M")<=11),"AMARILLO"))),S83)) | S83: =IF(Q83=0," ",IF(Q83<=$N$4,"VENCIDO","NO VENCIDO")) | Y83: =+AT83 -> 0 | AD83: =+AB83+AC83 -> 0 | AO83: =SUM(AD83:AN87) -> 0
R84: =IF(Q84=0," ",IFERROR(IF(DATEDIF(TODAY(),Q84,"M")<=5,"ROJO",IF(DATEDIF(TODAY(),Q84,"M")>=12,"VERDE",IF(AND(DATEDIF(TODAY(),Q84,"M")>=6,DATEDIF(TODAY(),Q84,"M")<=11),"AMARILLO"))),S84)) | S84: =IF(Q84=0," ",IF(Q84<=$N$4,"VENCIDO","NO VENCIDO"))
R85: =IF(Q85=0," ",IFERROR(IF(DATEDIF(TODAY(),Q85,"M")<=5,"ROJO",IF(DATEDIF(TODAY(),Q85,"M")>=12,"VERDE",IF(AND(DATEDIF(TODAY(),Q85,"M")>=6,DATEDIF(TODAY(),Q85,"M")<=11),"AMARILLO"))),S85)) | S85: =IF(Q85=0," ",IF(Q85<=$N$4,"VENCIDO","NO VENCIDO"))
R86: =IF(Q86=0," ",IFERROR(IF(DATEDIF(TODAY(),Q86,"M")<=5,"ROJO",IF(DATEDIF(TODAY(),Q86,"M")>=12,"VERDE",IF(AND(DATEDIF(TODAY(),Q86,"M")>=6,DATEDIF(TODAY(),Q86,"M")<=11),"AMARILLO"))),S86)) | S86: =IF(Q86=0," ",IF(Q86<=$N$4,"VENCIDO","NO VENCIDO"))
R87: =IF(Q87=0," ",IFERROR(IF(DATEDIF(TODAY(),Q87,"M")<=5,"ROJO",IF(DATEDIF(TODAY(),Q87,"M")>=12,"VERDE",IF(AND(DATEDIF(TODAY(),Q87,"M")>=6,DATEDIF(TODAY(),Q87,"M")<=11),"AMARILLO"))),S87)) | S87: =IF(Q87=0," ",IF(Q87<=$N$4,"VENCIDO","NO VENCIDO"))
M88: =M83=N88 -> TRUE | N88: =SUM(N83:N87) -> 0 | O88: “Verdadero” indica que la cantidad por lote, coincide con el saldo que inicia al mes siguiente. "Falso" no coinicide. | T88: =SUM(T83:T87) -> 0
A89: =A83+1 -> 15 | B89: Vacuna de Sarampión, Rubeola y Paperas (SRP) (Cepa Leningrado-Zagreb) Liofilizado - Vial x 10 dosis - TRIPLE VIRAL | D89: 0 | F89: 0 | J89: =+F89+G89 -> 0 | K89: =+AO89 -> 0 | L89: =+J89+K89 -> 0 | M89: =+(D89+E89)-(L89)+H89-I89 -> 0 | R89: =IF(Q89=0," ",IFERROR(IF(DATEDIF(TODAY(),Q89,"M")<=5,"ROJO",IF(DATEDIF(TODAY(),Q89,"M")>=12,"VERDE",IF(AND(DATEDIF(TODAY(),Q89,"M")>=6,DATEDIF(TODAY(),Q89,"M")<=11),"AMARILLO"))),S89)) | S89: =IF(Q89=0," ",IF(Q89<=$N$4,"VENCIDO","NO VENCIDO")) | Y89: =+AT89 -> 0 | AD89: =+AB89+AC89 -> 0 | AO89: =SUM(AD89:AN93) -> 0
R90: =IF(Q90=0," ",IFERROR(IF(DATEDIF(TODAY(),Q90,"M")<=5,"ROJO",IF(DATEDIF(TODAY(),Q90,"M")>=12,"VERDE",IF(AND(DATEDIF(TODAY(),Q90,"M")>=6,DATEDIF(TODAY(),Q90,"M")<=11),"AMARILLO"))),S90)) | S90: =IF(Q90=0," ",IF(Q90<=$N$4,"VENCIDO","NO VENCIDO"))
R91: =IF(Q91=0," ",IFERROR(IF(DATEDIF(TODAY(),Q91,"M")<=5,"ROJO",IF(DATEDIF(TODAY(),Q91,"M")>=12,"VERDE",IF(AND(DATEDIF(TODAY(),Q91,"M")>=6,DATEDIF(TODAY(),Q91,"M")<=11),"AMARILLO"))),S91)) | S91: =IF(Q91=0," ",IF(Q91<=$N$4,"VENCIDO","NO VENCIDO"))
R92: =IF(Q92=0," ",IFERROR(IF(DATEDIF(TODAY(),Q92,"M")<=5,"ROJO",IF(DATEDIF(TODAY(),Q92,"M")>=12,"VERDE",IF(AND(DATEDIF(TODAY(),Q92,"M")>=6,DATEDIF(TODAY(),Q92,"M")<=11),"AMARILLO"))),S92)) | S92: =IF(Q92=0," ",IF(Q92<=$N$4,"VENCIDO","NO VENCIDO"))
R93: =IF(Q93=0," ",IFERROR(IF(DATEDIF(TODAY(),Q93,"M")<=5,"ROJO",IF(DATEDIF(TODAY(),Q93,"M")>=12,"VERDE",IF(AND(DATEDIF(TODAY(),Q93,"M")>=6,DATEDIF(TODAY(),Q93,"M")<=11),"AMARILLO"))),S93)) | S93: =IF(Q93=0," ",IF(Q93<=$N$4,"VENCIDO","NO VENCIDO"))
M94: =M89=N94 -> TRUE | N94: =SUM(N89:N93) -> 0 | O94: “Verdadero” indica que la cantidad por lote, coincide con el saldo que inicia al mes siguiente. "Falso" no coinicide. | T94: =SUM(T89:T93) -> 0
A95: =A89+1 -> 16 | B95: Vacuna de Sarampión Rubeola (SR) Liofilizada - Vial x 01 dosis -DOBLE VIRAL | D95: 23 | F95: 1 | J95: =+F95+G95 -> 1 | K95: =+AO95 -> 0 | L95: =+J95+K95 -> 1 | M95: =+(D95+E95)-(L95)+H95-I95 -> 22 | N95: 22 | O95: 0094W002 | P95: SERUM | Q95: 46356 | R95: =IF(Q95=0," ",IFERROR(IF(DATEDIF(TODAY(),Q95,"M")<=5,"ROJO",IF(DATEDIF(TODAY(),Q95,"M")>=12,"VERDE",IF(AND(DATEDIF(TODAY(),Q95,"M")>=6,DATEDIF(TODAY(),Q95,"M")<=11),"AMARILLO"))),S95)) -> ROJO | S95: =IF(Q95=0," ",IF(Q95<=$N$4,"VENCIDO","NO VENCIDO")) -> NO VENCIDO | Y95: =+AT95 -> 0 | AD95: =+AB95+AC95 -> 0 | AO95: =SUM(AD95:AN99) -> 0
R96: =IF(Q96=0," ",IFERROR(IF(DATEDIF(TODAY(),Q96,"M")<=5,"ROJO",IF(DATEDIF(TODAY(),Q96,"M")>=12,"VERDE",IF(AND(DATEDIF(TODAY(),Q96,"M")>=6,DATEDIF(TODAY(),Q96,"M")<=11),"AMARILLO"))),S96)) | S96: =IF(Q96=0," ",IF(Q96<=$N$4,"VENCIDO","NO VENCIDO"))
R97: =IF(Q97=0," ",IFERROR(IF(DATEDIF(TODAY(),Q97,"M")<=5,"ROJO",IF(DATEDIF(TODAY(),Q97,"M")>=12,"VERDE",IF(AND(DATEDIF(TODAY(),Q97,"M")>=6,DATEDIF(TODAY(),Q97,"M")<=11),"AMARILLO"))),S97)) | S97: =IF(Q97=0," ",IF(Q97<=$N$4,"VENCIDO","NO VENCIDO"))
R98: =IF(Q98=0," ",IFERROR(IF(DATEDIF(TODAY(),Q98,"M")<=5,"ROJO",IF(DATEDIF(TODAY(),Q98,"M")>=12,"VERDE",IF(AND(DATEDIF(TODAY(),Q98,"M")>=6,DATEDIF(TODAY(),Q98,"M")<=11),"AMARILLO"))),S98)) | S98: =IF(Q98=0," ",IF(Q98<=$N$4,"VENCIDO","NO VENCIDO"))
R99: =IF(Q99=0," ",IFERROR(IF(DATEDIF(TODAY(),Q99,"M")<=5,"ROJO",IF(DATEDIF(TODAY(),Q99,"M")>=12,"VERDE",IF(AND(DATEDIF(TODAY(),Q99,"M")>=6,DATEDIF(TODAY(),Q99,"M")<=11),"AMARILLO"))),S99)) | S99: =IF(Q99=0," ",IF(Q99<=$N$4,"VENCIDO","NO VENCIDO"))
M100: =M95=N100 -> TRUE | N100: =SUM(N95:N99) -> 22 | O100: “Verdadero” indica que la cantidad por lote, coincide con el saldo que inicia al mes siguiente. "Falso" no coinicide. | T100: =SUM(T95:T99) -> 0
A101: =A95+1 -> 17 | B101: Vacuna de Sarampión Rubeola (SR) Liofilizada - Vial x 10 dosis - DOBLE VIRAL | D101: 0 | F101: 0 | J101: =+F101+G101 -> 0 | K101: =+AO101 -> 0 | L101: =+J101+K101 -> 0 | M101: =+(D101+E101)-(L101)+H101-I101 -> 0 | R101: =IF(Q101=0," ",IFERROR(IF(DATEDIF(TODAY(),Q101,"M")<=5,"ROJO",IF(DATEDIF(TODAY(),Q101,"M")>=12,"VERDE",IF(AND(DATEDIF(TODAY(),Q101,"M")>=6,DATEDIF(TODAY(),Q101,"M")<=11),"AMARILLO"))),S101)) | S101: =IF(Q101=0," ",IF(Q101<=$N$4,"VENCIDO","NO VENCIDO")) | Y101: =+AT101 -> 0 | AD101: =+AB101+AC101 -> 0 | AO101: =SUM(AD101:AN105) -> 0
R102: =IF(Q102=0," ",IFERROR(IF(DATEDIF(TODAY(),Q102,"M")<=5,"ROJO",IF(DATEDIF(TODAY(),Q102,"M")>=12,"VERDE",IF(AND(DATEDIF(TODAY(),Q102,"M")>=6,DATEDIF(TODAY(),Q102,"M")<=11),"AMARILLO"))),S102)) | S102: =IF(Q102=0," ",IF(Q102<=$N$4,"VENCIDO","NO VENCIDO"))
R103: =IF(Q103=0," ",IFERROR(IF(DATEDIF(TODAY(),Q103,"M")<=5,"ROJO",IF(DATEDIF(TODAY(),Q103,"M")>=12,"VERDE",IF(AND(DATEDIF(TODAY(),Q103,"M")>=6,DATEDIF(TODAY(),Q103,"M")<=11),"AMARILLO"))),S103)) | S103: =IF(Q103=0," ",IF(Q103<=$N$4,"VENCIDO","NO VENCIDO"))
R104: =IF(Q104=0," ",IFERROR(IF(DATEDIF(TODAY(),Q104,"M")<=5,"ROJO",IF(DATEDIF(TODAY(),Q104,"M")>=12,"VERDE",IF(AND(DATEDIF(TODAY(),Q104,"M")>=6,DATEDIF(TODAY(),Q104,"M")<=11),"AMARILLO"))),S104)) | S104: =IF(Q104=0," ",IF(Q104<=$N$4,"VENCIDO","NO VENCIDO"))
...

Sheet Febrero
A1: ÍTEM | B1: INSUMOS | D1: SALDO MES ANTERIOR | E1: BIOLÓGICO RECIBIDO DEL CENTRO DE ACOPIO DEPARTAMENTAL / DISTRITAL | F1: DOSIS APLICADAS | H1: Entradas | I1: Salidas | J1: TOTAL DOSIS APLICADAS | K1: DOSIS PERDIDAS | L1: TOTAL DOSIS ÚTILIZADAS EN EL MES | M1: SALDO QUE INICIA EL MES SIGUIENTE (SOLO MUNICIPIOS) | N1: DOSIS POR LOTES | O1: No. LOTE | P1: LABORATORIO | Q1: FECHA DE VENCIMIENTO | R1: SEMAFORIZACION VIDA ÚTIL DEL BIOLÓGICO | S1: CONDICIÓN FINAL DEL BIOLÓGICO, DILUYENTE Y CARNET | T1: DOSIS EN CUARENTENA | U1: LABORATORIO | V1: No. LOTE | W1: FECHA DE VENCIMEINTO | X1: FECHA DE INICIO CUARENTENA | Y1: PORCENTAJE DE PERDIDA DEL MES | Z1: OBSERVACIONES | AB1: CAUSAS PERDIDA DE BIOLÓGICOS (Remítase a la primera hoja donde se especifica la clasificación de las perdidas) | AO1: TOTAL DOSIS PERDIDAS
F2: DOSIS APLICADAS COLOMBIANOS | G2: DOSIS APLICADAS EXTRANJEROS | H2: DOSIS INGRESADAS POR TRASLADOS DE MUNICIPIOS O IPS | I2: DOSIS TRASLADADAS A OTROS MUNICIPIOS O IPS | AB2: 1 | AE2: 2 | AF2: 3 | AG2: 4 | AH2: 5 | AI2: 6 | AJ2: 7 | AK2: 8 | AL2: 9 | AM2: 10 | AN2: 11
AB3: POLÍTICA DE FRASCOS ABIERTO | AE3: INTERRUPCIÓN DE CADENA DE FRÍO | AF3: CONTAMINACION DEL BIOLÓGICO/DISPOSITIVO MÉDICO | AG3: VIAL ROTO | AH3: ERRORES EN LA MANIPULACIÓN | AI3: VENCIMIENTO DEL BIOLÓGICO O JERINGA | AJ3: FARMACOVIGILANCIA / TECNOVIGILANCIA | AK3: VOMITO FRANCO | AL3: APLICACIÓN FUERA DE LA EDAD | AM3: POR DECISIÓN FINAL DEL PACIENTE DE NO VACUNACIÓN | AN3: SINIESTRO O ROBO
AB4: INSTITUCIONAL | AC4: EXTRAMURAL | AD4: TOTAL
A5: 1 | B5: Vacuna de BCG (Bacilo de Calmette y Guérin) Liofilizada | D5: =+Enero!M5 -> 30 | F5: 1 | J5: =+F5+G5 -> 1 | K5: =+AO5 -> 9 | L5: =+J5+K5 -> 10 | M5: =+(D5+E5)-(L5)+H5-I5 -> 20 | N5: 20 | O5: 0373M117 | P5: SERUM | Q5: 46203 | R5: =IF(Q5=0," ",IFERROR(IF(DATEDIF(TODAY(),Q5,"M")<=5,"ROJO",IF(DATEDIF(TODAY(),Q5,"M")>=12,"VERDE",IF(AND(DATEDIF(TODAY(),Q5,"M")>=6,DATEDIF(TODAY(),Q5,"M")<=11),"AMARILLO"))),S5)) -> NO VENCIDO | S5: =IF(Q5=0," ",IF(Q5<=$N$4,"VENCIDO","NO VENCIDO")) -> NO VENCIDO | Y5: =+AT5 -> 0 | AB5: 9 | AD5: =+AB5+AC5 -> 9 | AO5: =SUM(AD5:AN9) -> 9
R6: =IF(Q6=0," ",IFERROR(IF(DATEDIF(TODAY(),Q6,"M")<=5,"ROJO",IF(DATEDIF(TODAY(),Q6,"M")>=12,"VERDE",IF(AND(DATEDIF(TODAY(),Q6,"M")>=6,DATEDIF(TODAY(),Q6,"M")<=11),"AMARILLO"))),S6)) | S6: =IF(Q6=0," ",IF(Q6<=$N$4,"VENCIDO","NO VENCIDO"))
R7: =IF(Q7=0," ",IFERROR(IF(DATEDIF(TODAY(),Q7,"M")<=5,"ROJO",IF(DATEDIF(TODAY(),Q7,"M")>=12,"VERDE",IF(AND(DATEDIF(TODAY(),Q7,"M")>=6,DATEDIF(TODAY(),Q7,"M")<=11),"AMARILLO"))),S7)) | S7: =IF(Q7=0," ",IF(Q7<=$N$4,"VENCIDO","NO VENCIDO"))
R8: =IF(Q8=0," ",IFERROR(IF(DATEDIF(TODAY(),Q8,"M")<=5,"ROJO",IF(DATEDIF(TODAY(),Q8,"M")>=12,"VERDE",IF(AND(DATEDIF(TODAY(),Q8,"M")>=6,DATEDIF(TODAY(),Q8,"M")<=11),"AMARILLO"))),S8)) | S8: =IF(Q8=0," ",IF(Q8<=$N$4,"VENCIDO","NO VENCIDO"))
R9: =IF(Q9=0," ",IFERROR(IF(DATEDIF(TODAY(),Q9,"M")<=5,"ROJO",IF(DATEDIF(TODAY(),Q9,"M")>=12,"VERDE",IF(AND(DATEDIF(TODAY(),Q9,"M")>=6,DATEDIF(TODAY(),Q9,"M")<=11),"AMARILLO"))),S9)) | S9: =IF(Q9=0," ",IF(Q9<=$N$4,"VENCIDO","NO VENCIDO"))
M10: =M5=N10 -> TRUE | N10: =SUM(N5:N9) -> 20 | O10: “Verdadero” indica que la cantidad por lote, coincide con el saldo que inicia al mes siguiente. "Falso" no coinicide. | T10: =SUM(T5:T9) -> 0
A11: =A5+1 -> 2 | B11: Vacuna de Hepatitis B Recombinante Pediátrica - Liquida | D11: =+Enero!M11 -> 14 | E11: 10 | J11: =+F11+G11 -> 0 | K11: =+AO11 -> 0 | L11: =+J11+K11 -> 0 | M11: =+(D11+E11)-(L11)+H11-I11 -> 24 | N11: 10 | O11: 0324L013A | P11: SERUM | Q11: 46721 | R11: =IF(Q11=0," ",IFERROR(IF(DATEDIF(TODAY(),Q11,"M")<=5,"ROJO",IF(DATEDIF(TODAY(),Q11,"M")>=12,"VERDE",IF(AND(DATEDIF(TODAY(),Q11,"M")>=6,DATEDIF(TODAY(),Q11,"M")<=11),"AMARILLO"))),S11)) -> VERDE | S11: =IF(Q11=0," ",IF(Q11<=$N$4,"VENCIDO","NO VENCIDO")) -> NO VENCIDO | Y11: =+AT11 -> 0 | AD11: =+AB11+AC11 -> 0 | AO11: =SUM(AD11:AN15) -> 0
N12: 14 | O12: 0323X019E | P12: SERUM | Q12: 46173 | R12: =IF(Q12=0," ",IFERROR(IF(DATEDIF(TODAY(),Q12,"M")<=5,"ROJO",IF(DATEDIF(TODAY(),Q12,"M")>=12,"VERDE",IF(AND(DATEDIF(TODAY(),Q12,"M")>=6,DATEDIF(TODAY(),Q12,"M")<=11),"AMARILLO"))),S12)) -> NO VENCIDO | S12: =IF(Q12=0," ",IF(Q12<=$N$4,"VENCIDO","NO VENCIDO")) -> NO VENCIDO
R13: =IF(Q13=0," ",IFERROR(IF(DATEDIF(TODAY(),Q13,"M")<=5,"ROJO",IF(DATEDIF(TODAY(),Q13,"M")>=12,"VERDE",IF(AND(DATEDIF(TODAY(),Q13,"M")>=6,DATEDIF(TODAY(),Q13,"M")<=11),"AMARILLO"))),S13)) | S13: =IF(Q13=0," ",IF(Q13<=$N$4,"VENCIDO","NO VENCIDO"))
R14: =IF(Q14=0," ",IFERROR(IF(DATEDIF(TODAY(),Q14,"M")<=5,"ROJO",IF(DATEDIF(TODAY(),Q14,"M")>=12,"VERDE",IF(AND(DATEDIF(TODAY(),Q14,"M")>=6,DATEDIF(TODAY(),Q14,"M")<=11),"AMARILLO"))),S14)) | S14: =IF(Q14=0," ",IF(Q14<=$N$4,"VENCIDO","NO VENCIDO"))
R15: =IF(Q15=0," ",IFERROR(IF(DATEDIF(TODAY(),Q15,"M")<=5,"ROJO",IF(DATEDIF(TODAY(),Q15,"M")>=12,"VERDE",IF(AND(DATEDIF(TODAY(),Q15,"M")>=6,DATEDIF(TODAY(),Q15,"M")<=11),"AMARILLO"))),S15)) | S15: =IF(Q15=0," ",IF(Q15<=$N$4,"VENCIDO","NO VENCIDO"))
M16: =M11=N16 -> TRUE | N16: =SUM(N11:N15) -> 24 | O16: “Verdadero” indica que la cantidad por lote, coincide con el saldo que inicia al mes siguiente. "Falso" no coinicide. | T16: =SUM(T11:T15) -> 0
A17: =A11+1 -> 3 | B17: Vacuna de Hepatitis B Recombinante Adultos - Liquida | D17: =+Enero!M17 -> 6 | F17: 5 | J17: =+F17+G17 -> 5 | K17: =+AO17 -> 0 | L17: =+J17+K17 -> 5 | M17: =+(D17+E17)-(L17)+H17-I17 -> 1 | N17: 1 | O17: 0343Q010C | P17: SERUM | Q17: 46233 | R17: =IF(Q17=0," ",IFERROR(IF(DATEDIF(TODAY(),Q17,"M")<=5,"ROJO",IF(DATEDIF(TODAY(),Q17,"M")>=12,"VERDE",IF(AND(DATEDIF(TODAY(),Q17,"M")>=6,DATEDIF(TODAY(),Q17,"M")<=11),"AMARILLO"))),S17)) -> NO VENCIDO | S17: =IF(Q17=0," ",IF(Q17<=$N$4,"VENCIDO","NO VENCIDO")) -> NO VENCIDO | Y17: =+AT17 -> 0 | AD17: =+AB17+AC17 -> 0 | AO17: =SUM(AD17:AN21) -> 0
R18: =IF(Q18=0," ",IFERROR(IF(DATEDIF(TODAY(),Q18,"M")<=5,"ROJO",IF(DATEDIF(TODAY(),Q18,"M")>=12,"VERDE",IF(AND(DATEDIF(TODAY(),Q18,"M")>=6,DATEDIF(TODAY(),Q18,"M")<=11),"AMARILLO"))),S18)) | S18: =IF(Q18=0," ",IF(Q18<=$N$4,"VENCIDO","NO VENCIDO"))
R19: =IF(Q19=0," ",IFERROR(IF(DATEDIF(TODAY(),Q19,"M")<=5,"ROJO",IF(DATEDIF(TODAY(),Q19,"M")>=12,"VERDE",IF(AND(DATEDIF(TODAY(),Q19,"M")>=6,DATEDIF(TODAY(),Q19,"M")<=11),"AMARILLO"))),S19)) | S19: =IF(Q19=0," ",IF(Q19<=$N$4,"VENCIDO","NO VENCIDO"))
R20: =IF(Q20=0," ",IFERROR(IF(DATEDIF(TODAY(),Q20,"M")<=5,"ROJO",IF(DATEDIF(TODAY(),Q20,"M")>=12,"VERDE",IF(AND(DATEDIF(TODAY(),Q20,"M")>=6,DATEDIF(TODAY(),Q20,"M")<=11),"AMARILLO"))),S20)) | S20: =IF(Q20=0," ",IF(Q20<=$N$4,"VENCIDO","NO VENCIDO"))
R21: =IF(Q21=0," ",IFERROR(IF(DATEDIF(TODAY(),Q21,"M")<=5,"ROJO",IF(DATEDIF(TODAY(),Q21,"M")>=12,"VERDE",IF(AND(DATEDIF(TODAY(),Q21,"M")>=6,DATEDIF(TODAY(),Q21,"M")<=11),"AMARILLO"))),S21)) | S21: =IF(Q21=0," ",IF(Q21<=$N$4,"VENCIDO","NO VENCIDO"))
M22: =M17=N22 -> TRUE | N22: =SUM(N17:N21) -> 1 | O22: “Verdadero” indica que la cantidad por lote, coincide con el saldo que inicia al mes siguiente. "Falso" no coinicide. | T22: =SUM(T17:T21) -> 0
A23: =A17+1 -> 4 | B23: Vacuna de Poliovirus Inactiva IPV - Liquida | D23: =+Enero!M23 -> 35 | E23: 50 | F23: 27 | J23: =+F23+G23 -> 27 | K23: =+AO23 -> 0 | L23: =+J23+K23 -> 27 | M23: =+(D23+E23)-(L23)+H23-I23 -> 58 | N23: 8 | O23: 2429006 | P23: BILTHOVEN | Q23: 46450 | R23: =IF(Q23=0," ",IFERROR(IF(DATEDIF(TODAY(),Q23,"M")<=5,"ROJO",IF(DATEDIF(TODAY(),Q23,"M")>=12,"VERDE",IF(AND(DATEDIF(TODAY(),Q23,"M")>=6,DATEDIF(TODAY(),Q23,"M")<=11),"AMARILLO"))),S23)) -> ROJO | S23: =IF(Q23=0," ",IF(Q23<=$N$4,"VENCIDO","NO VENCIDO")) -> NO VENCIDO | Y23: =+AT23 -> 0 | AD23: =+AB23+AC23 -> 0 | AO23: =SUM(AD23:AN27) -> 0
N24: 50 | O24: 2435007 | P24: BILTHOVEN | Q24: 46521 | R24: =IF(Q24=0," ",IFERROR(IF(DATEDIF(TODAY(),Q24,"M")<=5,"ROJO",IF(DATEDIF(TODAY(),Q24,"M")>=12,"VERDE",IF(AND(DATEDIF(TODAY(),Q24,"M")>=6,DATEDIF(TODAY(),Q24,"M")<=11),"AMARILLO"))),S24)) -> AMARILLO | S24: =IF(Q24=0," ",IF(Q24<=$N$4,"VENCIDO","NO VENCIDO")) -> NO VENCIDO
R25: =IF(Q25=0," ",IFERROR(IF(DATEDIF(TODAY(),Q25,"M")<=5,"ROJO",IF(DATEDIF(TODAY(),Q25,"M")>=12,"VERDE",IF(AND(DATEDIF(TODAY(),Q25,"M")>=6,DATEDIF(TODAY(),Q25,"M")<=11),"AMARILLO"))),S25)) | S25: =IF(Q25=0," ",IF(Q25<=$N$4,"VENCIDO","NO VENCIDO"))
R26: =IF(Q26=0," ",IFERROR(IF(DATEDIF(TODAY(),Q26,"M")<=5,"ROJO",IF(DATEDIF(TODAY(),Q26,"M")>=12,"VERDE",IF(AND(DATEDIF(TODAY(),Q26,"M")>=6,DATEDIF(TODAY(),Q26,"M")<=11),"AMARILLO"))),S26)) | S26: =IF(Q26=0," ",IF(Q26<=$N$4,"VENCIDO","NO VENCIDO"))
R27: =IF(Q27=0," ",IFERROR(IF(DATEDIF(TODAY(),Q27,"M")<=5,"ROJO",IF(DATEDIF(TODAY(),Q27,"M")>=12,"VERDE",IF(AND(DATEDIF(TODAY(),Q27,"M")>=6,DATEDIF(TODAY(),Q27,"M")<=11),"AMARILLO"))),S27)) | S27: =IF(Q27=0," ",IF(Q27<=$N$4,"VENCIDO","NO VENCIDO"))
M28: =M23=N28 -> TRUE | N28: =SUM(N23:N27) -> 58 | O28: “Verdadero” indica que la cantidad por lote, coincide con el saldo que inicia al mes siguiente. "Falso" no coinicide. | T28: =SUM(T23:T27) -> 0
A29: =A23+1 -> 5 | B29: Vacuna de Difteria - Tos ferina (Celula completa) - Tétanos - Hepatitis B - Haemophilus influenzae tipo B (DTwP-HepB-Hib) PENTAVALENTE PEDIÁTRICA - Liquida | D29: =+Enero!M29 -> 48 | F29: 19 | J29: =+F29+G29 -> 19 | K29: =+AO29 -> 0 | L29: =+J29+K29 -> 19 | M29: =+(D29+E29)-(L29)+H29-I29 -> 29 | N29: 29 | O29: 2854X013E | P29: SERUM | Q29: 46356 | R29: =IF(Q29=0," ",IFERROR(IF(DATEDIF(TODAY(),Q29,"M")<=5,"ROJO",IF(DATEDIF(TODAY(),Q29,"M")>=12,"VERDE",IF(AND(DATEDIF(TODAY(),Q29,"M")>=6,DATEDIF(TODAY(),Q29,"M")<=11),"AMARILLO"))),S29)) -> ROJO | S29: =IF(Q29=0," ",IF(Q29<=$N$4,"VENCIDO","NO VENCIDO")) -> NO VENCIDO | Y29: =+AT29 -> 0 | AD29: =+AB29+AC29 -> 0 | AO29: =SUM(AD29:AN33) -> 0
R30: =IF(Q30=0," ",IFERROR(IF(DATEDIF(TODAY(),Q30,"M")<=5,"ROJO",IF(DATEDIF(TODAY(),Q30,"M")>=12,"VERDE",IF(AND(DATEDIF(TODAY(),Q30,"M")>=6,DATEDIF(TODAY(),Q30,"M")<=11),"AMARILLO"))),S30)) | S30: =IF(Q30=0," ",IF(Q30<=$N$4,"VENCIDO","NO VENCIDO"))
R31: =IF(Q31=0," ",IFERROR(IF(DATEDIF(TODAY(),Q31,"M")<=5,"ROJO",IF(DATEDIF(TODAY(),Q31,"M")>=12,"VERDE",IF(AND(DATEDIF(TODAY(),Q31,"M")>=6,DATEDIF(TODAY(),Q31,"M")<=11),"AMARILLO"))),S31)) | S31: =IF(Q31=0," ",IF(Q31<=$N$4,"VENCIDO","NO VENCIDO"))
R32: =IF(Q32=0," ",IFERROR(IF(DATEDIF(TODAY(),Q32,"M")<=5,"ROJO",IF(DATEDIF(TODAY(),Q32,"M")>=12,"VERDE",IF(AND(DATEDIF(TODAY(),Q32,"M")>=6,DATEDIF(TODAY(),Q32,"M")<=11),"AMARILLO"))),S32)) | S32: =IF(Q32=0," ",IF(Q32<=$N$4,"VENCIDO","NO VENCIDO"))
R33: =IF(Q33=0," ",IFERROR(IF(DATEDIF(TODAY(),Q33,"M")<=5,"ROJO",IF(DATEDIF(TODAY(),Q33,"M")>=12,"VERDE",IF(AND(DATEDIF(TODAY(),Q33,"M")>=6,DATEDIF(TODAY(),Q33,"M")<=11),"AMARILLO"))),S33)) | S33: =IF(Q33=0," ",IF(Q33<=$N$4,"VENCIDO","NO VENCIDO"))
M34: =M29=N34 -> TRUE | N34: =SUM(N29:N33) -> 29 | O34: “Verdadero” indica que la cantidad por lote, coincide con el saldo que inicia al mes siguiente. "Falso" no coinicide. | T34: =SUM(T29:T33) -> 0
A35: =A29+1 -> 6 | B35: Vacuna de Difteria - Tétanos - Tos ferina acelular - Poliovirus inactivado - Hepatitis B - Haemophilus influenzae tipo B (DTaP-IPV-HepB-Hib (HEXAVALENTE ACELULAR) - Liquida | D35: =+Enero!M35 -> 3 | J35: =+F35+G35 -> 0 | K35: =+AO35 -> 0 | L35: =+J35+K35 -> 0 | M35: =+(D35+E35)-(L35)+H35-I35 -> 3 | N35: 3 | O35: 4CA03C1 | P35: SANOFI | Q35: 46325 | R35: =IF(Q35=0," ",IFERROR(IF(DATEDIF(TODAY(),Q35,"M")<=5,"ROJO",IF(DATEDIF(TODAY(),Q35,"M")>=12,"VERDE",IF(AND(DATEDIF(TODAY(),Q35,"M")>=6,DATEDIF(TODAY(),Q35,"M")<=11),"AMARILLO"))),S35)) -> ROJO | S35: =IF(Q35=0," ",IF(Q35<=$N$4,"VENCIDO","NO VENCIDO")) -> NO VENCIDO | Y35: =+AT35 -> 0 | AD35: =+AB35+AC35 -> 0 | AO35: =SUM(AD35:AN39) -> 0
R36: =IF(Q36=0," ",IFERROR(IF(DATEDIF(TODAY(),Q36,"M")<=5,"ROJO",IF(DATEDIF(TODAY(),Q36,"M")>=12,"VERDE",IF(AND(DATEDIF(TODAY(),Q36,"M")>=6,DATEDIF(TODAY(),Q36,"M")<=11),"AMARILLO"))),S36)) | S36: =IF(Q36=0," ",IF(Q36<=$N$4,"VENCIDO","NO VENCIDO"))
R37: =IF(Q37=0," ",IFERROR(IF(DATEDIF(TODAY(),Q37,"M")<=5,"ROJO",IF(DATEDIF(TODAY(),Q37,"M")>=12,"VERDE",IF(AND(DATEDIF(TODAY(),Q37,"M")>=6,DATEDIF(TODAY(),Q37,"M")<=11),"AMARILLO"))),S37)) | S37: =IF(Q37=0," ",IF(Q37<=$N$4,"VENCIDO","NO VENCIDO"))
R38: =IF(Q38=0," ",IFERROR(IF(DATEDIF(TODAY(),Q38,"M")<=5,"ROJO",IF(DATEDIF(TODAY(),Q38,"M")>=12,"VERDE",IF(AND(DATEDIF(TODAY(),Q38,"M")>=6,DATEDIF(TODAY(),Q38,"M")<=11),"AMARILLO"))),S38)) | S38: =IF(Q38=0," ",IF(Q38<=$N$4,"VENCIDO","NO VENCIDO"))
R39: =IF(Q39=0," ",IFERROR(IF(DATEDIF(TODAY(),Q39,"M")<=5,"ROJO",IF(DATEDIF(TODAY(),Q39,"M")>=12,"VERDE",IF(AND(DATEDIF(TODAY(),Q39,"M")>=6,DATEDIF(TODAY(),Q39,"M")<=11),"AMARILLO"))),S39)) | S39: =IF(Q39=0," ",IF(Q39<=$N$4,"VENCIDO","NO VENCIDO"))
M40: =M35=N40 -> TRUE | N40: =SUM(N35:N39) -> 3 | O40: “Verdadero” indica que la cantidad por lote, coincide con el saldo que inicia al mes siguiente. "Falso" no coinicide. | T40: =SUM(T35:T39) -> 0
A41: =A35+1 -> 7 | B41: Vacuna de Difteria - Tos ferina (celula completa)- Tétanos - Hepatitis B - Haemophilus influenzae tipo B - Poliovirus inactivado (DTwP-HepB-Hib-IPV) - HEXAVALENTE DE CÉLULAS COMPLETAS - Liquida | D41: =+Enero!M41 -> 0 | J41: =+F41+G41 -> 0 | K41: =+AO41 -> 0 | L41: =+J41+K41 -> 0 | M41: =+(D41+E41)-(L41)+H41-I41 -> 0 | Y41: =+AT41 -> 0 | AD41: =+AB41+AC41 -> 0 | AO41: =SUM(AD41:AN45) -> 0
M46: =M41=N46 -> TRUE | N46: =SUM(N41:N45) -> 0 | O46: “Verdadero” indica que la cantidad por lote, coincide con el saldo que inicia al mes siguiente. "Falso" no coinicide. | T46: =SUM(T41:T45) -> 0
A47: =A41+1 -> 8 | B47: Vacuna de Difteria, Tétano y Tosferina (DPT)- Liquida | D47: =+Enero!M47 -> 10 | E47: 20 | F47: 8 | J47: =+F47+G47 -> 8 | K47: =+AO47 -> 0 | L47: =+J47+K47 -> 8 | M47: =+(D47+E47)-(L47)+H47-I47 -> 22 | N47: 2 | O47: 221100624A | P47: BIOLOGICAL | Q47: 46356 | R47: =IF(Q47=0," ",IFERROR(IF(DATEDIF(TODAY(),Q47,"M")<=5,"ROJO",IF(DATEDIF(TODAY(),Q47,"M")>=12,"VERDE",IF(AND(DATEDIF(TODAY(),Q47,"M")>=6,DATEDIF(TODAY(),Q47,"M")<=11),"AMARILLO"))),S47)) -> ROJO | S47: =IF(Q47=0," ",IF(Q47<=$N$4,"VENCIDO","NO VENCIDO")) -> NO VENCIDO | Y47: =+AT47 -> 0 | AD47: =+AB47+AC47 -> 0 | AO47: =SUM(AD47:AN51) -> 0
N48: 20 | O48: 221100624A | P48: BIOLOGICAL | Q48: 46356 | R48: =IF(Q48=0," ",IFERROR(IF(DATEDIF(TODAY(),Q48,"M")<=5,"ROJO",IF(DATEDIF(TODAY(),Q48,"M")>=12,"VERDE",IF(AND(DATEDIF(TODAY(),Q48,"M")>=6,DATEDIF(TODAY(),Q48,"M")<=11),"AMARILLO"))),S48)) -> ROJO | S48: =IF(Q48=0," ",IF(Q48<=$N$4,"VENCIDO","NO VENCIDO")) -> NO VENCIDO
R49: =IF(Q49=0," ",IFERROR(IF(DATEDIF(TODAY(),Q49,"M")<=5,"ROJO",IF(DATEDIF(TODAY(),Q49,"M")>=12,"VERDE",IF(AND(DATEDIF(TODAY(),Q49,"M")>=6,DATEDIF(TODAY(),Q49,"M")<=11),"AMARILLO"))),S49)) | S49: =IF(Q49=0," ",IF(Q49<=$N$4,"VENCIDO","NO VENCIDO"))
R50: =IF(Q50=0," ",IFERROR(IF(DATEDIF(TODAY(),Q50,"M")<=5,"ROJO",IF(DATEDIF(TODAY(),Q50,"M")>=12,"VERDE",IF(AND(DATEDIF(TODAY(),Q50,"M")>=6,DATEDIF(TODAY(),Q50,"M")<=11),"AMARILLO"))),S50)) | S50: =IF(Q50=0," ",IF(Q50<=$N$4,"VENCIDO","NO VENCIDO"))
R51: =IF(Q51=0," ",IFERROR(IF(DATEDIF(TODAY(),Q51,"M")<=5,"ROJO",IF(DATEDIF(TODAY(),Q51,"M")>=12,"VERDE",IF(AND(DATEDIF(TODAY(),Q51,"M")>=6,DATEDIF(TODAY(),Q51,"M")<=11),"AMARILLO"))),S51)) | S51: =IF(Q51=0," ",IF(Q51<=$N$4,"VENCIDO","NO VENCIDO"))
M52: =M47=N52 -> TRUE | N52: =SUM(N47:N51) -> 22 | O52: “Verdadero” indica que la cantidad por lote, coincide con el saldo que inicia al mes siguiente. "Falso" no coinicide. | T52: =SUM(T47:T51) -> 0
A53: =A47+1 -> 9 | B53: Vacuna de Difteria-Tétanos-Tos ferina acelular Pertussis (DTaP) Pediátrica - Liquida | D53: =+Enero!M53 -> 10 | J53: =+F53+G53 -> 0 | K53: =+AO53 -> 0 | L53: =+J53+K53 -> 0 | M53: =+(D53+E53)-(L53)+H53-I53 -> 10 | N53: 10 | O53: 221100624A | P53: BIOLOGYCAL | Q53: 46356 | R53: =IF(Q53=0," ",IFERROR(IF(DATEDIF(TODAY(),Q53,"M")<=5,"ROJO",IF(DATEDIF(TODAY(),Q53,"M")>=12,"VERDE",IF(AND(DATEDIF(TODAY(),Q53,"M")>=6,DATEDIF(TODAY(),Q53,"M")<=11),"AMARILLO"))),S53)) -> ROJO | S53: =IF(Q53=0," ",IF(Q53<=$N$4,"VENCIDO","NO VENCIDO")) -> NO VENCIDO | Y53: =+AT53 -> 0 | AD53: =+AB53+AC53 -> 0 | AO53: =SUM(AD53:AN57) -> 0
R54: =IF(Q54=0," ",IFERROR(IF(DATEDIF(TODAY(),Q54,"M")<=5,"ROJO",IF(DATEDIF(TODAY(),Q54,"M")>=12,"VERDE",IF(AND(DATEDIF(TODAY(),Q54,"M")>=6,DATEDIF(TODAY(),Q54,"M")<=11),"AMARILLO"))),S54)) | S54: =IF(Q54=0," ",IF(Q54<=$N$4,"VENCIDO","NO VENCIDO"))
R55: =IF(Q55=0," ",IFERROR(IF(DATEDIF(TODAY(),Q55,"M")<=5,"ROJO",IF(DATEDIF(TODAY(),Q55,"M")>=12,"VERDE",IF(AND(DATEDIF(TODAY(),Q55,"M")>=6,DATEDIF(TODAY(),Q55,"M")<=11),"AMARILLO"))),S55)) | S55: =IF(Q55=0," ",IF(Q55<=$N$4,"VENCIDO","NO VENCIDO"))
R56: =IF(Q56=0," ",IFERROR(IF(DATEDIF(TODAY(),Q56,"M")<=5,"ROJO",IF(DATEDIF(TODAY(),Q56,"M")>=12,"VERDE",IF(AND(DATEDIF(TODAY(),Q56,"M")>=6,DATEDIF(TODAY(),Q56,"M")<=11),"AMARILLO"))),S56)) | S56: =IF(Q56=0," ",IF(Q56<=$N$4,"VENCIDO","NO VENCIDO"))
R57: =IF(Q57=0," ",IFERROR(IF(DATEDIF(TODAY(),Q57,"M")<=5,"ROJO",IF(DATEDIF(TODAY(),Q57,"M")>=12,"VERDE",IF(AND(DATEDIF(TODAY(),Q57,"M")>=6,DATEDIF(TODAY(),Q57,"M")<=11),"AMARILLO"))),S57)) | S57: =IF(Q57=0," ",IF(Q57<=$N$4,"VENCIDO","NO VENCIDO"))
M58: =M53=N58 -> TRUE | N58: =SUM(N53:N57) -> 10 | O58: “Verdadero” indica que la cantidad por lote, coincide con el saldo que inicia al mes siguiente. "Falso" no coinicide. | T58: =SUM(T53:T57) -> 0
A59: =A53+1 -> 10 | B59: Vacuna de Rotavirus Liquida (administración oral) | D59: =+Enero!M59 -> 30 | F59: 10 | J59: =+F59+G59 -> 10 | K59: =+AO59 -> 0 | L59: =+J59+K59 -> 10 | M59: =+(D59+E59)-(L59)+H59-I59 -> 20 | N59: 20 | O59: AROLE197B | P59: GLAXO | Q59: 46418 | R59: =IF(Q59=0," ",IFERROR(IF(DATEDIF(TODAY(),Q59,"M")<=5,"ROJO",IF(DATEDIF(TODAY(),Q59,"M")>=12,"VERDE",IF(AND(DATEDIF(TODAY(),Q59,"M")>=6,DATEDIF(TODAY(),Q59,"M")<=11),"AMARILLO"))),S59)) -> ROJO | S59: =IF(Q59=0," ",IF(Q59<=$N$4,"VENCIDO","NO VENCIDO")) -> NO VENCIDO | Y59: =+AT59 -> 0 | AD59: =+AB59+AC59 -> 0 | AO59: =SUM(AD59:AN63) -> 0
R60: =IF(Q60=0," ",IFERROR(IF(DATEDIF(TODAY(),Q60,"M")<=5,"ROJO",IF(DATEDIF(TODAY(),Q60,"M")>=12,"VERDE",IF(AND(DATEDIF(TODAY(),Q60,"M")>=6,DATEDIF(TODAY(),Q60,"M")<=11),"AMARILLO"))),S60)) | S60: =IF(Q60=0," ",IF(Q60<=$N$4,"VENCIDO","NO VENCIDO"))
R61: =IF(Q61=0," ",IFERROR(IF(DATEDIF(TODAY(),Q61,"M")<=5,"ROJO",IF(DATEDIF(TODAY(),Q61,"M")>=12,"VERDE",IF(AND(DATEDIF(TODAY(),Q61,"M")>=6,DATEDIF(TODAY(),Q61,"M")<=11),"AMARILLO"))),S61)) | S61: =IF(Q61=0," ",IF(Q61<=$N$4,"VENCIDO","NO VENCIDO"))
R62: =IF(Q62=0," ",IFERROR(IF(DATEDIF(TODAY(),Q62,"M")<=5,"ROJO",IF(DATEDIF(TODAY(),Q62,"M")>=12,"VERDE",IF(AND(DATEDIF(TODAY(),Q62,"M")>=6,DATEDIF(TODAY(),Q62,"M")<=11),"AMARILLO"))),S62)) | S62: =IF(Q62=0," ",IF(Q62<=$N$4,"VENCIDO","NO VENCIDO"))
R63: =IF(Q63=0," ",IFERROR(IF(DATEDIF(TODAY(),Q63,"M")<=5,"ROJO",IF(DATEDIF(TODAY(),Q63,"M")>=12,"VERDE",IF(AND(DATEDIF(TODAY(),Q63,"M")>=6,DATEDIF(TODAY(),Q63,"M")<=11),"AMARILLO"))),S63)) | S63: =IF(Q63=0," ",IF(Q63<=$N$4,"VENCIDO","NO VENCIDO"))
M64: =M59=N64 -> TRUE | N64: =SUM(N59:N63) -> 20 | O64: “Verdadero” indica que la cantidad por lote, coincide con el saldo que inicia al mes siguiente. "Falso" no coinicide. | T64: =SUM(T59:T63) -> 0
A65: =A59+1 -> 11 | B65: Vacuna Antineumocócica Conjugada (13-valente) PCV13 - Liquida | D65: =+Enero!M65 -> 64 | F65: 16 | J65: =+F65+G65 -> 16 | K65: =+AO65 -> 0 | L65: =+J65+K65 -> 16 | M65: =+(D65+E65)-(L65)+H65-I65 -> 48 | N65: 48 | O65: LK3152 | P65: PFIER | Q65: 46538 | R65: =IF(Q65=0," ",IFERROR(IF(DATEDIF(TODAY(),Q65,"M")<=5,"ROJO",IF(DATEDIF(TODAY(),Q65,"M")>=12,"VERDE",IF(AND(DATEDIF(TODAY(),Q65,"M")>=6,DATEDIF(TODAY(),Q65,"M")<=11),"AMARILLO"))),S65)) -> AMARILLO | S65: =IF(Q65=0," ",IF(Q65<=$N$4,"VENCIDO","NO VENCIDO")) -> NO VENCIDO | Y65: =+AT65 -> 0 | AD65: =+AB65+AC65 -> 0 | AO65: =SUM(AD65:AN69) -> 0
R66: =IF(Q66=0," ",IFERROR(IF(DATEDIF(TODAY(),Q66,"M")<=5,"ROJO",IF(DATEDIF(TODAY(),Q66,"M")>=12,"VERDE",IF(AND(DATEDIF(TODAY(),Q66,"M")>=6,DATEDIF(TODAY(),Q66,"M")<=11),"AMARILLO"))),S66)) | S66: =IF(Q66=0," ",IF(Q66<=$N$4,"VENCIDO","NO VENCIDO"))
R67: =IF(Q67=0," ",IFERROR(IF(DATEDIF(TODAY(),Q67,"M")<=5,"ROJO",IF(DATEDIF(TODAY(),Q67,"M")>=12,"VERDE",IF(AND(DATEDIF(TODAY(),Q67,"M")>=6,DATEDIF(TODAY(),Q67,"M")<=11),"AMARILLO"))),S67)) | S67: =IF(Q67=0," ",IF(Q67<=$N$4,"VENCIDO","NO VENCIDO"))
R68: =IF(Q68=0," ",IFERROR(IF(DATEDIF(TODAY(),Q68,"M")<=5,"ROJO",IF(DATEDIF(TODAY(),Q68,"M")>=12,"VERDE",IF(AND(DATEDIF(TODAY(),Q68,"M")>=6,DATEDIF(TODAY(),Q68,"M")<=11),"AMARILLO"))),S68)) | S68: =IF(Q68=0," ",IF(Q68<=$N$4,"VENCIDO","NO VENCIDO"))
R69: =IF(Q69=0," ",IFERROR(IF(DATEDIF(TODAY(),Q69,"M")<=5,"ROJO",IF(DATEDIF(TODAY(),Q69,"M")>=12,"VERDE",IF(AND(DATEDIF(TODAY(),Q69,"M")>=6,DATEDIF(TODAY(),Q69,"M")<=11),"AMARILLO"))),S69)) | S69: =IF(Q69=0," ",IF(Q69<=$N$4,"VENCIDO","NO VENCIDO"))
M70: =M65=N70 -> TRUE | N70: =SUM(N65:N69) -> 48 | O70: “Verdadero” indica que la cantidad por lote, coincide con el saldo que inicia al mes siguiente. "Falso" no coinicide. | T70: =SUM(T65:T69) -> 0
A71: =A65+1 -> 12 | B71: Vacuna Antineumocócica Conjugada (20-valente) PCV20 - Liquida | D71: =+Enero!M71 -> 0 | J71: =+F71+G71 -> 0 | K71: =+AO71 -> 0 | L71: =+J71+K71 -> 0 | M71: =+(D71+E71)-(L71)+H71-I71 -> 0 | R71: =IF(Q71=0," ",IFERROR(IF(DATEDIF(TODAY(),Q71,"M")<=5,"ROJO",IF(DATEDIF(TODAY(),Q71,"M")>=12,"VERDE",IF(AND(DATEDIF(TODAY(),Q71,"M")>=6,DATEDIF(TODAY(),Q71,"M")<=11),"AMARILLO"))),S71)) | S71: =IF(Q71=0," ",IF(Q71<=$N$4,"VENCIDO","NO VENCIDO")) | Y71: =+AT71 -> 0 | AD71: =+AB71+AC71 -> 0 | AO71: =SUM(AD71:AN75) -> 0
R72: =IF(Q72=0," ",IFERROR(IF(DATEDIF(TODAY(),Q72,"M")<=5,"ROJO",IF(DATEDIF(TODAY(),Q72,"M")>=12,"VERDE",IF(AND(DATEDIF(TODAY(),Q72,"M")>=6,DATEDIF(TODAY(),Q72,"M")<=11),"AMARILLO"))),S72)) | S72: =IF(Q72=0," ",IF(Q72<=$N$4,"VENCIDO","NO VENCIDO"))
R73: =IF(Q73=0," ",IFERROR(IF(DATEDIF(TODAY(),Q73,"M")<=5,"ROJO",IF(DATEDIF(TODAY(),Q73,"M")>=12,"VERDE",IF(AND(DATEDIF(TODAY(),Q73,"M")>=6,DATEDIF(TODAY(),Q73,"M")<=11),"AMARILLO"))),S73)) | S73: =IF(Q73=0," ",IF(Q73<=$N$4,"VENCIDO","NO VENCIDO"))
R74: =IF(Q74=0," ",IFERROR(IF(DATEDIF(TODAY(),Q74,"M")<=5,"ROJO",IF(DATEDIF(TODAY(),Q74,"M")>=12,"VERDE",IF(AND(DATEDIF(TODAY(),Q74,"M")>=6,DATEDIF(TODAY(),Q74,"M")<=11),"AMARILLO"))),S74)) | S74: =IF(Q74=0," ",IF(Q74<=$N$4,"VENCIDO","NO VENCIDO"))
R75: =IF(Q75=0," ",IFERROR(IF(DATEDIF(TODAY(),Q75,"M")<=5,"ROJO",IF(DATEDIF(TODAY(),Q75,"M")>=12,"VERDE",IF(AND(DATEDIF(TODAY(),Q75,"M")>=6,DATEDIF(TODAY(),Q75,"M")<=11),"AMARILLO"))),S75)) | S75: =IF(Q75=0," ",IF(Q75<=$N$4,"VENCIDO","NO VENCIDO"))
M76: =M71=N76 -> TRUE | N76: =SUM(N71:N75) -> 0 | O76: “Verdadero” indica que la cantidad por lote, coincide con el saldo que inicia al mes siguiente. "Falso" no coinicide. | T76: =SUM(T71:T75) -> 0
A77: =A71+1 -> 13 | B77: Vacuna de Sarampión, Rubeola y Paperas (SRP) (Cepa Leningrado-Zagreb) Liofilizado - Vial x 01 dosis - TRIPLE VIRAL | D77: =+Enero!M77 -> 41 | F77: 10 | J77: =+F77+G77 -> 10 | K77: =+AO77 -> 0 | L77: =+J77+K77 -> 10 | M77: =+(D77+E77)-(L77)+H77-I77 -> 31 | N77: 31 | O77: 0133N140B | P77: SERUM | Q77: 46265 | R77: =IF(Q77=0," ",IFERROR(IF(DATEDIF(TODAY(),Q77,"M")<=5,"ROJO",IF(DATEDIF(TODAY(),Q77,"M")>=12,"VERDE",IF(AND(DATEDIF(TODAY(),Q77,"M")>=6,DATEDIF(TODAY(),Q77,"M")<=11),"AMARILLO"))),S77)) -> NO VENCIDO | S77: =IF(Q77=0," ",IF(Q77<=$N$4,"VENCIDO","NO VENCIDO")) -> NO VENCIDO | Y77: =+AT77 -> 0 | AD77: =+AB77+AC77 -> 0 | AO77: =SUM(AD77:AN81) -> 0
R78: =IF(Q78=0," ",IFERROR(IF(DATEDIF(TODAY(),Q78,"M")<=5,"ROJO",IF(DATEDIF(TODAY(),Q78,"M")>=12,"VERDE",IF(AND(DATEDIF(TODAY(),Q78,"M")>=6,DATEDIF(TODAY(),Q78,"M")<=11),"AMARILLO"))),S78)) | S78: =IF(Q78=0," ",IF(Q78<=$N$4,"VENCIDO","NO VENCIDO"))
R79: =IF(Q79=0," ",IFERROR(IF(DATEDIF(TODAY(),Q79,"M")<=5,"ROJO",IF(DATEDIF(TODAY(),Q79,"M")>=12,"VERDE",IF(AND(DATEDIF(TODAY(),Q79,"M")>=6,DATEDIF(TODAY(),Q79,"M")<=11),"AMARILLO"))),S79)) | S79: =IF(Q79=0," ",IF(Q79<=$N$4,"VENCIDO","NO VENCIDO"))
R80: =IF(Q80=0," ",IFERROR(IF(DATEDIF(TODAY(),Q80,"M")<=5,"ROJO",IF(DATEDIF(TODAY(),Q80,"M")>=12,"VERDE",IF(AND(DATEDIF(TODAY(),Q80,"M")>=6,DATEDIF(TODAY(),Q80,"M")<=11),"AMARILLO"))),S80)) | S80: =IF(Q80=0," ",IF(Q80<=$N$4,"VENCIDO","NO VENCIDO"))
R81: =IF(Q81=0," ",IFERROR(IF(DATEDIF(TODAY(),Q81,"M")<=5,"ROJO",IF(DATEDIF(TODAY(),Q81,"M")>=12,"VERDE",IF(AND(DATEDIF(TODAY(),Q81,"M")>=6,DATEDIF(TODAY(),Q81,"M")<=11),"AMARILLO"))),S81)) | S81: =IF(Q81=0," ",IF(Q81<=$N$4,"VENCIDO","NO VENCIDO"))
M82: =M77=N82 -> TRUE | N82: =SUM(N77:N81) -> 31 | O82: “Verdadero” indica que la cantidad por lote, coincide con el saldo que inicia al mes siguiente. "Falso" no coinicide. | T82: =SUM(T77:T81) -> 0
A83: =A77+1 -> 14 | B83: Vacuna de Sarampión, Rubeola y Paperas (SRP) (Cepa Leningrado-Zagreb) Liofilizado - Vial x 05 dosis - TRIPLE VIRAL | D83: =+Enero!M83 -> 0 | J83: =+F83+G83 -> 0 | K83: =+AO83 -> 0 | L83: =+J83+K83 -> 0 | M83: =+(D83+E83)-(L83)+H83-I83 -> 0 | R83: =IF(Q83=0," ",IFERROR(IF(DATEDIF(TODAY(),Q83,"M")<=5,"ROJO",IF(DATEDIF(TODAY(),Q83,"M")>=12,"VERDE",IF(AND(DATEDIF(TODAY(),Q83,"M")>=6,DATEDIF(TODAY(),Q83,"M")<=11),"AMARILLO"))),S83)) | S83: =IF(Q83=0," ",IF(Q83<=$N$4,"VENCIDO","NO VENCIDO")) | Y83: =+AT83 -> 0 | AD83: =+AB83+AC83 -> 0 | AO83: =SUM(AD83:AN87) -> 0
R84: =IF(Q84=0," ",IFERROR(IF(DATEDIF(TODAY(),Q84,"M")<=5,"ROJO",IF(DATEDIF(TODAY(),Q84,"M")>=12,"VERDE",IF(AND(DATEDIF(TODAY(),Q84,"M")>=6,DATEDIF(TODAY(),Q84,"M")<=11),"AMARILLO"))),S84)) | S84: =IF(Q84=0," ",IF(Q84<=$N$4,"VENCIDO","NO VENCIDO"))
R85: =IF(Q85=0," ",IFERROR(IF(DATEDIF(TODAY(),Q85,"M")<=5,"ROJO",IF(DATEDIF(TODAY(),Q85,"M")>=12,"VERDE",IF(AND(DATEDIF(TODAY(),Q85,"M")>=6,DATEDIF(TODAY(),Q85,"M")<=11),"AMARILLO"))),S85)) | S85: =IF(Q85=0," ",IF(Q85<=$N$4,"VENCIDO","NO VENCIDO"))
R86: =IF(Q86=0," ",IFERROR(IF(DATEDIF(TODAY(),Q86,"M")<=5,"ROJO",IF(DATEDIF(TODAY(),Q86,"M")>=12,"VERDE",IF(AND(DATEDIF(TODAY(),Q86,"M")>=6,DATEDIF(TODAY(),Q86,"M")<=11),"AMARILLO"))),S86)) | S86: =IF(Q86=0," ",IF(Q86<=$N$4,"VENCIDO","NO VENCIDO"))
R87: =IF(Q87=0," ",IFERROR(IF(DATEDIF(TODAY(),Q87,"M")<=5,"ROJO",IF(DATEDIF(TODAY(),Q87,"M")>=12,"VERDE",IF(AND(DATEDIF(TODAY(),Q87,"M")>=6,DATEDIF(TODAY(),Q87,"M")<=11),"AMARILLO"))),S87)) | S87: =IF(Q87=0," ",IF(Q87<=$N$4,"VENCIDO","NO VENCIDO"))
M88: =M83=N88 -> TRUE | N88: =SUM(N83:N87) -> 0 | O88: “Verdadero” indica que la cantidad por lote, coincide con el saldo que inicia al mes siguiente. "Falso" no coinicide. | T88: =SUM(T83:T87) -> 0
A89: =A83+1 -> 15 | B89: Vacuna de Sarampión, Rubeola y Paperas (SRP) (Cepa Leningrado-Zagreb) Liofilizado - Vial x 10 dosis - TRIPLE VIRAL | D89: =+Enero!M89 -> 0 | J89: =+F89+G89 -> 0 | K89: =+AO89 -> 0 | L89: =+J89+K89 -> 0 | M89: =+(D89+E89)-(L89)+H89-I89 -> 0 | R89: =IF(Q89=0," ",IFERROR(IF(DATEDIF(TODAY(),Q89,"M")<=5,"ROJO",IF(DATEDIF(TODAY(),Q89,"M")>=12,"VERDE",IF(AND(DATEDIF(TODAY(),Q89,"M")>=6,DATEDIF(TODAY(),Q89,"M")<=11),"AMARILLO"))),S89)) | S89: =IF(Q89=0," ",IF(Q89<=$N$4,"VENCIDO","NO VENCIDO")) | Y89: =+AT89 -> 0 | AD89: =+AB89+AC89 -> 0 | AO89: =SUM(AD89:AN93) -> 0
R90: =IF(Q90=0," ",IFERROR(IF(DATEDIF(TODAY(),Q90,"M")<=5,"ROJO",IF(DATEDIF(TODAY(),Q90,"M")>=12,"VERDE",IF(AND(DATEDIF(TODAY(),Q90,"M")>=6,DATEDIF(TODAY(),Q90,"M")<=11),"AMARILLO"))),S90)) | S90: =IF(Q90=0," ",IF(Q90<=$N$4,"VENCIDO","NO VENCIDO"))
R91: =IF(Q91=0," ",IFERROR(IF(DATEDIF(TODAY(),Q91,"M")<=5,"ROJO",IF(DATEDIF(TODAY(),Q91,"M")>=12,"VERDE",IF(AND(DATEDIF(TODAY(),Q91,"M")>=6,DATEDIF(TODAY(),Q91,"M")<=11),"AMARILLO"))),S91)) | S91: =IF(Q91=0," ",IF(Q91<=$N$4,"VENCIDO","NO VENCIDO"))
R92: =IF(Q92=0," ",IFERROR(IF(DATEDIF(TODAY(),Q92,"M")<=5,"ROJO",IF(DATEDIF(TODAY(),Q92,"M")>=12,"VERDE",IF(AND(DATEDIF(TODAY(),Q92,"M")>=6,DATEDIF(TODAY(),Q92,"M")<=11),"AMARILLO"))),S92)) | S92: =IF(Q92=0," ",IF(Q92<=$N$4,"VENCIDO","NO VENCIDO"))
R93: =IF(Q93=0," ",IFERROR(IF(DATEDIF(TODAY(),Q93,"M")<=5,"ROJO",IF(DATEDIF(TODAY(),Q93,"M")>=12,"VERDE",IF(AND(DATEDIF(TODAY(),Q93,"M")>=6,DATEDIF(TODAY(),Q93,"M")<=11),"AMARILLO"))),S93)) | S93: =IF(Q93=0," ",IF(Q93<=$N$4,"VENCIDO","NO VENCIDO"))
M94: =M89=N94 -> TRUE | N94: =SUM(N89:N93) -> 0 | O94: “Verdadero” indica que la cantidad por lote, coincide con el saldo que inicia al mes siguiente. "Falso" no coinicide. | T94: =SUM(T89:T93) -> 0
A95: =A89+1 -> 16 | B95: Vacuna de Sarampión Rubeola (SR) Liofilizada - Vial x 01 dosis -DOBLE VIRAL | D95: =+Enero!M95 -> 22 | E95: 20 | F95: 32 | J95: =+F95+G95 -> 32 | K95: =+AO95 -> 0 | L95: =+J95+K95 -> 32 | M95: =+(D95+E95)-(L95)+H95-I95 -> 10 | N95: 10 | O95: 0094W003 | P95: SERUM | Q95: 31/01/2027 | R95: =IF(Q95=0," ",IFERROR(IF(DATEDIF(TODAY(),Q95,"M")<=5,"ROJO",IF(DATEDIF(TODAY(),Q95,"M")>=12,"VERDE",IF(AND(DATEDIF(TODAY(),Q95,"M")>=6,DATEDIF(TODAY(),Q95,"M")<=11),"AMARILLO"))),S95)) -> ROJO | S95: =IF(Q95=0," ",IF(Q95<=$N$4,"VENCIDO","NO VENCIDO")) -> NO VENCIDO | Y95: =+AT95 -> 0 | AD95: =+AB95+AC95 -> 0 | AO95: =SUM(AD95:AN99) -> 0
R96: =IF(Q96=0," ",IFERROR(IF(DATEDIF(TODAY(),Q96,"M")<=5,"ROJO",IF(DATEDIF(TODAY(),Q96,"M")>=12,"VERDE",IF(AND(DATEDIF(TODAY(),Q96,"M")>=6,DATEDIF(TODAY(),Q96,"M")<=11),"AMARILLO"))),S96)) | S96: =IF(Q96=0," ",IF(Q96<=$N$4,"VENCIDO","NO VENCIDO"))
R97: =IF(Q97=0," ",IFERROR(IF(DATEDIF(TODAY(),Q97,"M")<=5,"ROJO",IF(DATEDIF(TODAY(),Q97,"M")>=12,"VERDE",IF(AND(DATEDIF(TODAY(),Q97,"M")>=6,DATEDIF(TODAY(),Q97,"M")<=11),"AMARILLO"))),S97)) | S97: =IF(Q97=0," ",IF(Q97<=$N$4,"VENCIDO","NO VENCIDO"))
R98: =IF(Q98=0," ",IFERROR(IF(DATEDIF(TODAY(),Q98,"M")<=5,"ROJO",IF(DATEDIF(TODAY(),Q98,"M")>=12,"VERDE",IF(AND(DATEDIF(TODAY(),Q98,"M")>=6,DATEDIF(TODAY(),Q98,"M")<=11),"AMARILLO"))),S98)) | S98: =IF(Q98=0," ",IF(Q98<=$N$4,"VENCIDO","NO VENCIDO"))
R99: =IF(Q99=0," ",IFERROR(IF(DATEDIF(TODAY(),Q99,"M")<=5,"ROJO",IF(DATEDIF(TODAY(),Q99,"M")>=12,"VERDE",IF(AND(DATEDIF(TODAY(),Q99,"M")>=6,DATEDIF(TODAY(),Q99,"M")<=11),"AMARILLO"))),S99)) | S99: =IF(Q99=0," ",IF(Q99<=$N$4,"VENCIDO","NO VENCIDO"))
M100: =M95=N100 -> TRUE | N100: =SUM(N95:N99) -> 10 | O100: “Verdadero” indica que la cantidad por lote, coincide con el saldo que inicia al mes siguiente. "Falso" no coinicide. | T100: =SUM(T95:T99) -> 0
A101: =A95+1 -> 17 | B101: Vacuna de Sarampión Rubeola (SR) Liofilizada - Vial x 10 dosis - DOBLE VIRAL | D101: =+Enero!M101 -> 0 | J101: =+F101+G101 -> 0 | K101: =+AO101 -> 0 | L101: =+J101+K101 -> 0 | M101: =+(D101+E101)-(L101)+H101-I101 -> 0 | R101: =IF(Q101=0," ",IFERROR(IF(DATEDIF(TODAY(),Q101,"M")<=5,"ROJO",IF(DATEDIF(TODAY(),Q101,"M")>=12,"VERDE",IF(AND(DATEDIF(TODAY(),Q101,"M")>=6,DATEDIF(TODAY(),Q101,"M")<=11),"AMARILLO"))),S101)) | S101: =IF(Q101=0," ",IF(Q101<=$N$4,"VENCIDO","NO VENCIDO")) | Y101: =+AT101 -> 0 | AD101: =+AB101+AC101 -> 0 | AO101: =SUM(AD101:AN105) -> 0
R102: =IF(Q102=0," ",IFERROR(IF(DATEDIF(TODAY(),Q102,"M")<=5,"ROJO",IF(DATEDIF(TODAY(),Q102,"M")>=12,"VERDE",IF(AND(DATEDIF(TODAY(),Q102,"M")>=6,DATEDIF(TODAY(),Q102,"M")<=11),"AMARILLO"))),S102)) | S102: =IF(Q102=0," ",IF(Q102<=$N$4,"VENCIDO","NO VENCIDO"))
R103: =IF(Q103=0," ",IFERROR(IF(DATEDIF(TODAY(),Q103,"M")<=5,"ROJO",IF(DATEDIF(TODAY(),Q103,"M")>=12,"VERDE",IF(AND(DATEDIF(TODAY(),Q103,"M")>=6,DATEDIF(TODAY(),Q103,"M")<=11),"AMARILLO"))),S103)) | S103: =IF(Q103=0," ",IF(Q103<=$N$4,"VENCIDO","NO VENCIDO"))
R104: =IF(Q104=0," ",IFERROR(IF(DATEDIF(TODAY(),Q104,"M")<=5,"ROJO",IF(DATEDIF(TODAY(),Q104,"M")>=12,"VERDE",IF(AND(DATEDIF(TODAY(),Q104,"M")>=6,DATEDIF(TODAY(),Q104,"M")<=11),"AMARILLO"))),S104)) | S104: =IF(Q104=0," ",IF(Q104<=$N$4,"VENCIDO","NO VENCIDO"))
...

Sheet Marzo
A1: ÍTEM | B1: INSUMOS | D1: SALDO MES ANTERIOR | E1: BIOLÓGICO RECIBIDO DEL CENTRO DE ACOPIO DEPARTAMENTAL / DISTRITAL | F1: DOSIS APLICADAS | H1: Entradas | I1: Salidas | J1: TOTAL DOSIS APLICADAS | K1: DOSIS PERDIDAS | L1: TOTAL DOSIS ÚTILIZADAS EN EL MES | M1: SALDO QUE INICIA EL MES SIGUIENTE (SOLO MUNICIPIOS) | N1: DOSIS POR LOTES | O1: No. LOTE | P1: LABORATORIO | Q1: FECHA DE VENCIMIENTO | R1: SEMAFORIZACION VIDA ÚTIL DEL BIOLÓGICO | S1: CONDICIÓN FINAL DEL BIOLÓGICO, DILUYENTE Y CARNET | T1: DOSIS EN CUARENTENA | U1: LABORATORIO | V1: No. LOTE | W1: FECHA DE VENCIMEINTO | X1: FECHA DE INICIO CUARENTENA | Y1: PORCENTAJE DE PERDIDA DEL MES | Z1: OBSERVACIONES | AB1: CAUSAS PERDIDA DE BIOLÓGICOS (Remítase a la primera hoja donde se especifica la clasificación de las perdidas) | AO1: TOTAL DOSIS PERDIDAS
F2: DOSIS APLICADAS COLOMBIANOS | G2: DOSIS APLICADAS EXTRANJEROS | H2: DOSIS INGRESADAS POR TRASLADOS DE MUNICIPIOS O IPS | I2: DOSIS TRASLADADAS A OTROS MUNICIPIOS O IPS | AB2: 1 | AE2: 2 | AF2: 3 | AG2: 4 | AH2: 5 | AI2: 6 | AJ2: 7 | AK2: 8 | AL2: 9 | AM2: 10 | AN2: 11
AB3: POLÍTICA DE FRASCOS ABIERTO | AE3: INTERRUPCIÓN DE CADENA DE FRÍO | AF3: CONTAMINACION DEL BIOLÓGICO/DISPOSITIVO MÉDICO | AG3: VIAL ROTO | AH3: ERRORES EN LA MANIPULACIÓN | AI3: VENCIMIENTO DEL BIOLÓGICO O JERINGA | AJ3: FARMACOVIGILANCIA / TECNOVIGILANCIA | AK3: VOMITO FRANCO | AL3: APLICACIÓN FUERA DE LA EDAD | AM3: POR DECISIÓN FINAL DEL PACIENTE DE NO VACUNACIÓN | AN3: SINIESTRO O ROBO
AB4: INSTITUCIONAL | AC4: EXTRAMURAL | AD4: TOTAL
A5: 1 | B5: Vacuna de BCG (Bacilo de Calmette y Guérin) Liofilizada | D5: =+Febrero!M5 -> 20 | E5: 0 | F5: 1 | J5: =+F5+G5 -> 1 | K5: =+AO5 -> 9 | L5: =+J5+K5 -> 10 | M5: =+(D5+E5)-(L5)+H5-I5 -> 10 | N5: 10 | O5: 0373M117 | P5: SERUM | Q5: 46203 | R5: =IF(Q5=0," ",IFERROR(IF(DATEDIF(TODAY(),Q5,"M")<=5,"ROJO",IF(DATEDIF(TODAY(),Q5,"M")>=12,"VERDE",IF(AND(DATEDIF(TODAY(),Q5,"M")>=6,DATEDIF(TODAY(),Q5,"M")<=11),"AMARILLO"))),S5)) -> NO VENCIDO | S5: =IF(Q5=0," ",IF(Q5<=$N$4,"VENCIDO","NO VENCIDO")) -> NO VENCIDO | Y5: =+AT5 -> 0 | AB5: 9 | AD5: =+AB5+AC5 -> 9 | AO5: =SUM(AD5:AN9) -> 9
R6: =IF(Q6=0," ",IFERROR(IF(DATEDIF(TODAY(),Q6,"M")<=5,"ROJO",IF(DATEDIF(TODAY(),Q6,"M")>=12,"VERDE",IF(AND(DATEDIF(TODAY(),Q6,"M")>=6,DATEDIF(TODAY(),Q6,"M")<=11),"AMARILLO"))),S6)) | S6: =IF(Q6=0," ",IF(Q6<=$N$4,"VENCIDO","NO VENCIDO"))
R7: =IF(Q7=0," ",IFERROR(IF(DATEDIF(TODAY(),Q7,"M")<=5,"ROJO",IF(DATEDIF(TODAY(),Q7,"M")>=12,"VERDE",IF(AND(DATEDIF(TODAY(),Q7,"M")>=6,DATEDIF(TODAY(),Q7,"M")<=11),"AMARILLO"))),S7)) | S7: =IF(Q7=0," ",IF(Q7<=$N$4,"VENCIDO","NO VENCIDO"))
R8: =IF(Q8=0," ",IFERROR(IF(DATEDIF(TODAY(),Q8,"M")<=5,"ROJO",IF(DATEDIF(TODAY(),Q8,"M")>=12,"VERDE",IF(AND(DATEDIF(TODAY(),Q8,"M")>=6,DATEDIF(TODAY(),Q8,"M")<=11),"AMARILLO"))),S8)) | S8: =IF(Q8=0," ",IF(Q8<=$N$4,"VENCIDO","NO VENCIDO"))
R9: =IF(Q9=0," ",IFERROR(IF(DATEDIF(TODAY(),Q9,"M")<=5,"ROJO",IF(DATEDIF(TODAY(),Q9,"M")>=12,"VERDE",IF(AND(DATEDIF(TODAY(),Q9,"M")>=6,DATEDIF(TODAY(),Q9,"M")<=11),"AMARILLO"))),S9)) | S9: =IF(Q9=0," ",IF(Q9<=$N$4,"VENCIDO","NO VENCIDO"))
M10: =M5=N10 -> TRUE | N10: =SUM(N5:N9) -> 10 | O10: “Verdadero” indica que la cantidad por lote, coincide con el saldo que inicia al mes siguiente. "Falso" no coinicide. | T10: =SUM(T5:T9) -> 0
A11: =A5+1 -> 2 | B11: Vacuna de Hepatitis B Recombinante Pediátrica - Liquida | D11: =+Febrero!M11 -> 24 | E11: 0 | F11: 1 | J11: =+F11+G11 -> 1 | K11: =+AO11 -> 0 | L11: =+J11+K11 -> 1 | M11: =+(D11+E11)-(L11)+H11-I11 -> 23 | N11: 10 | O11: 0324L013A | P11: SERUM | Q11: 46721 | R11: =IF(Q11=0," ",IFERROR(IF(DATEDIF(TODAY(),Q11,"M")<=5,"ROJO",IF(DATEDIF(TODAY(),Q11,"M")>=12,"VERDE",IF(AND(DATEDIF(TODAY(),Q11,"M")>=6,DATEDIF(TODAY(),Q11,"M")<=11),"AMARILLO"))),S11)) -> VERDE | S11: =IF(Q11=0," ",IF(Q11<=$N$4,"VENCIDO","NO VENCIDO")) -> NO VENCIDO | Y11: =+AT11 -> 0 | AD11: =+AB11+AC11 -> 0 | AO11: =SUM(AD11:AN15) -> 0
N12: 13 | O12: 0323X019E | P12: SERUM | Q12: 46173 | R12: =IF(Q12=0," ",IFERROR(IF(DATEDIF(TODAY(),Q12,"M")<=5,"ROJO",IF(DATEDIF(TODAY(),Q12,"M")>=12,"VERDE",IF(AND(DATEDIF(TODAY(),Q12,"M")>=6,DATEDIF(TODAY(),Q12,"M")<=11),"AMARILLO"))),S12)) -> NO VENCIDO | S12: =IF(Q12=0," ",IF(Q12<=$N$4,"VENCIDO","NO VENCIDO")) -> NO VENCIDO
R13: =IF(Q13=0," ",IFERROR(IF(DATEDIF(TODAY(),Q13,"M")<=5,"ROJO",IF(DATEDIF(TODAY(),Q13,"M")>=12,"VERDE",IF(AND(DATEDIF(TODAY(),Q13,"M")>=6,DATEDIF(TODAY(),Q13,"M")<=11),"AMARILLO"))),S13)) | S13: =IF(Q13=0," ",IF(Q13<=$N$4,"VENCIDO","NO VENCIDO"))
R14: =IF(Q14=0," ",IFERROR(IF(DATEDIF(TODAY(),Q14,"M")<=5,"ROJO",IF(DATEDIF(TODAY(),Q14,"M")>=12,"VERDE",IF(AND(DATEDIF(TODAY(),Q14,"M")>=6,DATEDIF(TODAY(),Q14,"M")<=11),"AMARILLO"))),S14)) | S14: =IF(Q14=0," ",IF(Q14<=$N$4,"VENCIDO","NO VENCIDO"))
R15: =IF(Q15=0," ",IFERROR(IF(DATEDIF(TODAY(),Q15,"M")<=5,"ROJO",IF(DATEDIF(TODAY(),Q15,"M")>=12,"VERDE",IF(AND(DATEDIF(TODAY(),Q15,"M")>=6,DATEDIF(TODAY(),Q15,"M")<=11),"AMARILLO"))),S15)) | S15: =IF(Q15=0," ",IF(Q15<=$N$4,"VENCIDO","NO VENCIDO"))
M16: =M11=N16 -> TRUE | N16: =SUM(N11:N15) -> 23 | O16: “Verdadero” indica que la cantidad por lote, coincide con el saldo que inicia al mes siguiente. "Falso" no coinicide. | T16: =SUM(T11:T15) -> 0
A17: =A11+1 -> 3 | B17: Vacuna de Hepatitis B Recombinante Adultos - Liquida | D17: =+Febrero!M17 -> 1 | E17: 0 | F17: 1 | J17: =+F17+G17 -> 1 | K17: =+AO17 -> 0 | L17: =+J17+K17 -> 1 | M17: =+(D17+E17)-(L17)+H17-I17 -> 0 | R17: =IF(Q17=0," ",IFERROR(IF(DATEDIF(TODAY(),Q17,"M")<=5,"ROJO",IF(DATEDIF(TODAY(),Q17,"M")>=12,"VERDE",IF(AND(DATEDIF(TODAY(),Q17,"M")>=6,DATEDIF(TODAY(),Q17,"M")<=11),"AMARILLO"))),S17)) | S17: =IF(Q17=0," ",IF(Q17<=$N$4,"VENCIDO","NO VENCIDO")) | Y17: =+AT17 -> 0 | AD17: =+AB17+AC17 -> 0 | AO17: =SUM(AD17:AN21) -> 0
R18: =IF(Q18=0," ",IFERROR(IF(DATEDIF(TODAY(),Q18,"M")<=5,"ROJO",IF(DATEDIF(TODAY(),Q18,"M")>=12,"VERDE",IF(AND(DATEDIF(TODAY(),Q18,"M")>=6,DATEDIF(TODAY(),Q18,"M")<=11),"AMARILLO"))),S18)) | S18: =IF(Q18=0," ",IF(Q18<=$N$4,"VENCIDO","NO VENCIDO"))
R19: =IF(Q19=0," ",IFERROR(IF(DATEDIF(TODAY(),Q19,"M")<=5,"ROJO",IF(DATEDIF(TODAY(),Q19,"M")>=12,"VERDE",IF(AND(DATEDIF(TODAY(),Q19,"M")>=6,DATEDIF(TODAY(),Q19,"M")<=11),"AMARILLO"))),S19)) | S19: =IF(Q19=0," ",IF(Q19<=$N$4,"VENCIDO","NO VENCIDO"))
R20: =IF(Q20=0," ",IFERROR(IF(DATEDIF(TODAY(),Q20,"M")<=5,"ROJO",IF(DATEDIF(TODAY(),Q20,"M")>=12,"VERDE",IF(AND(DATEDIF(TODAY(),Q20,"M")>=6,DATEDIF(TODAY(),Q20,"M")<=11),"AMARILLO"))),S20)) | S20: =IF(Q20=0," ",IF(Q20<=$N$4,"VENCIDO","NO VENCIDO"))
R21: =IF(Q21=0," ",IFERROR(IF(DATEDIF(TODAY(),Q21,"M")<=5,"ROJO",IF(DATEDIF(TODAY(),Q21,"M")>=12,"VERDE",IF(AND(DATEDIF(TODAY(),Q21,"M")>=6,DATEDIF(TODAY(),Q21,"M")<=11),"AMARILLO"))),S21)) | S21: =IF(Q21=0," ",IF(Q21<=$N$4,"VENCIDO","NO VENCIDO"))
M22: =M17=N22 -> TRUE | N22: =SUM(N17:N21) -> 0 | O22: “Verdadero” indica que la cantidad por lote, coincide con el saldo que inicia al mes siguiente. "Falso" no coinicide. | T22: =SUM(T17:T21) -> 0
A23: =A17+1 -> 4 | B23: Vacuna de Poliovirus Inactiva IPV - Liquida | D23: =+Febrero!M23 -> 58 | E23: 0 | F23: 32 | J23: =+F23+G23 -> 32 | K23: =+AO23 -> 0 | L23: =+J23+K23 -> 32 | M23: =+(D23+E23)-(L23)+H23-I23 -> 26 | N23: 26 | O23: 2435007 | P23: BILTHOVEN | Q23: 46521 | R23: =IF(Q23=0," ",IFERROR(IF(DATEDIF(TODAY(),Q23,"M")<=5,"ROJO",IF(DATEDIF(TODAY(),Q23,"M")>=12,"VERDE",IF(AND(DATEDIF(TODAY(),Q23,"M")>=6,DATEDIF(TODAY(),Q23,"M")<=11),"AMARILLO"))),S23)) -> AMARILLO | S23: =IF(Q23=0," ",IF(Q23<=$N$4,"VENCIDO","NO VENCIDO")) -> NO VENCIDO | Y23: =+AT23 -> 0 | AD23: =+AB23+AC23 -> 0 | AO23: =SUM(AD23:AN27) -> 0
R24: =IF(Q24=0," ",IFERROR(IF(DATEDIF(TODAY(),Q24,"M")<=5,"ROJO",IF(DATEDIF(TODAY(),Q24,"M")>=12,"VERDE",IF(AND(DATEDIF(TODAY(),Q24,"M")>=6,DATEDIF(TODAY(),Q24,"M")<=11),"AMARILLO"))),S24)) | S24: =IF(Q24=0," ",IF(Q24<=$N$4,"VENCIDO","NO VENCIDO"))
R25: =IF(Q25=0," ",IFERROR(IF(DATEDIF(TODAY(),Q25,"M")<=5,"ROJO",IF(DATEDIF(TODAY(),Q25,"M")>=12,"VERDE",IF(AND(DATEDIF(TODAY(),Q25,"M")>=6,DATEDIF(TODAY(),Q25,"M")<=11),"AMARILLO"))),S25)) | S25: =IF(Q25=0," ",IF(Q25<=$N$4,"VENCIDO","NO VENCIDO"))
R26: =IF(Q26=0," ",IFERROR(IF(DATEDIF(TODAY(),Q26,"M")<=5,"ROJO",IF(DATEDIF(TODAY(),Q26,"M")>=12,"VERDE",IF(AND(DATEDIF(TODAY(),Q26,"M")>=6,DATEDIF(TODAY(),Q26,"M")<=11),"AMARILLO"))),S26)) | S26: =IF(Q26=0," ",IF(Q26<=$N$4,"VENCIDO","NO VENCIDO"))
R27: =IF(Q27=0," ",IFERROR(IF(DATEDIF(TODAY(),Q27,"M")<=5,"ROJO",IF(DATEDIF(TODAY(),Q27,"M")>=12,"VERDE",IF(AND(DATEDIF(TODAY(),Q27,"M")>=6,DATEDIF(TODAY(),Q27,"M")<=11),"AMARILLO"))),S27)) | S27: =IF(Q27=0," ",IF(Q27<=$N$4,"VENCIDO","NO VENCIDO"))
M28: =M23=N28 -> TRUE | N28: =SUM(N23:N27) -> 26 | O28: “Verdadero” indica que la cantidad por lote, coincide con el saldo que inicia al mes siguiente. "Falso" no coinicide. | T28: =SUM(T23:T27) -> 0
A29: =A23+1 -> 5 | B29: Vacuna de Difteria - Tos ferina (Celula completa) - Tétanos - Hepatitis B - Haemophilus influenzae tipo B (DTwP-HepB-Hib) PENTAVALENTE PEDIÁTRICA - Liquida | D29: =+Febrero!M29 -> 29 | E29: 10 | F29: 25 | J29: =+F29+G29 -> 25 | K29: =+AO29 -> 0 | L29: =+J29+K29 -> 25 | M29: =+(D29+E29)-(L29)+H29-I29 -> 14 | N29: 4 | O29: 2854X013E | P29: SERUM | Q29: 46356 | R29: =IF(Q29=0," ",IFERROR(IF(DATEDIF(TODAY(),Q29,"M")<=5,"ROJO",IF(DATEDIF(TODAY(),Q29,"M")>=12,"VERDE",IF(AND(DATEDIF(TODAY(),Q29,"M")>=6,DATEDIF(TODAY(),Q29,"M")<=11),"AMARILLO"))),S29)) -> ROJO | S29: =IF(Q29=0," ",IF(Q29<=$N$4,"VENCIDO","NO VENCIDO")) -> NO VENCIDO | Y29: =+AT29 -> 0 | AD29: =+AB29+AC29 -> 0 | AO29: =SUM(AD29:AN33) -> 0
N30: 10 | O30: 2855X001A | P30: SERUM | Q30: 46568 | R30: =IF(Q30=0," ",IFERROR(IF(DATEDIF(TODAY(),Q30,"M")<=5,"ROJO",IF(DATEDIF(TODAY(),Q30,"M")>=12,"VERDE",IF(AND(DATEDIF(TODAY(),Q30,"M")>=6,DATEDIF(TODAY(),Q30,"M")<=11),"AMARILLO"))),S30)) -> AMARILLO | S30: =IF(Q30=0," ",IF(Q30<=$N$4,"VENCIDO","NO VENCIDO")) -> NO VENCIDO
R31: =IF(Q31=0," ",IFERROR(IF(DATEDIF(TODAY(),Q31,"M")<=5,"ROJO",IF(DATEDIF(TODAY(),Q31,"M")>=12,"VERDE",IF(AND(DATEDIF(TODAY(),Q31,"M")>=6,DATEDIF(TODAY(),Q31,"M")<=11),"AMARILLO"))),S31)) | S31: =IF(Q31=0," ",IF(Q31<=$N$4,"VENCIDO","NO VENCIDO"))
R32: =IF(Q32=0," ",IFERROR(IF(DATEDIF(TODAY(),Q32,"M")<=5,"ROJO",IF(DATEDIF(TODAY(),Q32,"M")>=12,"VERDE",IF(AND(DATEDIF(TODAY(),Q32,"M")>=6,DATEDIF(TODAY(),Q32,"M")<=11),"AMARILLO"))),S32)) | S32: =IF(Q32=0," ",IF(Q32<=$N$4,"VENCIDO","NO VENCIDO"))
R33: =IF(Q33=0," ",IFERROR(IF(DATEDIF(TODAY(),Q33,"M")<=5,"ROJO",IF(DATEDIF(TODAY(),Q33,"M")>=12,"VERDE",IF(AND(DATEDIF(TODAY(),Q33,"M")>=6,DATEDIF(TODAY(),Q33,"M")<=11),"AMARILLO"))),S33)) | S33: =IF(Q33=0," ",IF(Q33<=$N$4,"VENCIDO","NO VENCIDO"))
M34: =M29=N34 -> TRUE | N34: =SUM(N29:N33) -> 14 | O34: “Verdadero” indica que la cantidad por lote, coincide con el saldo que inicia al mes siguiente. "Falso" no coinicide. | T34: =SUM(T29:T33) -> 0
A35: =A29+1 -> 6 | B35: Vacuna de Difteria - Tétanos - Tos ferina acelular - Poliovirus inactivado - Hepatitis B - Haemophilus influenzae tipo B (DTaP-IPV-HepB-Hib (HEXAVALENTE ACELULAR) - Liquida | D35: =+Febrero!M35 -> 3 | E35: 0 | F35: 0 | J35: =+F35+G35 -> 0 | K35: =+AO35 -> 0 | L35: =+J35+K35 -> 0 | M35: =+(D35+E35)-(L35)+H35-I35 -> 3 | N35: 3 | O35: 4CA03C1 | P35: SANOFI | Q35: 46325 | R35: =IF(Q35=0," ",IFERROR(IF(DATEDIF(TODAY(),Q35,"M")<=5,"ROJO",IF(DATEDIF(TODAY(),Q35,"M")>=12,"VERDE",IF(AND(DATEDIF(TODAY(),Q35,"M")>=6,DATEDIF(TODAY(),Q35,"M")<=11),"AMARILLO"))),S35)) -> ROJO | S35: =IF(Q35=0," ",IF(Q35<=$N$4,"VENCIDO","NO VENCIDO")) -> NO VENCIDO | Y35: =+AT35 -> 0 | AD35: =+AB35+AC35 -> 0 | AO35: =SUM(AD35:AN39) -> 0
R36: =IF(Q36=0," ",IFERROR(IF(DATEDIF(TODAY(),Q36,"M")<=5,"ROJO",IF(DATEDIF(TODAY(),Q36,"M")>=12,"VERDE",IF(AND(DATEDIF(TODAY(),Q36,"M")>=6,DATEDIF(TODAY(),Q36,"M")<=11),"AMARILLO"))),S36)) | S36: =IF(Q36=0," ",IF(Q36<=$N$4,"VENCIDO","NO VENCIDO"))
R37: =IF(Q37=0," ",IFERROR(IF(DATEDIF(TODAY(),Q37,"M")<=5,"ROJO",IF(DATEDIF(TODAY(),Q37,"M")>=12,"VERDE",IF(AND(DATEDIF(TODAY(),Q37,"M")>=6,DATEDIF(TODAY(),Q37,"M")<=11),"AMARILLO"))),S37)) | S37: =IF(Q37=0," ",IF(Q37<=$N$4,"VENCIDO","NO VENCIDO"))
R38: =IF(Q38=0," ",IFERROR(IF(DATEDIF(TODAY(),Q38,"M")<=5,"ROJO",IF(DATEDIF(TODAY(),Q38,"M")>=12,"VERDE",IF(AND(DATEDIF(TODAY(),Q38,"M")>=6,DATEDIF(TODAY(),Q38,"M")<=11),"AMARILLO"))),S38)) | S38: =IF(Q38=0," ",IF(Q38<=$N$4,"VENCIDO","NO VENCIDO"))
R39: =IF(Q39=0," ",IFERROR(IF(DATEDIF(TODAY(),Q39,"M")<=5,"ROJO",IF(DATEDIF(TODAY(),Q39,"M")>=12,"VERDE",IF(AND(DATEDIF(TODAY(),Q39,"M")>=6,DATEDIF(TODAY(),Q39,"M")<=11),"AMARILLO"))),S39)) | S39: =IF(Q39=0," ",IF(Q39<=$N$4,"VENCIDO","NO VENCIDO"))
M40: =M35=N40 -> TRUE | N40: =SUM(N35:N39) -> 3 | O40: “Verdadero” indica que la cantidad por lote, coincide con el saldo que inicia al mes siguiente. "Falso" no coinicide. | T40: =SUM(T35:T39) -> 0
A41: =A35+1 -> 7 | B41: Vacuna de Difteria - Tos ferina (celula completa)- Tétanos - Hepatitis B - Haemophilus influenzae tipo B - Poliovirus inactivado (DTwP-HepB-Hib-IPV) - HEXAVALENTE DE CÉLULAS COMPLETAS - Liquida | D41: =+Febrero!M41 -> 0 | E41: 0 | F41: 0 | J41: =+F41+G41 -> 0 | K41: =+AO41 -> 0 | L41: =+J41+K41 -> 0 | M41: =+(D41+E41)-(L41)+H41-I41 -> 0 | Y41: =+AT41 -> 0 | AD41: =+AB41+AC41 -> 0 | AO41: =SUM(AD41:AN45) -> 0
M46: =M41=N46 -> TRUE | N46: =SUM(N41:N45) -> 0 | O46: “Verdadero” indica que la cantidad por lote, coincide con el saldo que inicia al mes siguiente. "Falso" no coinicide. | T46: =SUM(T41:T45) -> 0
A47: =A41+1 -> 8 | B47: Vacuna de Difteria, Tétano y Tosferina (DPT)- Liquida | D47: =+Febrero!M47 -> 22 | E47: 0 | F47: 7 | J47: =+F47+G47 -> 7 | K47: =+AO47 -> 5 | L47: =+J47+K47 -> 12 | M47: =+(D47+E47)-(L47)+H47-I47 -> 10 | N47: 10 | O47: 221100624A | P47: BIOLOGICAL | Q47: 46356 | R47: =IF(Q47=0," ",IFERROR(IF(DATEDIF(TODAY(),Q47,"M")<=5,"ROJO",IF(DATEDIF(TODAY(),Q47,"M")>=12,"VERDE",IF(AND(DATEDIF(TODAY(),Q47,"M")>=6,DATEDIF(TODAY(),Q47,"M")<=11),"AMARILLO"))),S47)) -> ROJO | S47: =IF(Q47=0," ",IF(Q47<=$N$4,"VENCIDO","NO VENCIDO")) -> NO VENCIDO | Y47: =+AT47 -> 0 | AB47: 5 | AD47: =+AB47+AC47 -> 5 | AO47: =SUM(AD47:AN51) -> 5
R48: =IF(Q48=0," ",IFERROR(IF(DATEDIF(TODAY(),Q48,"M")<=5,"ROJO",IF(DATEDIF(TODAY(),Q48,"M")>=12,"VERDE",IF(AND(DATEDIF(TODAY(),Q48,"M")>=6,DATEDIF(TODAY(),Q48,"M")<=11),"AMARILLO"))),S48)) | S48: =IF(Q48=0," ",IF(Q48<=$N$4,"VENCIDO","NO VENCIDO"))
R49: =IF(Q49=0," ",IFERROR(IF(DATEDIF(TODAY(),Q49,"M")<=5,"ROJO",IF(DATEDIF(TODAY(),Q49,"M")>=12,"VERDE",IF(AND(DATEDIF(TODAY(),Q49,"M")>=6,DATEDIF(TODAY(),Q49,"M")<=11),"AMARILLO"))),S49)) | S49: =IF(Q49=0," ",IF(Q49<=$N$4,"VENCIDO","NO VENCIDO"))
R50: =IF(Q50=0," ",IFERROR(IF(DATEDIF(TODAY(),Q50,"M")<=5,"ROJO",IF(DATEDIF(TODAY(),Q50,"M")>=12,"VERDE",IF(AND(DATEDIF(TODAY(),Q50,"M")>=6,DATEDIF(TODAY(),Q50,"M")<=11),"AMARILLO"))),S50)) | S50: =IF(Q50=0," ",IF(Q50<=$N$4,"VENCIDO","NO VENCIDO"))
R51: =IF(Q51=0," ",IFERROR(IF(DATEDIF(TODAY(),Q51,"M")<=5,"ROJO",IF(DATEDIF(TODAY(),Q51,"M")>=12,"VERDE",IF(AND(DATEDIF(TODAY(),Q51,"M")>=6,DATEDIF(TODAY(),Q51,"M")<=11),"AMARILLO"))),S51)) | S51: =IF(Q51=0," ",IF(Q51<=$N$4,"VENCIDO","NO VENCIDO"))
M52: =M47=N52 -> TRUE | N52: =SUM(N47:N51) -> 10 | O52: “Verdadero” indica que la cantidad por lote, coincide con el saldo que inicia al mes siguiente. "Falso" no coinicide. | T52: =SUM(T47:T51) -> 0
A53: =A47+1 -> 9 | B53: Vacuna de Difteria-Tétanos-Tos ferina acelular Pertussis (DTaP) Pediátrica - Liquida | D53: =+Febrero!M53 -> 10 | E53: 0 | F53: 0 | J53: =+F53+G53 -> 0 | K53: =+AO53 -> 0 | L53: =+J53+K53 -> 0 | M53: =+(D53+E53)-(L53)+H53-I53 -> 10 | N53: 10 | O53: 221100624A | P53: BIOLOGYCAL | Q53: 46356 | R53: =IF(Q53=0," ",IFERROR(IF(DATEDIF(TODAY(),Q53,"M")<=5,"ROJO",IF(DATEDIF(TODAY(),Q53,"M")>=12,"VERDE",IF(AND(DATEDIF(TODAY(),Q53,"M")>=6,DATEDIF(TODAY(),Q53,"M")<=11),"AMARILLO"))),S53)) -> ROJO | S53: =IF(Q53=0," ",IF(Q53<=$N$4,"VENCIDO","NO VENCIDO")) -> NO VENCIDO | Y53: =+AT53 -> 0 | AD53: =+AB53+AC53 -> 0 | AO53: =SUM(AD53:AN57) -> 0
R54: =IF(Q54=0," ",IFERROR(IF(DATEDIF(TODAY(),Q54,"M")<=5,"ROJO",IF(DATEDIF(TODAY(),Q54,"M")>=12,"VERDE",IF(AND(DATEDIF(TODAY(),Q54,"M")>=6,DATEDIF(TODAY(),Q54,"M")<=11),"AMARILLO"))),S54)) | S54: =IF(Q54=0," ",IF(Q54<=$N$4,"VENCIDO","NO VENCIDO"))
R55: =IF(Q55=0," ",IFERROR(IF(DATEDIF(TODAY(),Q55,"M")<=5,"ROJO",IF(DATEDIF(TODAY(),Q55,"M")>=12,"VERDE",IF(AND(DATEDIF(TODAY(),Q55,"M")>=6,DATEDIF(TODAY(),Q55,"M")<=11),"AMARILLO"))),S55)) | S55: =IF(Q55=0," ",IF(Q55<=$N$4,"VENCIDO","NO VENCIDO"))
R56: =IF(Q56=0," ",IFERROR(IF(DATEDIF(TODAY(),Q56,"M")<=5,"ROJO",IF(DATEDIF(TODAY(),Q56,"M")>=12,"VERDE",IF(AND(DATEDIF(TODAY(),Q56,"M")>=6,DATEDIF(TODAY(),Q56,"M")<=11),"AMARILLO"))),S56)) | S56: =IF(Q56=0," ",IF(Q56<=$N$4,"VENCIDO","NO VENCIDO"))
R57: =IF(Q57=0," ",IFERROR(IF(DATEDIF(TODAY(),Q57,"M")<=5,"ROJO",IF(DATEDIF(TODAY(),Q57,"M")>=12,"VERDE",IF(AND(DATEDIF(TODAY(),Q57,"M")>=6,DATEDIF(TODAY(),Q57,"M")<=11),"AMARILLO"))),S57)) | S57: =IF(Q57=0," ",IF(Q57<=$N$4,"VENCIDO","NO VENCIDO"))
M58: =M53=N58 -> TRUE | N58: =SUM(N53:N57) -> 10 | O58: “Verdadero” indica que la cantidad por lote, coincide con el saldo que inicia al mes siguiente. "Falso" no coinicide. | T58: =SUM(T53:T57) -> 0
A59: =A53+1 -> 10 | B59: Vacuna de Rotavirus Liquida (administración oral) | D59: =+Febrero!M59 -> 20 | E59: 10 | F59: 10 | J59: =+F59+G59 -> 10 | K59: =+AO59 -> 0 | L59: =+J59+K59 -> 10 | M59: =+(D59+E59)-(L59)+H59-I59 -> 20 | N59: 20 | O59: AROLE197AB | P59: GLAXO | Q59: 46418 | R59: =IF(Q59=0," ",IFERROR(IF(DATEDIF(TODAY(),Q59,"M")<=5,"ROJO",IF(DATEDIF(TODAY(),Q59,"M")>=12,"VERDE",IF(AND(DATEDIF(TODAY(),Q59,"M")>=6,DATEDIF(TODAY(),Q59,"M")<=11),"AMARILLO"))),S59)) -> ROJO | S59: =IF(Q59=0," ",IF(Q59<=$N$4,"VENCIDO","NO VENCIDO")) -> NO VENCIDO | Y59: =+AT59 -> 0 | AD59: =+AB59+AC59 -> 0 | AO59: =SUM(AD59:AN63) -> 0
R60: =IF(Q60=0," ",IFERROR(IF(DATEDIF(TODAY(),Q60,"M")<=5,"ROJO",IF(DATEDIF(TODAY(),Q60,"M")>=12,"VERDE",IF(AND(DATEDIF(TODAY(),Q60,"M")>=6,DATEDIF(TODAY(),Q60,"M")<=11),"AMARILLO"))),S60)) | S60: =IF(Q60=0," ",IF(Q60<=$N$4,"VENCIDO","NO VENCIDO"))
R61: =IF(Q61=0," ",IFERROR(IF(DATEDIF(TODAY(),Q61,"M")<=5,"ROJO",IF(DATEDIF(TODAY(),Q61,"M")>=12,"VERDE",IF(AND(DATEDIF(TODAY(),Q61,"M")>=6,DATEDIF(TODAY(),Q61,"M")<=11),"AMARILLO"))),S61)) | S61: =IF(Q61=0," ",IF(Q61<=$N$4,"VENCIDO","NO VENCIDO"))
R62: =IF(Q62=0," ",IFERROR(IF(DATEDIF(TODAY(),Q62,"M")<=5,"ROJO",IF(DATEDIF(TODAY(),Q62,"M")>=12,"VERDE",IF(AND(DATEDIF(TODAY(),Q62,"M")>=6,DATEDIF(TODAY(),Q62,"M")<=11),"AMARILLO"))),S62)) | S62: =IF(Q62=0," ",IF(Q62<=$N$4,"VENCIDO","NO VENCIDO"))
R63: =IF(Q63=0," ",IFERROR(IF(DATEDIF(TODAY(),Q63,"M")<=5,"ROJO",IF(DATEDIF(TODAY(),Q63,"M")>=12,"VERDE",IF(AND(DATEDIF(TODAY(),Q63,"M")>=6,DATEDIF(TODAY(),Q63,"M")<=11),"AMARILLO"))),S63)) | S63: =IF(Q63=0," ",IF(Q63<=$N$4,"VENCIDO","NO VENCIDO"))
M64: =M59=N64 -> TRUE | N64: =SUM(N59:N63) -> 20 | O64: “Verdadero” indica que la cantidad por lote, coincide con el saldo que inicia al mes siguiente. "Falso" no coinicide. | T64: =SUM(T59:T63) -> 0
A65: =A59+1 -> 11 | B65: Vacuna Antineumocócica Conjugada (13-valente) PCV13 - Liquida | D65: =+Febrero!M65 -> 48 | E65: 0 | F65: 12 | J65: =+F65+G65 -> 12 | K65: =+AO65 -> 0 | L65: =+J65+K65 -> 12 | M65: =+(D65+E65)-(L65)+H65-I65 -> 36 | N65: 36 | O65: LK3152 | P65: PFIER | Q65: 46538 | R65: =IF(Q65=0," ",IFERROR(IF(DATEDIF(TODAY(),Q65,"M")<=5,"ROJO",IF(DATEDIF(TODAY(),Q65,"M")>=12,"VERDE",IF(AND(DATEDIF(TODAY(),Q65,"M")>=6,DATEDIF(TODAY(),Q65,"M")<=11),"AMARILLO"))),S65)) -> AMARILLO | S65: =IF(Q65=0," ",IF(Q65<=$N$4,"VENCIDO","NO VENCIDO")) -> NO VENCIDO | Y65: =+AT65 -> 0 | AD65: =+AB65+AC65 -> 0 | AO65: =SUM(AD65:AN69) -> 0
R66: =IF(Q66=0," ",IFERROR(IF(DATEDIF(TODAY(),Q66,"M")<=5,"ROJO",IF(DATEDIF(TODAY(),Q66,"M")>=12,"VERDE",IF(AND(DATEDIF(TODAY(),Q66,"M")>=6,DATEDIF(TODAY(),Q66,"M")<=11),"AMARILLO"))),S66)) | S66: =IF(Q66=0," ",IF(Q66<=$N$4,"VENCIDO","NO VENCIDO"))
R67: =IF(Q67=0," ",IFERROR(IF(DATEDIF(TODAY(),Q67,"M")<=5,"ROJO",IF(DATEDIF(TODAY(),Q67,"M")>=12,"VERDE",IF(AND(DATEDIF(TODAY(),Q67,"M")>=6,DATEDIF(TODAY(),Q67,"M")<=11),"AMARILLO"))),S67)) | S67: =IF(Q67=0," ",IF(Q67<=$N$4,"VENCIDO","NO VENCIDO"))
R68: =IF(Q68=0," ",IFERROR(IF(DATEDIF(TODAY(),Q68,"M")<=5,"ROJO",IF(DATEDIF(TODAY(),Q68,"M")>=12,"VERDE",IF(AND(DATEDIF(TODAY(),Q68,"M")>=6,DATEDIF(TODAY(),Q68,"M")<=11),"AMARILLO"))),S68)) | S68: =IF(Q68=0," ",IF(Q68<=$N$4,"VENCIDO","NO VENCIDO"))
R69: =IF(Q69=0," ",IFERROR(IF(DATEDIF(TODAY(),Q69,"M")<=5,"ROJO",IF(DATEDIF(TODAY(),Q69,"M")>=12,"VERDE",IF(AND(DATEDIF(TODAY(),Q69,"M")>=6,DATEDIF(TODAY(),Q69,"M")<=11),"AMARILLO"))),S69)) | S69: =IF(Q69=0," ",IF(Q69<=$N$4,"VENCIDO","NO VENCIDO"))
M70: =M65=N70 -> TRUE | N70: =SUM(N65:N69) -> 36 | O70: “Verdadero” indica que la cantidad por lote, coincide con el saldo que inicia al mes siguiente. "Falso" no coinicide. | T70: =SUM(T65:T69) -> 0
A71: =A65+1 -> 12 | B71: Vacuna Antineumocócica Conjugada (20-valente) PCV20 - Liquida | D71: =+Febrero!M71 -> 0 | E71: 0 | F71: 0 | J71: =+F71+G71 -> 0 | K71: =+AO71 -> 0 | L71: =+J71+K71 -> 0 | M71: =+(D71+E71)-(L71)+H71-I71 -> 0 | R71: =IF(Q71=0," ",IFERROR(IF(DATEDIF(TODAY(),Q71,"M")<=5,"ROJO",IF(DATEDIF(TODAY(),Q71,"M")>=12,"VERDE",IF(AND(DATEDIF(TODAY(),Q71,"M")>=6,DATEDIF(TODAY(),Q71,"M")<=11),"AMARILLO"))),S71)) | S71: =IF(Q71=0," ",IF(Q71<=$N$4,"VENCIDO","NO VENCIDO")) | Y71: =+AT71 -> 0 | AD71: =+AB71+AC71 -> 0 | AO71: =SUM(AD71:AN75) -> 0
R72: =IF(Q72=0," ",IFERROR(IF(DATEDIF(TODAY(),Q72,"M")<=5,"ROJO",IF(DATEDIF(TODAY(),Q72,"M")>=12,"VERDE",IF(AND(DATEDIF(TODAY(),Q72,"M")>=6,DATEDIF(TODAY(),Q72,"M")<=11),"AMARILLO"))),S72)) | S72: =IF(Q72=0," ",IF(Q72<=$N$4,"VENCIDO","NO VENCIDO"))
R73: =IF(Q73=0," ",IFERROR(IF(DATEDIF(TODAY(),Q73,"M")<=5,"ROJO",IF(DATEDIF(TODAY(),Q73,"M")>=12,"VERDE",IF(AND(DATEDIF(TODAY(),Q73,"M")>=6,DATEDIF(TODAY(),Q73,"M")<=11),"AMARILLO"))),S73)) | S73: =IF(Q73=0," ",IF(Q73<=$N$4,"VENCIDO","NO VENCIDO"))
R74: =IF(Q74=0," ",IFERROR(IF(DATEDIF(TODAY(),Q74,"M")<=5,"ROJO",IF(DATEDIF(TODAY(),Q74,"M")>=12,"VERDE",IF(AND(DATEDIF(TODAY(),Q74,"M")>=6,DATEDIF(TODAY(),Q74,"M")<=11),"AMARILLO"))),S74)) | S74: =IF(Q74=0," ",IF(Q74<=$N$4,"VENCIDO","NO VENCIDO"))
R75: =IF(Q75=0," ",IFERROR(IF(DATEDIF(TODAY(),Q75,"M")<=5,"ROJO",IF(DATEDIF(TODAY(),Q75,"M")>=12,"VERDE",IF(AND(DATEDIF(TODAY(),Q75,"M")>=6,DATEDIF(TODAY(),Q75,"M")<=11),"AMARILLO"))),S75)) | S75: =IF(Q75=0," ",IF(Q75<=$N$4,"VENCIDO","NO VENCIDO"))
M76: =M71=N76 -> TRUE | N76: =SUM(N71:N75) -> 0 | O76: “Verdadero” indica que la cantidad por lote, coincide con el saldo que inicia al mes siguiente. "Falso" no coinicide. | T76: =SUM(T71:T75) -> 0
A77: =A71+1 -> 13 | B77: Vacuna de Sarampión, Rubeola y Paperas (SRP) (Cepa Leningrado-Zagreb) Liofilizado - Vial x 01 dosis - TRIPLE VIRAL | D77: =+Febrero!M77 -> 31 | E77: 0 | F77: 10 | G77: 1 | J77: =+F77+G77 -> 11 | K77: =+AO77 -> 0 | L77: =+J77+K77 -> 11 | M77: =+(D77+E77)-(L77)+H77-I77 -> 20 | N77: 20 | O77: 0133N140B | P77: SERUM | Q77: 46265 | R77: =IF(Q77=0," ",IFERROR(IF(DATEDIF(TODAY(),Q77,"M")<=5,"ROJO",IF(DATEDIF(TODAY(),Q77,"M")>=12,"VERDE",IF(AND(DATEDIF(TODAY(),Q77,"M")>=6,DATEDIF(TODAY(),Q77,"M")<=11),"AMARILLO"))),S77)) -> NO VENCIDO | S77: =IF(Q77=0," ",IF(Q77<=$N$4,"VENCIDO","NO VENCIDO")) -> NO VENCIDO | Y77: =+AT77 -> 0 | AD77: =+AB77+AC77 -> 0 | AO77: =SUM(AD77:AN81) -> 0
R78: =IF(Q78=0," ",IFERROR(IF(DATEDIF(TODAY(),Q78,"M")<=5,"ROJO",IF(DATEDIF(TODAY(),Q78,"M")>=12,"VERDE",IF(AND(DATEDIF(TODAY(),Q78,"M")>=6,DATEDIF(TODAY(),Q78,"M")<=11),"AMARILLO"))),S78)) | S78: =IF(Q78=0," ",IF(Q78<=$N$4,"VENCIDO","NO VENCIDO"))
R79: =IF(Q79=0," ",IFERROR(IF(DATEDIF(TODAY(),Q79,"M")<=5,"ROJO",IF(DATEDIF(TODAY(),Q79,"M")>=12,"VERDE",IF(AND(DATEDIF(TODAY(),Q79,"M")>=6,DATEDIF(TODAY(),Q79,"M")<=11),"AMARILLO"))),S79)) | S79: =IF(Q79=0," ",IF(Q79<=$N$4,"VENCIDO","NO VENCIDO"))
R80: =IF(Q80=0," ",IFERROR(IF(DATEDIF(TODAY(),Q80,"M")<=5,"ROJO",IF(DATEDIF(TODAY(),Q80,"M")>=12,"VERDE",IF(AND(DATEDIF(TODAY(),Q80,"M")>=6,DATEDIF(TODAY(),Q80,"M")<=11),"AMARILLO"))),S80)) | S80: =IF(Q80=0," ",IF(Q80<=$N$4,"VENCIDO","NO VENCIDO"))
R81: =IF(Q81=0," ",IFERROR(IF(DATEDIF(TODAY(),Q81,"M")<=5,"ROJO",IF(DATEDIF(TODAY(),Q81,"M")>=12,"VERDE",IF(AND(DATEDIF(TODAY(),Q81,"M")>=6,DATEDIF(TODAY(),Q81,"M")<=11),"AMARILLO"))),S81)) | S81: =IF(Q81=0," ",IF(Q81<=$N$4,"VENCIDO","NO VENCIDO"))
M82: =M77=N82 -> TRUE | N82: =SUM(N77:N81) -> 20 | O82: “Verdadero” indica que la cantidad por lote, coincide con el saldo que inicia al mes siguiente. "Falso" no coinicide. | T82: =SUM(T77:T81) -> 0
A83: =A77+1 -> 14 | B83: Vacuna de Sarampión, Rubeola y Paperas (SRP) (Cepa Leningrado-Zagreb) Liofilizado - Vial x 05 dosis - TRIPLE VIRAL | D83: =+Febrero!M83 -> 0 | J83: =+F83+G83 -> 0 | K83: =+AO83 -> 0 | L83: =+J83+K83 -> 0 | M83: =+(D83+E83)-(L83)+H83-I83 -> 0 | R83: =IF(Q83=0," ",IFERROR(IF(DATEDIF(TODAY(),Q83,"M")<=5,"ROJO",IF(DATEDIF(TODAY(),Q83,"M")>=12,"VERDE",IF(AND(DATEDIF(TODAY(),Q83,"M")>=6,DATEDIF(TODAY(),Q83,"M")<=11),"AMARILLO"))),S83)) | S83: =IF(Q83=0," ",IF(Q83<=$N$4,"VENCIDO","NO VENCIDO")) | Y83: =+AT83 -> 0 | AD83: =+AB83+AC83 -> 0 | AO83: =SUM(AD83:AN87) -> 0
R84: =IF(Q84=0," ",IFERROR(IF(DATEDIF(TODAY(),Q84,"M")<=5,"ROJO",IF(DATEDIF(TODAY(),Q84,"M")>=12,"VERDE",IF(AND(DATEDIF(TODAY(),Q84,"M")>=6,DATEDIF(TODAY(),Q84,"M")<=11),"AMARILLO"))),S84)) | S84: =IF(Q84=0," ",IF(Q84<=$N$4,"VENCIDO","NO VENCIDO"))
R85: =IF(Q85=0," ",IFERROR(IF(DATEDIF(TODAY(),Q85,"M")<=5,"ROJO",IF(DATEDIF(TODAY(),Q85,"M")>=12,"VERDE",IF(AND(DATEDIF(TODAY(),Q85,"M")>=6,DATEDIF(TODAY(),Q85,"M")<=11),"AMARILLO"))),S85)) | S85: =IF(Q85=0," ",IF(Q85<=$N$4,"VENCIDO","NO VENCIDO"))
R86: =IF(Q86=0," ",IFERROR(IF(DATEDIF(TODAY(),Q86,"M")<=5,"ROJO",IF(DATEDIF(TODAY(),Q86,"M")>=12,"VERDE",IF(AND(DATEDIF(TODAY(),Q86,"M")>=6,DATEDIF(TODAY(),Q86,"M")<=11),"AMARILLO"))),S86)) | S86: =IF(Q86=0," ",IF(Q86<=$N$4,"VENCIDO","NO VENCIDO"))
R87: =IF(Q87=0," ",IFERROR(IF(DATEDIF(TODAY(),Q87,"M")<=5,"ROJO",IF(DATEDIF(TODAY(),Q87,"M")>=12,"VERDE",IF(AND(DATEDIF(TODAY(),Q87,"M")>=6,DATEDIF(TODAY(),Q87,"M")<=11),"AMARILLO"))),S87)) | S87: =IF(Q87=0," ",IF(Q87<=$N$4,"VENCIDO","NO VENCIDO"))
M88: =M83=N88 -> TRUE | N88: =SUM(N83:N87) -> 0 | O88: “Verdadero” indica que la cantidad por lote, coincide con el saldo que inicia al mes siguiente. "Falso" no coinicide. | T88: =SUM(T83:T87) -> 0
A89: =A83+1 -> 15 | B89: Vacuna de Sarampión, Rubeola y Paperas (SRP) (Cepa Leningrado-Zagreb) Liofilizado - Vial x 10 dosis - TRIPLE VIRAL | D89: =+Febrero!M89 -> 0 | J89: =+F89+G89 -> 0 | K89: =+AO89 -> 0 | L89: =+J89+K89 -> 0 | M89: =+(D89+E89)-(L89)+H89-I89 -> 0 | R89: =IF(Q89=0," ",IFERROR(IF(DATEDIF(TODAY(),Q89,"M")<=5,"ROJO",IF(DATEDIF(TODAY(),Q89,"M")>=12,"VERDE",IF(AND(DATEDIF(TODAY(),Q89,"M")>=6,DATEDIF(TODAY(),Q89,"M")<=11),"AMARILLO"))),S89)) | S89: =IF(Q89=0," ",IF(Q89<=$N$4,"VENCIDO","NO VENCIDO")) | Y89: =+AT89 -> 0 | AD89: =+AB89+AC89 -> 0 | AO89: =SUM(AD89:AN93) -> 0
R90: =IF(Q90=0," ",IFERROR(IF(DATEDIF(TODAY(),Q90,"M")<=5,"ROJO",IF(DATEDIF(TODAY(),Q90,"M")>=12,"VERDE",IF(AND(DATEDIF(TODAY(),Q90,"M")>=6,DATEDIF(TODAY(),Q90,"M")<=11),"AMARILLO"))),S90)) | S90: =IF(Q90=0," ",IF(Q90<=$N$4,"VENCIDO","NO VENCIDO"))
R91: =IF(Q91=0," ",IFERROR(IF(DATEDIF(TODAY(),Q91,"M")<=5,"ROJO",IF(DATEDIF(TODAY(),Q91,"M")>=12,"VERDE",IF(AND(DATEDIF(TODAY(),Q91,"M")>=6,DATEDIF(TODAY(),Q91,"M")<=11),"AMARILLO"))),S91)) | S91: =IF(Q91=0," ",IF(Q91<=$N$4,"VENCIDO","NO VENCIDO"))
R92: =IF(Q92=0," ",IFERROR(IF(DATEDIF(TODAY(),Q92,"M")<=5,"ROJO",IF(DATEDIF(TODAY(),Q92,"M")>=12,"VERDE",IF(AND(DATEDIF(TODAY(),Q92,"M")>=6,DATEDIF(TODAY(),Q92,"M")<=11),"AMARILLO"))),S92)) | S92: =IF(Q92=0," ",IF(Q92<=$N$4,"VENCIDO","NO VENCIDO"))
R93: =IF(Q93=0," ",IFERROR(IF(DATEDIF(TODAY(),Q93,"M")<=5,"ROJO",IF(DATEDIF(TODAY(),Q93,"M")>=12,"VERDE",IF(AND(DATEDIF(TODAY(),Q93,"M")>=6,DATEDIF(TODAY(),Q93,"M")<=11),"AMARILLO"))),S93)) | S93: =IF(Q93=0," ",IF(Q93<=$N$4,"VENCIDO","NO VENCIDO"))
M94: =M89=N94 -> TRUE | N94: =SUM(N89:N93) -> 0 | O94: “Verdadero” indica que la cantidad por lote, coincide con el saldo que inicia al mes siguiente. "Falso" no coinicide. | T94: =SUM(T89:T93) -> 0
A95: =A89+1 -> 16 | B95: Vacuna de Sarampión Rubeola (SR) Liofilizada - Vial x 01 dosis -DOBLE VIRAL | D95: =+Febrero!M95 -> 10 | E95: 42 | F95: 10 | J95: =+F95+G95 -> 10 | K95: =+AO95 -> 0 | L95: =+J95+K95 -> 10 | M95: =+(D95+E95)-(L95)+H95-I95 -> 42 | N95: 42 | O95: 0094W002 | P95: SERUM | Q95: 46356 | R95: =IF(Q95=0," ",IFERROR(IF(DATEDIF(TODAY(),Q95,"M")<=5,"ROJO",IF(DATEDIF(TODAY(),Q95,"M")>=12,"VERDE",IF(AND(DATEDIF(TODAY(),Q95,"M")>=6,DATEDIF(TODAY(),Q95,"M")<=11),"AMARILLO"))),S95)) -> ROJO | S95: =IF(Q95=0," ",IF(Q95<=$N$4,"VENCIDO","NO VENCIDO")) -> NO VENCIDO | Y95: =+AT95 -> 0 | AD95: =+AB95+AC95 -> 0 | AO95: =SUM(AD95:AN99) -> 0
R96: =IF(Q96=0," ",IFERROR(IF(DATEDIF(TODAY(),Q96,"M")<=5,"ROJO",IF(DATEDIF(TODAY(),Q96,"M")>=12,"VERDE",IF(AND(DATEDIF(TODAY(),Q96,"M")>=6,DATEDIF(TODAY(),Q96,"M")<=11),"AMARILLO"))),S96)) | S96: =IF(Q96=0," ",IF(Q96<=$N$4,"VENCIDO","NO VENCIDO"))
R97: =IF(Q97=0," ",IFERROR(IF(DATEDIF(TODAY(),Q97,"M")<=5,"ROJO",IF(DATEDIF(TODAY(),Q97,"M")>=12,"VERDE",IF(AND(DATEDIF(TODAY(),Q97,"M")>=6,DATEDIF(TODAY(),Q97,"M")<=11),"AMARILLO"))),S97)) | S97: =IF(Q97=0," ",IF(Q97<=$N$4,"VENCIDO","NO VENCIDO"))
R98: =IF(Q98=0," ",IFERROR(IF(DATEDIF(TODAY(),Q98,"M")<=5,"ROJO",IF(DATEDIF(TODAY(),Q98,"M")>=12,"VERDE",IF(AND(DATEDIF(TODAY(),Q98,"M")>=6,DATEDIF(TODAY(),Q98,"M")<=11),"AMARILLO"))),S98)) | S98: =IF(Q98=0," ",IF(Q98<=$N$4,"VENCIDO","NO VENCIDO"))
R99: =IF(Q99=0," ",IFERROR(IF(DATEDIF(TODAY(),Q99,"M")<=5,"ROJO",IF(DATEDIF(TODAY(),Q99,"M")>=12,"VERDE",IF(AND(DATEDIF(TODAY(),Q99,"M")>=6,DATEDIF(TODAY(),Q99,"M")<=11),"AMARILLO"))),S99)) | S99: =IF(Q99=0," ",IF(Q99<=$N$4,"VENCIDO","NO VENCIDO"))
M100: =M95=N100 -> TRUE | N100: =SUM(N95:N99) -> 42 | O100: “Verdadero” indica que la cantidad por lote, coincide con el saldo que inicia al mes siguiente. "Falso" no coinicide. | T100: =SUM(T95:T99) -> 0
A101: =A95+1 -> 17 | B101: Vacuna de Sarampión Rubeola (SR) Liofilizada - Vial x 10 dosis - DOBLE VIRAL | D101: =+Febrero!M101 -> 0 | J101: =+F101+G101 -> 0 | K101: =+AO101 -> 0 | L101: =+J101+K101 -> 0 | M101: =+(D101+E101)-(L101)+H101-I101 -> 0 | R101: =IF(Q101=0," ",IFERROR(IF(DATEDIF(TODAY(),Q101,"M")<=5,"ROJO",IF(DATEDIF(TODAY(),Q101,"M")>=12,"VERDE",IF(AND(DATEDIF(TODAY(),Q101,"M")>=6,DATEDIF(TODAY(),Q101,"M")<=11),"AMARILLO"))),S101)) | S101: =IF(Q101=0," ",IF(Q101<=$N$4,"VENCIDO","NO VENCIDO")) | Y101: =+AT101 -> 0 | AD101: =+AB101+AC101 -> 0 | AO101: =SUM(AD101:AN105) -> 0
R102: =IF(Q102=0," ",IFERROR(IF(DATEDIF(TODAY(),Q102,"M")<=5,"ROJO",IF(DATEDIF(TODAY(),Q102,"M")>=12,"VERDE",IF(AND(DATEDIF(TODAY(),Q102,"M")>=6,DATEDIF(TODAY(),Q102,"M")<=11),"AMARILLO"))),S102)) | S102: =IF(Q102=0," ",IF(Q102<=$N$4,"VENCIDO","NO VENCIDO"))
R103: =IF(Q103=0," ",IFERROR(IF(DATEDIF(TODAY(),Q103,"M")<=5,"ROJO",IF(DATEDIF(TODAY(),Q103,"M")>=12,"VERDE",IF(AND(DATEDIF(TODAY(),Q103,"M")>=6,DATEDIF(TODAY(),Q103,"M")<=11),"AMARILLO"))),S103)) | S103: =IF(Q103=0," ",IF(Q103<=$N$4,"VENCIDO","NO VENCIDO"))
R104: =IF(Q104=0," ",IFERROR(IF(DATEDIF(TODAY(),Q104,"M")<=5,"ROJO",IF(DATEDIF(TODAY(),Q104,"M")>=12,"VERDE",IF(AND(DATEDIF(TODAY(),Q104,"M")>=6,DATEDIF(TODAY(),Q104,"M")<=11),"AMARILLO"))),S104)) | S104: =IF(Q104=0," ",IF(Q104<=$N$4,"VENCIDO","NO VENCIDO"))
...

Sheet Abril
A1: ÍTEM | B1: INSUMOS | D1: SALDO MES ANTERIOR | E1: BIOLÓGICO RECIBIDO DEL CENTRO DE ACOPIO DEPARTAMENTAL / DISTRITAL | F1: DOSIS APLICADAS | H1: Entradas | I1: Salidas | J1: TOTAL DOSIS APLICADAS | K1: DOSIS PERDIDAS | L1: TOTAL DOSIS ÚTILIZADAS EN EL MES | M1: SALDO QUE INICIA EL MES SIGUIENTE (SOLO MUNICIPIOS) | N1: DOSIS POR LOTES | O1: No. LOTE | P1: LABORATORIO | Q1: FECHA DE VENCIMIENTO | R1: SEMAFORIZACION VIDA ÚTIL DEL BIOLÓGICO | S1: CONDICIÓN FINAL DEL BIOLÓGICO, DILUYENTE Y CARNET | T1: DOSIS EN CUARENTENA | U1: LABORATORIO | V1: No. LOTE | W1: FECHA DE VENCIMEINTO | X1: FECHA DE INICIO CUARENTENA | Y1: PORCENTAJE DE PERDIDA DEL MES | Z1: OBSERVACIONES | AB1: CAUSAS PERDIDA DE BIOLÓGICOS (Remítase a la primera hoja donde se especifica la clasificación de las perdidas) | AO1: TOTAL DOSIS PERDIDAS
F2: DOSIS APLICADAS COLOMBIANOS | G2: DOSIS APLICADAS EXTRANJEROS | H2: DOSIS INGRESADAS POR TRASLADOS DE MUNICIPIOS O IPS | I2: DOSIS TRASLADADAS A OTROS MUNICIPIOS O IPS | AB2: 1 | AE2: 2 | AF2: 3 | AG2: 4 | AH2: 5 | AI2: 6 | AJ2: 7 | AK2: 8 | AL2: 9 | AM2: 10 | AN2: 11
AB3: POLÍTICA DE FRASCOS ABIERTO | AE3: INTERRUPCIÓN DE CADENA DE FRÍO | AF3: CONTAMINACION DEL BIOLÓGICO/DISPOSITIVO MÉDICO | AG3: VIAL ROTO | AH3: ERRORES EN LA MANIPULACIÓN | AI3: VENCIMIENTO DEL BIOLÓGICO O JERINGA | AJ3: FARMACOVIGILANCIA / TECNOVIGILANCIA | AK3: VOMITO FRANCO | AL3: APLICACIÓN FUERA DE LA EDAD | AM3: POR DECISIÓN FINAL DEL PACIENTE DE NO VACUNACIÓN | AN3: SINIESTRO O ROBO
AB4: INSTITUCIONAL | AC4: EXTRAMURAL | AD4: TOTAL
A5: 1 | B5: Vacuna de BCG (Bacilo de Calmette y Guérin) Liofilizada | D5: =+Marzo!M5 -> 10 | E5: 10 | F5: 0 | J5: =+F5+G5 -> 0 | K5: =+AO5 -> 0 | L5: =+J5+K5 -> 0 | M5: =+(D5+E5)-(L5)+H5-I5 -> 20 | N5: 10 | O5: 0373M117 | P5: SERUM | Q5: 46203 | R5: =IF(Q5=0," ",IFERROR(IF(DATEDIF(TODAY(),Q5,"M")<=5,"ROJO",IF(DATEDIF(TODAY(),Q5,"M")>=12,"VERDE",IF(AND(DATEDIF(TODAY(),Q5,"M")>=6,DATEDIF(TODAY(),Q5,"M")<=11),"AMARILLO"))),S5)) -> NO VENCIDO | S5: =IF(Q5=0," ",IF(Q5<=$N$4,"VENCIDO","NO VENCIDO")) -> NO VENCIDO | Y5: =+AT5 -> 0 | AD5: =+AB5+AC5 -> 0 | AO5: =SUM(AD5:AN9) -> 0
N6: 10 | O6: 0374MA071 | P6: SERUM | Q6: 46387 | R6: =IF(Q6=0," ",IFERROR(IF(DATEDIF(TODAY(),Q6,"M")<=5,"ROJO",IF(DATEDIF(TODAY(),Q6,"M")>=12,"VERDE",IF(AND(DATEDIF(TODAY(),Q6,"M")>=6,DATEDIF(TODAY(),Q6,"M")<=11),"AMARILLO"))),S6)) -> ROJO | S6: =IF(Q6=0," ",IF(Q6<=$N$4,"VENCIDO","NO VENCIDO")) -> NO VENCIDO
R7: =IF(Q7=0," ",IFERROR(IF(DATEDIF(TODAY(),Q7,"M")<=5,"ROJO",IF(DATEDIF(TODAY(),Q7,"M")>=12,"VERDE",IF(AND(DATEDIF(TODAY(),Q7,"M")>=6,DATEDIF(TODAY(),Q7,"M")<=11),"AMARILLO"))),S7)) | S7: =IF(Q7=0," ",IF(Q7<=$N$4,"VENCIDO","NO VENCIDO"))
R8: =IF(Q8=0," ",IFERROR(IF(DATEDIF(TODAY(),Q8,"M")<=5,"ROJO",IF(DATEDIF(TODAY(),Q8,"M")>=12,"VERDE",IF(AND(DATEDIF(TODAY(),Q8,"M")>=6,DATEDIF(TODAY(),Q8,"M")<=11),"AMARILLO"))),S8)) | S8: =IF(Q8=0," ",IF(Q8<=$N$4,"VENCIDO","NO VENCIDO"))
R9: =IF(Q9=0," ",IFERROR(IF(DATEDIF(TODAY(),Q9,"M")<=5,"ROJO",IF(DATEDIF(TODAY(),Q9,"M")>=12,"VERDE",IF(AND(DATEDIF(TODAY(),Q9,"M")>=6,DATEDIF(TODAY(),Q9,"M")<=11),"AMARILLO"))),S9)) | S9: =IF(Q9=0," ",IF(Q9<=$N$4,"VENCIDO","NO VENCIDO"))
M10: =M5=N10 -> TRUE | N10: =SUM(N5:N9) -> 20 | O10: “Verdadero” indica que la cantidad por lote, coincide con el saldo que inicia al mes siguiente. "Falso" no coinicide. | T10: =SUM(T5:T9) -> 0
A11: =A5+1 -> 2 | B11: Vacuna de Hepatitis B Recombinante Pediátrica - Liquida | D11: =+Marzo!M11 -> 23 | E11: 0 | F11: 0 | J11: =+F11+G11 -> 0 | K11: =+AO11 -> 0 | L11: =+J11+K11 -> 0 | M11: =+(D11+E11)-(L11)+H11-I11 -> 23 | N11: 10 | O11: 0324L013A | P11: SERUM | Q11: 46721 | R11: =IF(Q11=0," ",IFERROR(IF(DATEDIF(TODAY(),Q11,"M")<=5,"ROJO",IF(DATEDIF(TODAY(),Q11,"M")>=12,"VERDE",IF(AND(DATEDIF(TODAY(),Q11,"M")>=6,DATEDIF(TODAY(),Q11,"M")<=11),"AMARILLO"))),S11)) -> VERDE | S11: =IF(Q11=0," ",IF(Q11<=$N$4,"VENCIDO","NO VENCIDO")) -> NO VENCIDO | Y11: =+AT11 -> 0 | AD11: =+AB11+AC11 -> 0 | AO11: =SUM(AD11:AN15) -> 0
N12: 13 | O12: 0323X019E | P12: SERUM | Q12: 46173 | R12: =IF(Q12=0," ",IFERROR(IF(DATEDIF(TODAY(),Q12,"M")<=5,"ROJO",IF(DATEDIF(TODAY(),Q12,"M")>=12,"VERDE",IF(AND(DATEDIF(TODAY(),Q12,"M")>=6,DATEDIF(TODAY(),Q12,"M")<=11),"AMARILLO"))),S12)) -> NO VENCIDO | S12: =IF(Q12=0," ",IF(Q12<=$N$4,"VENCIDO","NO VENCIDO")) -> NO VENCIDO
R13: =IF(Q13=0," ",IFERROR(IF(DATEDIF(TODAY(),Q13,"M")<=5,"ROJO",IF(DATEDIF(TODAY(),Q13,"M")>=12,"VERDE",IF(AND(DATEDIF(TODAY(),Q13,"M")>=6,DATEDIF(TODAY(),Q13,"M")<=11),"AMARILLO"))),S13)) | S13: =IF(Q13=0," ",IF(Q13<=$N$4,"VENCIDO","NO VENCIDO"))
R14: =IF(Q14=0," ",IFERROR(IF(DATEDIF(TODAY(),Q14,"M")<=5,"ROJO",IF(DATEDIF(TODAY(),Q14,"M")>=12,"VERDE",IF(AND(DATEDIF(TODAY(),Q14,"M")>=6,DATEDIF(TODAY(),Q14,"M")<=11),"AMARILLO"))),S14)) | S14: =IF(Q14=0," ",IF(Q14<=$N$4,"VENCIDO","NO VENCIDO"))
R15: =IF(Q15=0," ",IFERROR(IF(DATEDIF(TODAY(),Q15,"M")<=5,"ROJO",IF(DATEDIF(TODAY(),Q15,"M")>=12,"VERDE",IF(AND(DATEDIF(TODAY(),Q15,"M")>=6,DATEDIF(TODAY(),Q15,"M")<=11),"AMARILLO"))),S15)) | S15: =IF(Q15=0," ",IF(Q15<=$N$4,"VENCIDO","NO VENCIDO"))
M16: =M11=N16 -> TRUE | N16: =SUM(N11:N15) -> 23 | O16: “Verdadero” indica que la cantidad por lote, coincide con el saldo que inicia al mes siguiente. "Falso" no coinicide. | T16: =SUM(T11:T15) -> 0
A17: =A11+1 -> 3 | B17: Vacuna de Hepatitis B Recombinante Adultos - Liquida | D17: =+Marzo!M17 -> 0 | E17: 0 | F17: 0 | J17: =+F17+G17 -> 0 | K17: =+AO17 -> 0 | L17: =+J17+K17 -> 0 | M17: =+(D17+E17)-(L17)+H17-I17 -> 0 | R17: =IF(Q17=0," ",IFERROR(IF(DATEDIF(TODAY(),Q17,"M")<=5,"ROJO",IF(DATEDIF(TODAY(),Q17,"M")>=12,"VERDE",IF(AND(DATEDIF(TODAY(),Q17,"M")>=6,DATEDIF(TODAY(),Q17,"M")<=11),"AMARILLO"))),S17)) | S17: =IF(Q17=0," ",IF(Q17<=$N$4,"VENCIDO","NO VENCIDO")) | Y17: =+AT17 -> 0 | AD17: =+AB17+AC17 -> 0 | AO17: =SUM(AD17:AN21) -> 0
R18: =IF(Q18=0," ",IFERROR(IF(DATEDIF(TODAY(),Q18,"M")<=5,"ROJO",IF(DATEDIF(TODAY(),Q18,"M")>=12,"VERDE",IF(AND(DATEDIF(TODAY(),Q18,"M")>=6,DATEDIF(TODAY(),Q18,"M")<=11),"AMARILLO"))),S18)) | S18: =IF(Q18=0," ",IF(Q18<=$N$4,"VENCIDO","NO VENCIDO"))
R19: =IF(Q19=0," ",IFERROR(IF(DATEDIF(TODAY(),Q19,"M")<=5,"ROJO",IF(DATEDIF(TODAY(),Q19,"M")>=12,"VERDE",IF(AND(DATEDIF(TODAY(),Q19,"M")>=6,DATEDIF(TODAY(),Q19,"M")<=11),"AMARILLO"))),S19)) | S19: =IF(Q19=0," ",IF(Q19<=$N$4,"VENCIDO","NO VENCIDO"))
R20: =IF(Q20=0," ",IFERROR(IF(DATEDIF(TODAY(),Q20,"M")<=5,"ROJO",IF(DATEDIF(TODAY(),Q20,"M")>=12,"VERDE",IF(AND(DATEDIF(TODAY(),Q20,"M")>=6,DATEDIF(TODAY(),Q20,"M")<=11),"AMARILLO"))),S20)) | S20: =IF(Q20=0," ",IF(Q20<=$N$4,"VENCIDO","NO VENCIDO"))
R21: =IF(Q21=0," ",IFERROR(IF(DATEDIF(TODAY(),Q21,"M")<=5,"ROJO",IF(DATEDIF(TODAY(),Q21,"M")>=12,"VERDE",IF(AND(DATEDIF(TODAY(),Q21,"M")>=6,DATEDIF(TODAY(),Q21,"M")<=11),"AMARILLO"))),S21)) | S21: =IF(Q21=0," ",IF(Q21<=$N$4,"VENCIDO","NO VENCIDO"))
M22: =M17=N22 -> TRUE | N22: =SUM(N17:N21) -> 0 | O22: “Verdadero” indica que la cantidad por lote, coincide con el saldo que inicia al mes siguiente. "Falso" no coinicide. | T22: =SUM(T17:T21) -> 0
A23: =A17+1 -> 4 | B23: Vacuna de Poliovirus Inactiva IPV - Liquida | D23: =+Marzo!M23 -> 26 | E23: 30 | F23: 36 | J23: =+F23+G23 -> 36 | K23: =+AO23 -> 0 | L23: =+J23+K23 -> 36 | M23: =+(D23+E23)-(L23)+H23-I23 -> 20 | N23: 20 | O23: 2522006A | P23: BILTHOVEN | Q23: 46808 | R23: =IF(Q23=0," ",IFERROR(IF(DATEDIF(TODAY(),Q23,"M")<=5,"ROJO",IF(DATEDIF(TODAY(),Q23,"M")>=12,"VERDE",IF(AND(DATEDIF(TODAY(),Q23,"M")>=6,DATEDIF(TODAY(),Q23,"M")<=11),"AMARILLO"))),S23)) -> VERDE | S23: =IF(Q23=0," ",IF(Q23<=$N$4,"VENCIDO","NO VENCIDO")) -> NO VENCIDO | Y23: =+AT23 -> 0 | AD23: =+AB23+AC23 -> 0 | AO23: =SUM(AD23:AN27) -> 0
R24: =IF(Q24=0," ",IFERROR(IF(DATEDIF(TODAY(),Q24,"M")<=5,"ROJO",IF(DATEDIF(TODAY(),Q24,"M")>=12,"VERDE",IF(AND(DATEDIF(TODAY(),Q24,"M")>=6,DATEDIF(TODAY(),Q24,"M")<=11),"AMARILLO"))),S24)) | S24: =IF(Q24=0," ",IF(Q24<=$N$4,"VENCIDO","NO VENCIDO"))
R25: =IF(Q25=0," ",IFERROR(IF(DATEDIF(TODAY(),Q25,"M")<=5,"ROJO",IF(DATEDIF(TODAY(),Q25,"M")>=12,"VERDE",IF(AND(DATEDIF(TODAY(),Q25,"M")>=6,DATEDIF(TODAY(),Q25,"M")<=11),"AMARILLO"))),S25)) | S25: =IF(Q25=0," ",IF(Q25<=$N$4,"VENCIDO","NO VENCIDO"))
R26: =IF(Q26=0," ",IFERROR(IF(DATEDIF(TODAY(),Q26,"M")<=5,"ROJO",IF(DATEDIF(TODAY(),Q26,"M")>=12,"VERDE",IF(AND(DATEDIF(TODAY(),Q26,"M")>=6,DATEDIF(TODAY(),Q26,"M")<=11),"AMARILLO"))),S26)) | S26: =IF(Q26=0," ",IF(Q26<=$N$4,"VENCIDO","NO VENCIDO"))
R27: =IF(Q27=0," ",IFERROR(IF(DATEDIF(TODAY(),Q27,"M")<=5,"ROJO",IF(DATEDIF(TODAY(),Q27,"M")>=12,"VERDE",IF(AND(DATEDIF(TODAY(),Q27,"M")>=6,DATEDIF(TODAY(),Q27,"M")<=11),"AMARILLO"))),S27)) | S27: =IF(Q27=0," ",IF(Q27<=$N$4,"VENCIDO","NO VENCIDO"))
M28: =M23=N28 -> TRUE | N28: =SUM(N23:N27) -> 20 | O28: “Verdadero” indica que la cantidad por lote, coincide con el saldo que inicia al mes siguiente. "Falso" no coinicide. | T28: =SUM(T23:T27) -> 0
A29: =A23+1 -> 5 | B29: Vacuna de Difteria - Tos ferina (Celula completa) - Tétanos - Hepatitis B - Haemophilus influenzae tipo B (DTwP-HepB-Hib) PENTAVALENTE PEDIÁTRICA - Liquida | D29: =+Marzo!M29 -> 14 | E29: 40 | F29: 28 | J29: =+F29+G29 -> 28 | K29: =+AO29 -> 0 | L29: =+J29+K29 -> 28 | M29: =+(D29+E29)-(L29)+H29-I29 -> 26 | N29: 26 | O29: 2855X062C | P29: SERUM | Q29: 46568 | R29: =IF(Q29=0," ",IFERROR(IF(DATEDIF(TODAY(),Q29,"M")<=5,"ROJO",IF(DATEDIF(TODAY(),Q29,"M")>=12,"VERDE",IF(AND(DATEDIF(TODAY(),Q29,"M")>=6,DATEDIF(TODAY(),Q29,"M")<=11),"AMARILLO"))),S29)) -> AMARILLO | S29: =IF(Q29=0," ",IF(Q29<=$N$4,"VENCIDO","NO VENCIDO")) -> NO VENCIDO | Y29: =+AT29 -> 0 | AD29: =+AB29+AC29 -> 0 | AO29: =SUM(AD29:AN33) -> 0
R30: =IF(Q30=0," ",IFERROR(IF(DATEDIF(TODAY(),Q30,"M")<=5,"ROJO",IF(DATEDIF(TODAY(),Q30,"M")>=12,"VERDE",IF(AND(DATEDIF(TODAY(),Q30,"M")>=6,DATEDIF(TODAY(),Q30,"M")<=11),"AMARILLO"))),S30)) | S30: =IF(Q30=0," ",IF(Q30<=$N$4,"VENCIDO","NO VENCIDO"))
R31: =IF(Q31=0," ",IFERROR(IF(DATEDIF(TODAY(),Q31,"M")<=5,"ROJO",IF(DATEDIF(TODAY(),Q31,"M")>=12,"VERDE",IF(AND(DATEDIF(TODAY(),Q31,"M")>=6,DATEDIF(TODAY(),Q31,"M")<=11),"AMARILLO"))),S31)) | S31: =IF(Q31=0," ",IF(Q31<=$N$4,"VENCIDO","NO VENCIDO"))
R32: =IF(Q32=0," ",IFERROR(IF(DATEDIF(TODAY(),Q32,"M")<=5,"ROJO",IF(DATEDIF(TODAY(),Q32,"M")>=12,"VERDE",IF(AND(DATEDIF(TODAY(),Q32,"M")>=6,DATEDIF(TODAY(),Q32,"M")<=11),"AMARILLO"))),S32)) | S32: =IF(Q32=0," ",IF(Q32<=$N$4,"VENCIDO","NO VENCIDO"))
R33: =IF(Q33=0," ",IFERROR(IF(DATEDIF(TODAY(),Q33,"M")<=5,"ROJO",IF(DATEDIF(TODAY(),Q33,"M")>=12,"VERDE",IF(AND(DATEDIF(TODAY(),Q33,"M")>=6,DATEDIF(TODAY(),Q33,"M")<=11),"AMARILLO"))),S33)) | S33: =IF(Q33=0," ",IF(Q33<=$N$4,"VENCIDO","NO VENCIDO"))
M34: =M29=N34 -> TRUE | N34: =SUM(N29:N33) -> 26 | O34: “Verdadero” indica que la cantidad por lote, coincide con el saldo que inicia al mes siguiente. "Falso" no coinicide. | T34: =SUM(T29:T33) -> 0
A35: =A29+1 -> 6 | B35: Vacuna de Difteria - Tétanos - Tos ferina acelular - Poliovirus inactivado - Hepatitis B - Haemophilus influenzae tipo B (DTaP-IPV-HepB-Hib (HEXAVALENTE ACELULAR) - Liquida | D35: =+Marzo!M35 -> 3 | E35: 0 | F35: 0 | J35: =+F35+G35 -> 0 | K35: =+AO35 -> 0 | L35: =+J35+K35 -> 0 | M35: =+(D35+E35)-(L35)+H35-I35 -> 3 | N35: 3 | O35: 4CA03C1 | P35: SANOFI | Q35: 46325 | R35: =IF(Q35=0," ",IFERROR(IF(DATEDIF(TODAY(),Q35,"M")<=5,"ROJO",IF(DATEDIF(TODAY(),Q35,"M")>=12,"VERDE",IF(AND(DATEDIF(TODAY(),Q35,"M")>=6,DATEDIF(TODAY(),Q35,"M")<=11),"AMARILLO"))),S35)) -> ROJO | S35: =IF(Q35=0," ",IF(Q35<=$N$4,"VENCIDO","NO VENCIDO")) -> NO VENCIDO | Y35: =+AT35 -> 0 | AD35: =+AB35+AC35 -> 0 | AO35: =SUM(AD35:AN39) -> 0
R36: =IF(Q36=0," ",IFERROR(IF(DATEDIF(TODAY(),Q36,"M")<=5,"ROJO",IF(DATEDIF(TODAY(),Q36,"M")>=12,"VERDE",IF(AND(DATEDIF(TODAY(),Q36,"M")>=6,DATEDIF(TODAY(),Q36,"M")<=11),"AMARILLO"))),S36)) | S36: =IF(Q36=0," ",IF(Q36<=$N$4,"VENCIDO","NO VENCIDO"))
R37: =IF(Q37=0," ",IFERROR(IF(DATEDIF(TODAY(),Q37,"M")<=5,"ROJO",IF(DATEDIF(TODAY(),Q37,"M")>=12,"VERDE",IF(AND(DATEDIF(TODAY(),Q37,"M")>=6,DATEDIF(TODAY(),Q37,"M")<=11),"AMARILLO"))),S37)) | S37: =IF(Q37=0," ",IF(Q37<=$N$4,"VENCIDO","NO VENCIDO"))
R38: =IF(Q38=0," ",IFERROR(IF(DATEDIF(TODAY(),Q38,"M")<=5,"ROJO",IF(DATEDIF(TODAY(),Q38,"M")>=12,"VERDE",IF(AND(DATEDIF(TODAY(),Q38,"M")>=6,DATEDIF(TODAY(),Q38,"M")<=11),"AMARILLO"))),S38)) | S38: =IF(Q38=0," ",IF(Q38<=$N$4,"VENCIDO","NO VENCIDO"))
R39: =IF(Q39=0," ",IFERROR(IF(DATEDIF(TODAY(),Q39,"M")<=5,"ROJO",IF(DATEDIF(TODAY(),Q39,"M")>=12,"VERDE",IF(AND(DATEDIF(TODAY(),Q39,"M")>=6,DATEDIF(TODAY(),Q39,"M")<=11),"AMARILLO"))),S39)) | S39: =IF(Q39=0," ",IF(Q39<=$N$4,"VENCIDO","NO VENCIDO"))
M40: =M35=N40 -> TRUE | N40: =SUM(N35:N39) -> 3 | O40: “Verdadero” indica que la cantidad por lote, coincide con el saldo que inicia al mes siguiente. "Falso" no coinicide. | T40: =SUM(T35:T39) -> 0
A41: =A35+1 -> 7 | B41: Vacuna de Difteria - Tos ferina (celula completa)- Tétanos - Hepatitis B - Haemophilus influenzae tipo B - Poliovirus inactivado (DTwP-HepB-Hib-IPV) - HEXAVALENTE DE CÉLULAS COMPLETAS - Liquida | D41: =+Marzo!M41 -> 0 | E41: 0 | F41: 0 | J41: =+F41+G41 -> 0 | K41: =+AO41 -> 0 | L41: =+J41+K41 -> 0 | M41: =+(D41+E41)-(L41)+H41-I41 -> 0 | Y41: =+AT41 -> 0 | AD41: =+AB41+AC41 -> 0 | AO41: =SUM(AD41:AN45) -> 0
M46: =M41=N46 -> TRUE | N46: =SUM(N41:N45) -> 0 | O46: “Verdadero” indica que la cantidad por lote, coincide con el saldo que inicia al mes siguiente. "Falso" no coinicide. | T46: =SUM(T41:T45) -> 0
A47: =A41+1 -> 8 | B47: Vacuna de Difteria, Tétano y Tosferina (DPT)- Liquida | D47: =+Marzo!M47 -> 10 | E47: 20 | F47: 8 | J47: =+F47+G47 -> 8 | K47: =+AO47 -> 1 | L47: =+J47+K47 -> 9 | M47: =+(D47+E47)-(L47)+H47-I47 -> 21 | N47: 21 | O47: 2825Q005A | P47: SERUM | Q47: 46446 | R47: =IF(Q47=0," ",IFERROR(IF(DATEDIF(TODAY(),Q47,"M")<=5,"ROJO",IF(DATEDIF(TODAY(),Q47,"M")>=12,"VERDE",IF(AND(DATEDIF(TODAY(),Q47,"M")>=6,DATEDIF(TODAY(),Q47,"M")<=11),"AMARILLO"))),S47)) -> ROJO | S47: =IF(Q47=0," ",IF(Q47<=$N$4,"VENCIDO","NO VENCIDO")) -> NO VENCIDO | Y47: =+AT47 -> 0 | AB47: 1 | AD47: =+AB47+AC47 -> 1 | AO47: =SUM(AD47:AN51) -> 1
R48: =IF(Q48=0," ",IFERROR(IF(DATEDIF(TODAY(),Q48,"M")<=5,"ROJO",IF(DATEDIF(TODAY(),Q48,"M")>=12,"VERDE",IF(AND(DATEDIF(TODAY(),Q48,"M")>=6,DATEDIF(TODAY(),Q48,"M")<=11),"AMARILLO"))),S48)) | S48: =IF(Q48=0," ",IF(Q48<=$N$4,"VENCIDO","NO VENCIDO"))
R49: =IF(Q49=0," ",IFERROR(IF(DATEDIF(TODAY(),Q49,"M")<=5,"ROJO",IF(DATEDIF(TODAY(),Q49,"M")>=12,"VERDE",IF(AND(DATEDIF(TODAY(),Q49,"M")>=6,DATEDIF(TODAY(),Q49,"M")<=11),"AMARILLO"))),S49)) | S49: =IF(Q49=0," ",IF(Q49<=$N$4,"VENCIDO","NO VENCIDO"))
R50: =IF(Q50=0," ",IFERROR(IF(DATEDIF(TODAY(),Q50,"M")<=5,"ROJO",IF(DATEDIF(TODAY(),Q50,"M")>=12,"VERDE",IF(AND(DATEDIF(TODAY(),Q50,"M")>=6,DATEDIF(TODAY(),Q50,"M")<=11),"AMARILLO"))),S50)) | S50: =IF(Q50=0," ",IF(Q50<=$N$4,"VENCIDO","NO VENCIDO"))
R51: =IF(Q51=0," ",IFERROR(IF(DATEDIF(TODAY(),Q51,"M")<=5,"ROJO",IF(DATEDIF(TODAY(),Q51,"M")>=12,"VERDE",IF(AND(DATEDIF(TODAY(),Q51,"M")>=6,DATEDIF(TODAY(),Q51,"M")<=11),"AMARILLO"))),S51)) | S51: =IF(Q51=0," ",IF(Q51<=$N$4,"VENCIDO","NO VENCIDO"))
M52: =M47=N52 -> TRUE | N52: =SUM(N47:N51) -> 21 | O52: “Verdadero” indica que la cantidad por lote, coincide con el saldo que inicia al mes siguiente. "Falso" no coinicide. | T52: =SUM(T47:T51) -> 0
A53: =A47+1 -> 9 | B53: Vacuna de Difteria-Tétanos-Tos ferina acelular Pertussis (DTaP) Pediátrica - Liquida | D53: =+Marzo!M53 -> 10 | E53: 0 | F53: 0 | J53: =+F53+G53 -> 0 | K53: =+AO53 -> 0 | L53: =+J53+K53 -> 0 | M53: =+(D53+E53)-(L53)+H53-I53 -> 10 | N53: 10 | O53: 221100624A | P53: BIOLOGYCAL | Q53: 46356 | R53: =IF(Q53=0," ",IFERROR(IF(DATEDIF(TODAY(),Q53,"M")<=5,"ROJO",IF(DATEDIF(TODAY(),Q53,"M")>=12,"VERDE",IF(AND(DATEDIF(TODAY(),Q53,"M")>=6,DATEDIF(TODAY(),Q53,"M")<=11),"AMARILLO"))),S53)) -> ROJO | S53: =IF(Q53=0," ",IF(Q53<=$N$4,"VENCIDO","NO VENCIDO")) -> NO VENCIDO | Y53: =+AT53 -> 0 | AD53: =+AB53+AC53 -> 0 | AO53: =SUM(AD53:AN57) -> 0
R54: =IF(Q54=0," ",IFERROR(IF(DATEDIF(TODAY(),Q54,"M")<=5,"ROJO",IF(DATEDIF(TODAY(),Q54,"M")>=12,"VERDE",IF(AND(DATEDIF(TODAY(),Q54,"M")>=6,DATEDIF(TODAY(),Q54,"M")<=11),"AMARILLO"))),S54)) | S54: =IF(Q54=0," ",IF(Q54<=$N$4,"VENCIDO","NO VENCIDO"))
R55: =IF(Q55=0," ",IFERROR(IF(DATEDIF(TODAY(),Q55,"M")<=5,"ROJO",IF(DATEDIF(TODAY(),Q55,"M")>=12,"VERDE",IF(AND(DATEDIF(TODAY(),Q55,"M")>=6,DATEDIF(TODAY(),Q55,"M")<=11),"AMARILLO"))),S55)) | S55: =IF(Q55=0," ",IF(Q55<=$N$4,"VENCIDO","NO VENCIDO"))
R56: =IF(Q56=0," ",IFERROR(IF(DATEDIF(TODAY(),Q56,"M")<=5,"ROJO",IF(DATEDIF(TODAY(),Q56,"M")>=12,"VERDE",IF(AND(DATEDIF(TODAY(),Q56,"M")>=6,DATEDIF(TODAY(),Q56,"M")<=11),"AMARILLO"))),S56)) | S56: =IF(Q56=0," ",IF(Q56<=$N$4,"VENCIDO","NO VENCIDO"))
R57: =IF(Q57=0," ",IFERROR(IF(DATEDIF(TODAY(),Q57,"M")<=5,"ROJO",IF(DATEDIF(TODAY(),Q57,"M")>=12,"VERDE",IF(AND(DATEDIF(TODAY(),Q57,"M")>=6,DATEDIF(TODAY(),Q57,"M")<=11),"AMARILLO"))),S57)) | S57: =IF(Q57=0," ",IF(Q57<=$N$4,"VENCIDO","NO VENCIDO"))
M58: =M53=N58 -> TRUE | N58: =SUM(N53:N57) -> 10 | O58: “Verdadero” indica que la cantidad por lote, coincide con el saldo que inicia al mes siguiente. "Falso" no coinicide. | T58: =SUM(T53:T57) -> 0
A59: =A53+1 -> 10 | B59: Vacuna de Rotavirus Liquida (administración oral) | D59: =+Marzo!M59 -> 20 | E59: 10 | F59: 17 | J59: =+F59+G59 -> 17 | K59: =+AO59 -> 0 | L59: =+J59+K59 -> 17 | M59: =+(D59+E59)-(L59)+H59-I59 -> 13 | N59: 3 | O59: AROLE197AB | P59: GLAXO | Q59: 46418 | R59: =IF(Q59=0," ",IFERROR(IF(DATEDIF(TODAY(),Q59,"M")<=5,"ROJO",IF(DATEDIF(TODAY(),Q59,"M")>=12,"VERDE",IF(AND(DATEDIF(TODAY(),Q59,"M")>=6,DATEDIF(TODAY(),Q59,"M")<=11),"AMARILLO"))),S59)) -> ROJO | S59: =IF(Q59=0," ",IF(Q59<=$N$4,"VENCIDO","NO VENCIDO")) -> NO VENCIDO | Y59: =+AT59 -> 0 | AD59: =+AB59+AC59 -> 0 | AO59: =SUM(AD59:AN63) -> 0
N60: 10 | O60: AROLE419AA | P60: GLAXO | Q60: 46660 | R60: =IF(Q60=0," ",IFERROR(IF(DATEDIF(TODAY(),Q60,"M")<=5,"ROJO",IF(DATEDIF(TODAY(),Q60,"M")>=12,"VERDE",IF(AND(DATEDIF(TODAY(),Q60,"M")>=6,DATEDIF(TODAY(),Q60,"M")<=11),"AMARILLO"))),S60)) -> AMARILLO | S60: =IF(Q60=0," ",IF(Q60<=$N$4,"VENCIDO","NO VENCIDO")) -> NO VENCIDO
R61: =IF(Q61=0," ",IFERROR(IF(DATEDIF(TODAY(),Q61,"M")<=5,"ROJO",IF(DATEDIF(TODAY(),Q61,"M")>=12,"VERDE",IF(AND(DATEDIF(TODAY(),Q61,"M")>=6,DATEDIF(TODAY(),Q61,"M")<=11),"AMARILLO"))),S61)) | S61: =IF(Q61=0," ",IF(Q61<=$N$4,"VENCIDO","NO VENCIDO"))
R62: =IF(Q62=0," ",IFERROR(IF(DATEDIF(TODAY(),Q62,"M")<=5,"ROJO",IF(DATEDIF(TODAY(),Q62,"M")>=12,"VERDE",IF(AND(DATEDIF(TODAY(),Q62,"M")>=6,DATEDIF(TODAY(),Q62,"M")<=11),"AMARILLO"))),S62)) | S62: =IF(Q62=0," ",IF(Q62<=$N$4,"VENCIDO","NO VENCIDO"))
R63: =IF(Q63=0," ",IFERROR(IF(DATEDIF(TODAY(),Q63,"M")<=5,"ROJO",IF(DATEDIF(TODAY(),Q63,"M")>=12,"VERDE",IF(AND(DATEDIF(TODAY(),Q63,"M")>=6,DATEDIF(TODAY(),Q63,"M")<=11),"AMARILLO"))),S63)) | S63: =IF(Q63=0," ",IF(Q63<=$N$4,"VENCIDO","NO VENCIDO"))
M64: =M59=N64 -> TRUE | N64: =SUM(N59:N63) -> 13 | O64: “Verdadero” indica que la cantidad por lote, coincide con el saldo que inicia al mes siguiente. "Falso" no coinicide. | T64: =SUM(T59:T63) -> 0
A65: =A59+1 -> 11 | B65: Vacuna Antineumocócica Conjugada (13-valente) PCV13 - Liquida | D65: =+Marzo!M65 -> 36 | E65: 0 | F65: 24 | J65: =+F65+G65 -> 24 | K65: =+AO65 -> 0 | L65: =+J65+K65 -> 24 | M65: =+(D65+E65)-(L65)+H65-I65 -> 12 | N65: 12 | O65: LK3152 | P65: PFIER | Q65: 46538 | R65: =IF(Q65=0," ",IFERROR(IF(DATEDIF(TODAY(),Q65,"M")<=5,"ROJO",IF(DATEDIF(TODAY(),Q65,"M")>=12,"VERDE",IF(AND(DATEDIF(TODAY(),Q65,"M")>=6,DATEDIF(TODAY(),Q65,"M")<=11),"AMARILLO"))),S65)) -> AMARILLO | S65: =IF(Q65=0," ",IF(Q65<=$N$4,"VENCIDO","NO VENCIDO")) -> NO VENCIDO | Y65: =+AT65 -> 0 | AD65: =+AB65+AC65 -> 0 | AO65: =SUM(AD65:AN69) -> 0
R66: =IF(Q66=0," ",IFERROR(IF(DATEDIF(TODAY(),Q66,"M")<=5,"ROJO",IF(DATEDIF(TODAY(),Q66,"M")>=12,"VERDE",IF(AND(DATEDIF(TODAY(),Q66,"M")>=6,DATEDIF(TODAY(),Q66,"M")<=11),"AMARILLO"))),S66)) | S66: =IF(Q66=0," ",IF(Q66<=$N$4,"VENCIDO","NO VENCIDO"))
R67: =IF(Q67=0," ",IFERROR(IF(DATEDIF(TODAY(),Q67,"M")<=5,"ROJO",IF(DATEDIF(TODAY(),Q67,"M")>=12,"VERDE",IF(AND(DATEDIF(TODAY(),Q67,"M")>=6,DATEDIF(TODAY(),Q67,"M")<=11),"AMARILLO"))),S67)) | S67: =IF(Q67=0," ",IF(Q67<=$N$4,"VENCIDO","NO VENCIDO"))
R68: =IF(Q68=0," ",IFERROR(IF(DATEDIF(TODAY(),Q68,"M")<=5,"ROJO",IF(DATEDIF(TODAY(),Q68,"M")>=12,"VERDE",IF(AND(DATEDIF(TODAY(),Q68,"M")>=6,DATEDIF(TODAY(),Q68,"M")<=11),"AMARILLO"))),S68)) | S68: =IF(Q68=0," ",IF(Q68<=$N$4,"VENCIDO","NO VENCIDO"))
R69: =IF(Q69=0," ",IFERROR(IF(DATEDIF(TODAY(),Q69,"M")<=5,"ROJO",IF(DATEDIF(TODAY(),Q69,"M")>=12,"VERDE",IF(AND(DATEDIF(TODAY(),Q69,"M")>=6,DATEDIF(TODAY(),Q69,"M")<=11),"AMARILLO"))),S69)) | S69: =IF(Q69=0," ",IF(Q69<=$N$4,"VENCIDO","NO VENCIDO"))
M70: =M65=N70 -> TRUE | N70: =SUM(N65:N69) -> 12 | O70: “Verdadero” indica que la cantidad por lote, coincide con el saldo que inicia al mes siguiente. "Falso" no coinicide. | T70: =SUM(T65:T69) -> 0
A71: =A65+1 -> 12 | B71: Vacuna Antineumocócica Conjugada (20-valente) PCV20 - Liquida | D71: =+Marzo!M71 -> 0 | E71: 0 | F71: 0 | J71: =+F71+G71 -> 0 | K71: =+AO71 -> 0 | L71: =+J71+K71 -> 0 | M71: =+(D71+E71)-(L71)+H71-I71 -> 0 | R71: =IF(Q71=0," ",IFERROR(IF(DATEDIF(TODAY(),Q71,"M")<=5,"ROJO",IF(DATEDIF(TODAY(),Q71,"M")>=12,"VERDE",IF(AND(DATEDIF(TODAY(),Q71,"M")>=6,DATEDIF(TODAY(),Q71,"M")<=11),"AMARILLO"))),S71)) | S71: =IF(Q71=0," ",IF(Q71<=$N$4,"VENCIDO","NO VENCIDO")) | Y71: =+AT71 -> 0 | AD71: =+AB71+AC71 -> 0 | AO71: =SUM(AD71:AN75) -> 0
R72: =IF(Q72=0," ",IFERROR(IF(DATEDIF(TODAY(),Q72,"M")<=5,"ROJO",IF(DATEDIF(TODAY(),Q72,"M")>=12,"VERDE",IF(AND(DATEDIF(TODAY(),Q72,"M")>=6,DATEDIF(TODAY(),Q72,"M")<=11),"AMARILLO"))),S72)) | S72: =IF(Q72=0," ",IF(Q72<=$N$4,"VENCIDO","NO VENCIDO"))
R73: =IF(Q73=0," ",IFERROR(IF(DATEDIF(TODAY(),Q73,"M")<=5,"ROJO",IF(DATEDIF(TODAY(),Q73,"M")>=12,"VERDE",IF(AND(DATEDIF(TODAY(),Q73,"M")>=6,DATEDIF(TODAY(),Q73,"M")<=11),"AMARILLO"))),S73)) | S73: =IF(Q73=0," ",IF(Q73<=$N$4,"VENCIDO","NO VENCIDO"))
R74: =IF(Q74=0," ",IFERROR(IF(DATEDIF(TODAY(),Q74,"M")<=5,"ROJO",IF(DATEDIF(TODAY(),Q74,"M")>=12,"VERDE",IF(AND(DATEDIF(TODAY(),Q74,"M")>=6,DATEDIF(TODAY(),Q74,"M")<=11),"AMARILLO"))),S74)) | S74: =IF(Q74=0," ",IF(Q74<=$N$4,"VENCIDO","NO VENCIDO"))
R75: =IF(Q75=0," ",IFERROR(IF(DATEDIF(TODAY(),Q75,"M")<=5,"ROJO",IF(DATEDIF(TODAY(),Q75,"M")>=12,"VERDE",IF(AND(DATEDIF(TODAY(),Q75,"M")>=6,DATEDIF(TODAY(),Q75,"M")<=11),"AMARILLO"))),S75)) | S75: =IF(Q75=0," ",IF(Q75<=$N$4,"VENCIDO","NO VENCIDO"))
M76: =M71=N76 -> TRUE | N76: =SUM(N71:N75) -> 0 | O76: “Verdadero” indica que la cantidad por lote, coincide con el saldo que inicia al mes siguiente. "Falso" no coinicide. | T76: =SUM(T71:T75) -> 0
A77: =A71+1 -> 13 | B77: Vacuna de Sarampión, Rubeola y Paperas (SRP) (Cepa Leningrado-Zagreb) Liofilizado - Vial x 01 dosis - TRIPLE VIRAL | D77: =+Marzo!M77 -> 20 | E77: 20 | F77: 14 | J77: =+F77+G77 -> 14 | K77: =+AO77 -> 0 | L77: =+J77+K77 -> 14 | M77: =+(D77+E77)-(L77)+H77-I77 -> 26 | N77: 6 | O77: 0133N140B | P77: SERUM | Q77: 46265 | R77: =IF(Q77=0," ",IFERROR(IF(DATEDIF(TODAY(),Q77,"M")<=5,"ROJO",IF(DATEDIF(TODAY(),Q77,"M")>=12,"VERDE",IF(AND(DATEDIF(TODAY(),Q77,"M")>=6,DATEDIF(TODAY(),Q77,"M")<=11),"AMARILLO"))),S77)) -> NO VENCIDO | S77: =IF(Q77=0," ",IF(Q77<=$N$4,"VENCIDO","NO VENCIDO")) -> NO VENCIDO | Y77: =+AT77 -> 0 | AD77: =+AB77+AC77 -> 0 | AO77: =SUM(AD77:AN81) -> 0
N78: 20 | O78: 0134N096A | P78: SERUM | Q78: 46507 | R78: =IF(Q78=0," ",IFERROR(IF(DATEDIF(TODAY(),Q78,"M")<=5,"ROJO",IF(DATEDIF(TODAY(),Q78,"M")>=12,"VERDE",IF(AND(DATEDIF(TODAY(),Q78,"M")>=6,DATEDIF(TODAY(),Q78,"M")<=11),"AMARILLO"))),S78)) -> AMARILLO | S78: =IF(Q78=0," ",IF(Q78<=$N$4,"VENCIDO","NO VENCIDO")) -> NO VENCIDO
R79: =IF(Q79=0," ",IFERROR(IF(DATEDIF(TODAY(),Q79,"M")<=5,"ROJO",IF(DATEDIF(TODAY(),Q79,"M")>=12,"VERDE",IF(AND(DATEDIF(TODAY(),Q79,"M")>=6,DATEDIF(TODAY(),Q79,"M")<=11),"AMARILLO"))),S79)) | S79: =IF(Q79=0," ",IF(Q79<=$N$4,"VENCIDO","NO VENCIDO"))
R80: =IF(Q80=0," ",IFERROR(IF(DATEDIF(TODAY(),Q80,"M")<=5,"ROJO",IF(DATEDIF(TODAY(),Q80,"M")>=12,"VERDE",IF(AND(DATEDIF(TODAY(),Q80,"M")>=6,DATEDIF(TODAY(),Q80,"M")<=11),"AMARILLO"))),S80)) | S80: =IF(Q80=0," ",IF(Q80<=$N$4,"VENCIDO","NO VENCIDO"))
R81: =IF(Q81=0," ",IFERROR(IF(DATEDIF(TODAY(),Q81,"M")<=5,"ROJO",IF(DATEDIF(TODAY(),Q81,"M")>=12,"VERDE",IF(AND(DATEDIF(TODAY(),Q81,"M")>=6,DATEDIF(TODAY(),Q81,"M")<=11),"AMARILLO"))),S81)) | S81: =IF(Q81=0," ",IF(Q81<=$N$4,"VENCIDO","NO VENCIDO"))
M82: =M77=N82 -> TRUE | N82: =SUM(N77:N81) -> 26 | O82: “Verdadero” indica que la cantidad por lote, coincide con el saldo que inicia al mes siguiente. "Falso" no coinicide. | T82: =SUM(T77:T81) -> 0
A83: =A77+1 -> 14 | B83: Vacuna de Sarampión, Rubeola y Paperas (SRP) (Cepa Leningrado-Zagreb) Liofilizado - Vial x 05 dosis - TRIPLE VIRAL | D83: =+Marzo!M83 -> 0 | E83: 0 | F83: 0 | J83: =+F83+G83 -> 0 | K83: =+AO83 -> 0 | L83: =+J83+K83 -> 0 | M83: =+(D83+E83)-(L83)+H83-I83 -> 0 | R83: =IF(Q83=0," ",IFERROR(IF(DATEDIF(TODAY(),Q83,"M")<=5,"ROJO",IF(DATEDIF(TODAY(),Q83,"M")>=12,"VERDE",IF(AND(DATEDIF(TODAY(),Q83,"M")>=6,DATEDIF(TODAY(),Q83,"M")<=11),"AMARILLO"))),S83)) | S83: =IF(Q83=0," ",IF(Q83<=$N$4,"VENCIDO","NO VENCIDO")) | Y83: =+AT83 -> 0 | AD83: =+AB83+AC83 -> 0 | AO83: =SUM(AD83:AN87) -> 0
R84: =IF(Q84=0," ",IFERROR(IF(DATEDIF(TODAY(),Q84,"M")<=5,"ROJO",IF(DATEDIF(TODAY(),Q84,"M")>=12,"VERDE",IF(AND(DATEDIF(TODAY(),Q84,"M")>=6,DATEDIF(TODAY(),Q84,"M")<=11),"AMARILLO"))),S84)) | S84: =IF(Q84=0," ",IF(Q84<=$N$4,"VENCIDO","NO VENCIDO"))
R85: =IF(Q85=0," ",IFERROR(IF(DATEDIF(TODAY(),Q85,"M")<=5,"ROJO",IF(DATEDIF(TODAY(),Q85,"M")>=12,"VERDE",IF(AND(DATEDIF(TODAY(),Q85,"M")>=6,DATEDIF(TODAY(),Q85,"M")<=11),"AMARILLO"))),S85)) | S85: =IF(Q85=0," ",IF(Q85<=$N$4,"VENCIDO","NO VENCIDO"))
R86: =IF(Q86=0," ",IFERROR(IF(DATEDIF(TODAY(),Q86,"M")<=5,"ROJO",IF(DATEDIF(TODAY(),Q86,"M")>=12,"VERDE",IF(AND(DATEDIF(TODAY(),Q86,"M")>=6,DATEDIF(TODAY(),Q86,"M")<=11),"AMARILLO"))),S86)) | S86: =IF(Q86=0," ",IF(Q86<=$N$4,"VENCIDO","NO VENCIDO"))
R87: =IF(Q87=0," ",IFERROR(IF(DATEDIF(TODAY(),Q87,"M")<=5,"ROJO",IF(DATEDIF(TODAY(),Q87,"M")>=12,"VERDE",IF(AND(DATEDIF(TODAY(),Q87,"M")>=6,DATEDIF(TODAY(),Q87,"M")<=11),"AMARILLO"))),S87)) | S87: =IF(Q87=0," ",IF(Q87<=$N$4,"VENCIDO","NO VENCIDO"))
M88: =M83=N88 -> TRUE | N88: =SUM(N83:N87) -> 0 | O88: “Verdadero” indica que la cantidad por lote, coincide con el saldo que inicia al mes siguiente. "Falso" no coinicide. | T88: =SUM(T83:T87) -> 0
A89: =A83+1 -> 15 | B89: Vacuna de Sarampión, Rubeola y Paperas (SRP) (Cepa Leningrado-Zagreb) Liofilizado - Vial x 10 dosis - TRIPLE VIRAL | D89: =+Marzo!M89 -> 0 | E89: 0 | F89: 0 | J89: =+F89+G89 -> 0 | K89: =+AO89 -> 0 | L89: =+J89+K89 -> 0 | M89: =+(D89+E89)-(L89)+H89-I89 -> 0 | R89: =IF(Q89=0," ",IFERROR(IF(DATEDIF(TODAY(),Q89,"M")<=5,"ROJO",IF(DATEDIF(TODAY(),Q89,"M")>=12,"VERDE",IF(AND(DATEDIF(TODAY(),Q89,"M")>=6,DATEDIF(TODAY(),Q89,"M")<=11),"AMARILLO"))),S89)) | S89: =IF(Q89=0," ",IF(Q89<=$N$4,"VENCIDO","NO VENCIDO")) | Y89: =+AT89 -> 0 | AD89: =+AB89+AC89 -> 0 | AO89: =SUM(AD89:AN93) -> 0
R90: =IF(Q90=0," ",IFERROR(IF(DATEDIF(TODAY(),Q90,"M")<=5,"ROJO",IF(DATEDIF(TODAY(),Q90,"M")>=12,"VERDE",IF(AND(DATEDIF(TODAY(),Q90,"M")>=6,DATEDIF(TODAY(),Q90,"M")<=11),"AMARILLO"))),S90)) | S90: =IF(Q90=0," ",IF(Q90<=$N$4,"VENCIDO","NO VENCIDO"))
R91: =IF(Q91=0," ",IFERROR(IF(DATEDIF(TODAY(),Q91,"M")<=5,"ROJO",IF(DATEDIF(TODAY(),Q91,"M")>=12,"VERDE",IF(AND(DATEDIF(TODAY(),Q91,"M")>=6,DATEDIF(TODAY(),Q91,"M")<=11),"AMARILLO"))),S91)) | S91: =IF(Q91=0," ",IF(Q91<=$N$4,"VENCIDO","NO VENCIDO"))
R92: =IF(Q92=0," ",IFERROR(IF(DATEDIF(TODAY(),Q92,"M")<=5,"ROJO",IF(DATEDIF(TODAY(),Q92,"M")>=12,"VERDE",IF(AND(DATEDIF(TODAY(),Q92,"M")>=6,DATEDIF(TODAY(),Q92,"M")<=11),"AMARILLO"))),S92)) | S92: =IF(Q92=0," ",IF(Q92<=$N$4,"VENCIDO","NO VENCIDO"))
R93: =IF(Q93=0," ",IFERROR(IF(DATEDIF(TODAY(),Q93,"M")<=5,"ROJO",IF(DATEDIF(TODAY(),Q93,"M")>=12,"VERDE",IF(AND(DATEDIF(TODAY(),Q93,"M")>=6,DATEDIF(TODAY(),Q93,"M")<=11),"AMARILLO"))),S93)) | S93: =IF(Q93=0," ",IF(Q93<=$N$4,"VENCIDO","NO VENCIDO"))
M94: =M89=N94 -> TRUE | N94: =SUM(N89:N93) -> 0 | O94: “Verdadero” indica que la cantidad por lote, coincide con el saldo que inicia al mes siguiente. "Falso" no coinicide. | T94: =SUM(T89:T93) -> 0
A95: =A89+1 -> 16 | B95: Vacuna de Sarampión Rubeola (SR) Liofilizada - Vial x 01 dosis -DOBLE VIRAL | D95: =+Marzo!M95 -> 42 | E95: 0 | F95: 7 | J95: =+F95+G95 -> 7 | K95: =+AO95 -> 0 | L95: =+J95+K95 -> 7 | M95: =+(D95+E95)-(L95)+H95-I95 -> 35 | N95: 35 | O95: 0094W002 | P95: SERUM | Q95: 46356 | R95: =IF(Q95=0," ",IFERROR(IF(DATEDIF(TODAY(),Q95,"M")<=5,"ROJO",IF(DATEDIF(TODAY(),Q95,"M")>=12,"VERDE",IF(AND(DATEDIF(TODAY(),Q95,"M")>=6,DATEDIF(TODAY(),Q95,"M")<=11),"AMARILLO"))),S95)) -> ROJO | S95: =IF(Q95=0," ",IF(Q95<=$N$4,"VENCIDO","NO VENCIDO")) -> NO VENCIDO | Y95: =+AT95 -> 0 | AD95: =+AB95+AC95 -> 0 | AO95: =SUM(AD95:AN99) -> 0
R96: =IF(Q96=0," ",IFERROR(IF(DATEDIF(TODAY(),Q96,"M")<=5,"ROJO",IF(DATEDIF(TODAY(),Q96,"M")>=12,"VERDE",IF(AND(DATEDIF(TODAY(),Q96,"M")>=6,DATEDIF(TODAY(),Q96,"M")<=11),"AMARILLO"))),S96)) | S96: =IF(Q96=0," ",IF(Q96<=$N$4,"VENCIDO","NO VENCIDO"))
R97: =IF(Q97=0," ",IFERROR(IF(DATEDIF(TODAY(),Q97,"M")<=5,"ROJO",IF(DATEDIF(TODAY(),Q97,"M")>=12,"VERDE",IF(AND(DATEDIF(TODAY(),Q97,"M")>=6,DATEDIF(TODAY(),Q97,"M")<=11),"AMARILLO"))),S97)) | S97: =IF(Q97=0," ",IF(Q97<=$N$4,"VENCIDO","NO VENCIDO"))
R98: =IF(Q98=0," ",IFERROR(IF(DATEDIF(TODAY(),Q98,"M")<=5,"ROJO",IF(DATEDIF(TODAY(),Q98,"M")>=12,"VERDE",IF(AND(DATEDIF(TODAY(),Q98,"M")>=6,DATEDIF(TODAY(),Q98,"M")<=11),"AMARILLO"))),S98)) | S98: =IF(Q98=0," ",IF(Q98<=$N$4,"VENCIDO","NO VENCIDO"))
R99: =IF(Q99=0," ",IFERROR(IF(DATEDIF(TODAY(),Q99,"M")<=5,"ROJO",IF(DATEDIF(TODAY(),Q99,"M")>=12,"VERDE",IF(AND(DATEDIF(TODAY(),Q99,"M")>=6,DATEDIF(TODAY(),Q99,"M")<=11),"AMARILLO"))),S99)) | S99: =IF(Q99=0," ",IF(Q99<=$N$4,"VENCIDO","NO VENCIDO"))
M100: =M95=N100 -> TRUE | N100: =SUM(N95:N99) -> 35 | O100: “Verdadero” indica que la cantidad por lote, coincide con el saldo que inicia al mes siguiente. "Falso" no coinicide. | T100: =SUM(T95:T99) -> 0
A101: =A95+1 -> 17 | B101: Vacuna de Sarampión Rubeola (SR) Liofilizada - Vial x 10 dosis - DOBLE VIRAL | D101: =+Marzo!M101 -> 0 | E101: 0 | F101: 0 | J101: =+F101+G101 -> 0 | K101: =+AO101 -> 0 | L101: =+J101+K101 -> 0 | M101: =+(D101+E101)-(L101)+H101-I101 -> 0 | R101: =IF(Q101=0," ",IFERROR(IF(DATEDIF(TODAY(),Q101,"M")<=5,"ROJO",IF(DATEDIF(TODAY(),Q101,"M")>=12,"VERDE",IF(AND(DATEDIF(TODAY(),Q101,"M")>=6,DATEDIF(TODAY(),Q101,"M")<=11),"AMARILLO"))),S101)) | S101: =IF(Q101=0," ",IF(Q101<=$N$4,"VENCIDO","NO VENCIDO")) | Y101: =+AT101 -> 0 | AD101: =+AB101+AC101 -> 0 | AO101: =SUM(AD101:AN105) -> 0
R102: =IF(Q102=0," ",IFERROR(IF(DATEDIF(TODAY(),Q102,"M")<=5,"ROJO",IF(DATEDIF(TODAY(),Q102,"M")>=12,"VERDE",IF(AND(DATEDIF(TODAY(),Q102,"M")>=6,DATEDIF(TODAY(),Q102,"M")<=11),"AMARILLO"))),S102)) | S102: =IF(Q102=0," ",IF(Q102<=$N$4,"VENCIDO","NO VENCIDO"))
R103: =IF(Q103=0," ",IFERROR(IF(DATEDIF(TODAY(),Q103,"M")<=5,"ROJO",IF(DATEDIF(TODAY(),Q103,"M")>=12,"VERDE",IF(AND(DATEDIF(TODAY(),Q103,"M")>=6,DATEDIF(TODAY(),Q103,"M")<=11),"AMARILLO"))),S103)) | S103: =IF(Q103=0," ",IF(Q103<=$N$4,"VENCIDO","NO VENCIDO"))
R104: =IF(Q104=0," ",IFERROR(IF(DATEDIF(TODAY(),Q104,"M")<=5,"ROJO",IF(DATEDIF(TODAY(),Q104,"M")>=12,"VERDE",IF(AND(DATEDIF(TODAY(),Q104,"M")>=6,DATEDIF(TODAY(),Q104,"M")<=11),"AMARILLO"))),S104)) | S104: =IF(Q104=0," ",IF(Q104<=$N$4,"VENCIDO","NO VENCIDO"))
...

Sheet Mayo
A1: ÍTEM | B1: INSUMOS | D1: SALDO MES ANTERIOR | E1: BIOLÓGICO RECIBIDO DEL CENTRO DE ACOPIO DEPARTAMENTAL / DISTRITAL | F1: DOSIS APLICADAS | H1: Entradas | I1: Salidas | J1: TOTAL DOSIS APLICADAS | K1: DOSIS PERDIDAS | L1: TOTAL DOSIS ÚTILIZADAS EN EL MES | M1: SALDO QUE INICIA EL MES SIGUIENTE (SOLO MUNICIPIOS) | N1: DOSIS POR LOTES | O1: No. LOTE | P1: LABORATORIO | Q1: FECHA DE VENCIMIENTO | R1: SEMAFORIZACION VIDA ÚTIL DEL BIOLÓGICO | S1: CONDICIÓN FINAL DEL BIOLÓGICO, DILUYENTE Y CARNET | T1: DOSIS EN CUARENTENA | U1: LABORATORIO | V1: No. LOTE | W1: FECHA DE VENCIMEINTO | X1: FECHA DE INICIO CUARENTENA | Y1: PORCENTAJE DE PERDIDA DEL MES | Z1: OBSERVACIONES | AB1: CAUSAS PERDIDA DE BIOLÓGICOS (Remítase a la primera hoja donde se especifica la clasificación de las perdidas) | AO1: TOTAL DOSIS PERDIDAS
F2: DOSIS APLICADAS COLOMBIANOS | G2: DOSIS APLICADAS EXTRANJEROS | H2: DOSIS INGRESADAS POR TRASLADOS DE MUNICIPIOS O IPS | I2: DOSIS TRASLADADAS A OTROS MUNICIPIOS O IPS | AB2: 1 | AE2: 2 | AF2: 3 | AG2: 4 | AH2: 5 | AI2: 6 | AJ2: 7 | AK2: 8 | AL2: 9 | AM2: 10 | AN2: 11
AB3: POLÍTICA DE FRASCOS ABIERTO | AE3: INTERRUPCIÓN DE CADENA DE FRÍO | AF3: CONTAMINACION DEL BIOLÓGICO/DISPOSITIVO MÉDICO | AG3: VIAL ROTO | AH3: ERRORES EN LA MANIPULACIÓN | AI3: VENCIMIENTO DEL BIOLÓGICO O JERINGA | AJ3: FARMACOVIGILANCIA / TECNOVIGILANCIA | AK3: VOMITO FRANCO | AL3: APLICACIÓN FUERA DE LA EDAD | AM3: POR DECISIÓN FINAL DEL PACIENTE DE NO VACUNACIÓN | AN3: SINIESTRO O ROBO
AB4: INSTITUCIONAL | AC4: EXTRAMURAL | AD4: TOTAL
A5: 1 | B5: Vacuna de BCG (Bacilo de Calmette y Guérin) Liofilizada | D5: =+Abril!M5 -> 20 | G5: 0 | J5: =+F5+G5 -> 0 | K5: =+AO5 -> 0 | L5: =+J5+K5 -> 0 | M5: =+(D5+E5)-(L5)+H5-I5 -> 20 | N5: 10 | O5: 0373M117 | P5: SERUM | Q5: 46203 | R5: =IF(Q5=0," ",IFERROR(IF(DATEDIF(TODAY(),Q5,"M")<=5,"ROJO",IF(DATEDIF(TODAY(),Q5,"M")>=12,"VERDE",IF(AND(DATEDIF(TODAY(),Q5,"M")>=6,DATEDIF(TODAY(),Q5,"M")<=11),"AMARILLO"))),S5)) -> NO VENCIDO | S5: =IF(Q5=0," ",IF(Q5<=$N$4,"VENCIDO","NO VENCIDO")) -> NO VENCIDO | Y5: =+AT5 -> 0 | AD5: =+AB5+AC5 -> 0 | AO5: =SUM(AD5:AN9) -> 0
N6: 10 | O6: 0374MA071 | P6: SERUM | Q6: 46387 | R6: =IF(Q6=0," ",IFERROR(IF(DATEDIF(TODAY(),Q6,"M")<=5,"ROJO",IF(DATEDIF(TODAY(),Q6,"M")>=12,"VERDE",IF(AND(DATEDIF(TODAY(),Q6,"M")>=6,DATEDIF(TODAY(),Q6,"M")<=11),"AMARILLO"))),S6)) -> ROJO | S6: =IF(Q6=0," ",IF(Q6<=$N$4,"VENCIDO","NO VENCIDO")) -> NO VENCIDO
R7: =IF(Q7=0," ",IFERROR(IF(DATEDIF(TODAY(),Q7,"M")<=5,"ROJO",IF(DATEDIF(TODAY(),Q7,"M")>=12,"VERDE",IF(AND(DATEDIF(TODAY(),Q7,"M")>=6,DATEDIF(TODAY(),Q7,"M")<=11),"AMARILLO"))),S7)) | S7: =IF(Q7=0," ",IF(Q7<=$N$4,"VENCIDO","NO VENCIDO"))
R8: =IF(Q8=0," ",IFERROR(IF(DATEDIF(TODAY(),Q8,"M")<=5,"ROJO",IF(DATEDIF(TODAY(),Q8,"M")>=12,"VERDE",IF(AND(DATEDIF(TODAY(),Q8,"M")>=6,DATEDIF(TODAY(),Q8,"M")<=11),"AMARILLO"))),S8)) | S8: =IF(Q8=0," ",IF(Q8<=$N$4,"VENCIDO","NO VENCIDO"))
R9: =IF(Q9=0," ",IFERROR(IF(DATEDIF(TODAY(),Q9,"M")<=5,"ROJO",IF(DATEDIF(TODAY(),Q9,"M")>=12,"VERDE",IF(AND(DATEDIF(TODAY(),Q9,"M")>=6,DATEDIF(TODAY(),Q9,"M")<=11),"AMARILLO"))),S9)) | S9: =IF(Q9=0," ",IF(Q9<=$N$4,"VENCIDO","NO VENCIDO"))
M10: =M5=N10 -> TRUE | N10: =SUM(N5:N9) -> 20 | O10: “Verdadero” indica que la cantidad por lote, coincide con el saldo que inicia al mes siguiente. "Falso" no coinicide. | T10: =SUM(T5:T9) -> 0
A11: =A5+1 -> 2 | B11: Vacuna de Hepatitis B Recombinante Pediátrica - Liquida | D11: =+Abril!M11 -> 23 | F11: 12 | G11: 1 | J11: =+F11+G11 -> 13 | K11: =+AO11 -> 0 | L11: =+J11+K11 -> 13 | M11: =+(D11+E11)-(L11)+H11-I11 -> 10 | N11: 10 | O11: 0324L013A | P11: SERUM | Q11: 46721 | R11: =IF(Q11=0," ",IFERROR(IF(DATEDIF(TODAY(),Q11,"M")<=5,"ROJO",IF(DATEDIF(TODAY(),Q11,"M")>=12,"VERDE",IF(AND(DATEDIF(TODAY(),Q11,"M")>=6,DATEDIF(TODAY(),Q11,"M")<=11),"AMARILLO"))),S11)) -> VERDE | S11: =IF(Q11=0," ",IF(Q11<=$N$4,"VENCIDO","NO VENCIDO")) -> NO VENCIDO | Y11: =+AT11 -> 0 | AD11: =+AB11+AC11 -> 0 | AO11: =SUM(AD11:AN15) -> 0
R12: =IF(Q12=0," ",IFERROR(IF(DATEDIF(TODAY(),Q12,"M")<=5,"ROJO",IF(DATEDIF(TODAY(),Q12,"M")>=12,"VERDE",IF(AND(DATEDIF(TODAY(),Q12,"M")>=6,DATEDIF(TODAY(),Q12,"M")<=11),"AMARILLO"))),S12)) | S12: =IF(Q12=0," ",IF(Q12<=$N$4,"VENCIDO","NO VENCIDO"))
R13: =IF(Q13=0," ",IFERROR(IF(DATEDIF(TODAY(),Q13,"M")<=5,"ROJO",IF(DATEDIF(TODAY(),Q13,"M")>=12,"VERDE",IF(AND(DATEDIF(TODAY(),Q13,"M")>=6,DATEDIF(TODAY(),Q13,"M")<=11),"AMARILLO"))),S13)) | S13: =IF(Q13=0," ",IF(Q13<=$N$4,"VENCIDO","NO VENCIDO"))
R14: =IF(Q14=0," ",IFERROR(IF(DATEDIF(TODAY(),Q14,"M")<=5,"ROJO",IF(DATEDIF(TODAY(),Q14,"M")>=12,"VERDE",IF(AND(DATEDIF(TODAY(),Q14,"M")>=6,DATEDIF(TODAY(),Q14,"M")<=11),"AMARILLO"))),S14)) | S14: =IF(Q14=0," ",IF(Q14<=$N$4,"VENCIDO","NO VENCIDO"))
R15: =IF(Q15=0," ",IFERROR(IF(DATEDIF(TODAY(),Q15,"M")<=5,"ROJO",IF(DATEDIF(TODAY(),Q15,"M")>=12,"VERDE",IF(AND(DATEDIF(TODAY(),Q15,"M")>=6,DATEDIF(TODAY(),Q15,"M")<=11),"AMARILLO"))),S15)) | S15: =IF(Q15=0," ",IF(Q15<=$N$4,"VENCIDO","NO VENCIDO"))
M16: =M11=N16 -> TRUE | N16: =SUM(N11:N15) -> 10 | O16: “Verdadero” indica que la cantidad por lote, coincide con el saldo que inicia al mes siguiente. "Falso" no coinicide. | T16: =SUM(T11:T15) -> 0
A17: =A11+1 -> 3 | B17: Vacuna de Hepatitis B Recombinante Adultos - Liquida | D17: =+Abril!M17 -> 0 | G17: 0 | J17: =+F17+G17 -> 0 | K17: =+AO17 -> 0 | L17: =+J17+K17 -> 0 | M17: =+(D17+E17)-(L17)+H17-I17 -> 0 | R17: =IF(Q17=0," ",IFERROR(IF(DATEDIF(TODAY(),Q17,"M")<=5,"ROJO",IF(DATEDIF(TODAY(),Q17,"M")>=12,"VERDE",IF(AND(DATEDIF(TODAY(),Q17,"M")>=6,DATEDIF(TODAY(),Q17,"M")<=11),"AMARILLO"))),S17)) | S17: =IF(Q17=0," ",IF(Q17<=$N$4,"VENCIDO","NO VENCIDO")) | Y17: =+AT17 -> 0 | AD17: =+AB17+AC17 -> 0 | AO17: =SUM(AD17:AN21) -> 0
R18: =IF(Q18=0," ",IFERROR(IF(DATEDIF(TODAY(),Q18,"M")<=5,"ROJO",IF(DATEDIF(TODAY(),Q18,"M")>=12,"VERDE",IF(AND(DATEDIF(TODAY(),Q18,"M")>=6,DATEDIF(TODAY(),Q18,"M")<=11),"AMARILLO"))),S18)) | S18: =IF(Q18=0," ",IF(Q18<=$N$4,"VENCIDO","NO VENCIDO"))
R19: =IF(Q19=0," ",IFERROR(IF(DATEDIF(TODAY(),Q19,"M")<=5,"ROJO",IF(DATEDIF(TODAY(),Q19,"M")>=12,"VERDE",IF(AND(DATEDIF(TODAY(),Q19,"M")>=6,DATEDIF(TODAY(),Q19,"M")<=11),"AMARILLO"))),S19)) | S19: =IF(Q19=0," ",IF(Q19<=$N$4,"VENCIDO","NO VENCIDO"))
R20: =IF(Q20=0," ",IFERROR(IF(DATEDIF(TODAY(),Q20,"M")<=5,"ROJO",IF(DATEDIF(TODAY(),Q20,"M")>=12,"VERDE",IF(AND(DATEDIF(TODAY(),Q20,"M")>=6,DATEDIF(TODAY(),Q20,"M")<=11),"AMARILLO"))),S20)) | S20: =IF(Q20=0," ",IF(Q20<=$N$4,"VENCIDO","NO VENCIDO"))
R21: =IF(Q21=0," ",IFERROR(IF(DATEDIF(TODAY(),Q21,"M")<=5,"ROJO",IF(DATEDIF(TODAY(),Q21,"M")>=12,"VERDE",IF(AND(DATEDIF(TODAY(),Q21,"M")>=6,DATEDIF(TODAY(),Q21,"M")<=11),"AMARILLO"))),S21)) | S21: =IF(Q21=0," ",IF(Q21<=$N$4,"VENCIDO","NO VENCIDO"))
M22: =M17=N22 -> TRUE | N22: =SUM(N17:N21) -> 0 | O22: “Verdadero” indica que la cantidad por lote, coincide con el saldo que inicia al mes siguiente. "Falso" no coinicide. | T22: =SUM(T17:T21) -> 0
A23: =A17+1 -> 4 | B23: Vacuna de Poliovirus Inactiva IPV - Liquida | D23: =+Abril!M23 -> 20 | E23: 30 | F23: 32 | G23: 2 | J23: =+F23+G23 -> 34 | K23: =+AO23 -> 0 | L23: =+J23+K23 -> 34 | M23: =+(D23+E23)-(L23)+H23-I23 -> 16 | N23: 16 | O23: 2522006A | P23: BILTHOVEN | Q23: 46808 | R23: =IF(Q23=0," ",IFERROR(IF(DATEDIF(TODAY(),Q23,"M")<=5,"ROJO",IF(DATEDIF(TODAY(),Q23,"M")>=12,"VERDE",IF(AND(DATEDIF(TODAY(),Q23,"M")>=6,DATEDIF(TODAY(),Q23,"M")<=11),"AMARILLO"))),S23)) -> VERDE | S23: =IF(Q23=0," ",IF(Q23<=$N$4,"VENCIDO","NO VENCIDO")) -> NO VENCIDO | Y23: =+AT23 -> 0 | AD23: =+AB23+AC23 -> 0 | AO23: =SUM(AD23:AN27) -> 0
R24: =IF(Q24=0," ",IFERROR(IF(DATEDIF(TODAY(),Q24,"M")<=5,"ROJO",IF(DATEDIF(TODAY(),Q24,"M")>=12,"VERDE",IF(AND(DATEDIF(TODAY(),Q24,"M")>=6,DATEDIF(TODAY(),Q24,"M")<=11),"AMARILLO"))),S24)) | S24: =IF(Q24=0," ",IF(Q24<=$N$4,"VENCIDO","NO VENCIDO"))
R25: =IF(Q25=0," ",IFERROR(IF(DATEDIF(TODAY(),Q25,"M")<=5,"ROJO",IF(DATEDIF(TODAY(),Q25,"M")>=12,"VERDE",IF(AND(DATEDIF(TODAY(),Q25,"M")>=6,DATEDIF(TODAY(),Q25,"M")<=11),"AMARILLO"))),S25)) | S25: =IF(Q25=0," ",IF(Q25<=$N$4,"VENCIDO","NO VENCIDO"))
R26: =IF(Q26=0," ",IFERROR(IF(DATEDIF(TODAY(),Q26,"M")<=5,"ROJO",IF(DATEDIF(TODAY(),Q26,"M")>=12,"VERDE",IF(AND(DATEDIF(TODAY(),Q26,"M")>=6,DATEDIF(TODAY(),Q26,"M")<=11),"AMARILLO"))),S26)) | S26: =IF(Q26=0," ",IF(Q26<=$N$4,"VENCIDO","NO VENCIDO"))
R27: =IF(Q27=0," ",IFERROR(IF(DATEDIF(TODAY(),Q27,"M")<=5,"ROJO",IF(DATEDIF(TODAY(),Q27,"M")>=12,"VERDE",IF(AND(DATEDIF(TODAY(),Q27,"M")>=6,DATEDIF(TODAY(),Q27,"M")<=11),"AMARILLO"))),S27)) | S27: =IF(Q27=0," ",IF(Q27<=$N$4,"VENCIDO","NO VENCIDO"))
M28: =M23=N28 -> TRUE | N28: =SUM(N23:N27) -> 16 | O28: “Verdadero” indica que la cantidad por lote, coincide con el saldo que inicia al mes siguiente. "Falso" no coinicide. | T28: =SUM(T23:T27) -> 0
A29: =A23+1 -> 5 | B29: Vacuna de Difteria - Tos ferina (Celula completa) - Tétanos - Hepatitis B - Haemophilus influenzae tipo B (DTwP-HepB-Hib) PENTAVALENTE PEDIÁTRICA - Liquida | D29: =+Abril!M29 -> 26 | E29: 30 | F29: 22 | G29: 1 | J29: =+F29+G29 -> 23 | K29: =+AO29 -> 0 | L29: =+J29+K29 -> 23 | M29: =+(D29+E29)-(L29)+H29-I29 -> 33 | N29: 33 | O29: 2855X062C | P29: SERUM | Q29: 46568 | R29: =IF(Q29=0," ",IFERROR(IF(DATEDIF(TODAY(),Q29,"M")<=5,"ROJO",IF(DATEDIF(TODAY(),Q29,"M")>=12,"VERDE",IF(AND(DATEDIF(TODAY(),Q29,"M")>=6,DATEDIF(TODAY(),Q29,"M")<=11),"AMARILLO"))),S29)) -> AMARILLO | S29: =IF(Q29=0," ",IF(Q29<=$N$4,"VENCIDO","NO VENCIDO")) -> NO VENCIDO | Y29: =+AT29 -> 0 | AD29: =+AB29+AC29 -> 0 | AO29: =SUM(AD29:AN33) -> 0
R30: =IF(Q30=0," ",IFERROR(IF(DATEDIF(TODAY(),Q30,"M")<=5,"ROJO",IF(DATEDIF(TODAY(),Q30,"M")>=12,"VERDE",IF(AND(DATEDIF(TODAY(),Q30,"M")>=6,DATEDIF(TODAY(),Q30,"M")<=11),"AMARILLO"))),S30)) | S30: =IF(Q30=0," ",IF(Q30<=$N$4,"VENCIDO","NO VENCIDO"))
R31: =IF(Q31=0," ",IFERROR(IF(DATEDIF(TODAY(),Q31,"M")<=5,"ROJO",IF(DATEDIF(TODAY(),Q31,"M")>=12,"VERDE",IF(AND(DATEDIF(TODAY(),Q31,"M")>=6,DATEDIF(TODAY(),Q31,"M")<=11),"AMARILLO"))),S31)) | S31: =IF(Q31=0," ",IF(Q31<=$N$4,"VENCIDO","NO VENCIDO"))
R32: =IF(Q32=0," ",IFERROR(IF(DATEDIF(TODAY(),Q32,"M")<=5,"ROJO",IF(DATEDIF(TODAY(),Q32,"M")>=12,"VERDE",IF(AND(DATEDIF(TODAY(),Q32,"M")>=6,DATEDIF(TODAY(),Q32,"M")<=11),"AMARILLO"))),S32)) | S32: =IF(Q32=0," ",IF(Q32<=$N$4,"VENCIDO","NO VENCIDO"))
R33: =IF(Q33=0," ",IFERROR(IF(DATEDIF(TODAY(),Q33,"M")<=5,"ROJO",IF(DATEDIF(TODAY(),Q33,"M")>=12,"VERDE",IF(AND(DATEDIF(TODAY(),Q33,"M")>=6,DATEDIF(TODAY(),Q33,"M")<=11),"AMARILLO"))),S33)) | S33: =IF(Q33=0," ",IF(Q33<=$N$4,"VENCIDO","NO VENCIDO"))
M34: =M29=N34 -> TRUE | N34: =SUM(N29:N33) -> 33 | O34: “Verdadero” indica que la cantidad por lote, coincide con el saldo que inicia al mes siguiente. "Falso" no coinicide. | T34: =SUM(T29:T33) -> 0
A35: =A29+1 -> 6 | B35: Vacuna de Difteria - Tétanos - Tos ferina acelular - Poliovirus inactivado - Hepatitis B - Haemophilus influenzae tipo B (DTaP-IPV-HepB-Hib (HEXAVALENTE ACELULAR) - Liquida | D35: =+Abril!M35 -> 3 | G35: 0 | J35: =+F35+G35 -> 0 | K35: =+AO35 -> 0 | L35: =+J35+K35 -> 0 | M35: =+(D35+E35)-(L35)+H35-I35 -> 3 | N35: 3 | O35: 4CA03C1 | P35: SANOFI | Q35: 46325 | R35: =IF(Q35=0," ",IFERROR(IF(DATEDIF(TODAY(),Q35,"M")<=5,"ROJO",IF(DATEDIF(TODAY(),Q35,"M")>=12,"VERDE",IF(AND(DATEDIF(TODAY(),Q35,"M")>=6,DATEDIF(TODAY(),Q35,"M")<=11),"AMARILLO"))),S35)) -> ROJO | S35: =IF(Q35=0," ",IF(Q35<=$N$4,"VENCIDO","NO VENCIDO")) -> NO VENCIDO | Y35: =+AT35 -> 0 | AD35: =+AB35+AC35 -> 0 | AO35: =SUM(AD35:AN39) -> 0
R36: =IF(Q36=0," ",IFERROR(IF(DATEDIF(TODAY(),Q36,"M")<=5,"ROJO",IF(DATEDIF(TODAY(),Q36,"M")>=12,"VERDE",IF(AND(DATEDIF(TODAY(),Q36,"M")>=6,DATEDIF(TODAY(),Q36,"M")<=11),"AMARILLO"))),S36)) | S36: =IF(Q36=0," ",IF(Q36<=$N$4,"VENCIDO","NO VENCIDO"))
R37: =IF(Q37=0," ",IFERROR(IF(DATEDIF(TODAY(),Q37,"M")<=5,"ROJO",IF(DATEDIF(TODAY(),Q37,"M")>=12,"VERDE",IF(AND(DATEDIF(TODAY(),Q37,"M")>=6,DATEDIF(TODAY(),Q37,"M")<=11),"AMARILLO"))),S37)) | S37: =IF(Q37=0," ",IF(Q37<=$N$4,"VENCIDO","NO VENCIDO"))
R38: =IF(Q38=0," ",IFERROR(IF(DATEDIF(TODAY(),Q38,"M")<=5,"ROJO",IF(DATEDIF(TODAY(),Q38,"M")>=12,"VERDE",IF(AND(DATEDIF(TODAY(),Q38,"M")>=6,DATEDIF(TODAY(),Q38,"M")<=11),"AMARILLO"))),S38)) | S38: =IF(Q38=0," ",IF(Q38<=$N$4,"VENCIDO","NO VENCIDO"))
R39: =IF(Q39=0," ",IFERROR(IF(DATEDIF(TODAY(),Q39,"M")<=5,"ROJO",IF(DATEDIF(TODAY(),Q39,"M")>=12,"VERDE",IF(AND(DATEDIF(TODAY(),Q39,"M")>=6,DATEDIF(TODAY(),Q39,"M")<=11),"AMARILLO"))),S39)) | S39: =IF(Q39=0," ",IF(Q39<=$N$4,"VENCIDO","NO VENCIDO"))
M40: =M35=N40 -> TRUE | N40: =SUM(N35:N39) -> 3 | O40: “Verdadero” indica que la cantidad por lote, coincide con el saldo que inicia al mes siguiente. "Falso" no coinicide. | T40: =SUM(T35:T39) -> 0
A41: =A35+1 -> 7 | B41: Vacuna de Difteria - Tos ferina (celula completa)- Tétanos - Hepatitis B - Haemophilus influenzae tipo B - Poliovirus inactivado (DTwP-HepB-Hib-IPV) - HEXAVALENTE DE CÉLULAS COMPLETAS - Liquida | D41: =+Abril!M41 -> 0 | G41: 0 | J41: =+F41+G41 -> 0 | K41: =+AO41 -> 0 | L41: =+J41+K41 -> 0 | M41: =+(D41+E41)-(L41)+H41-I41 -> 0 | Y41: =+AT41 -> 0 | AD41: =+AB41+AC41 -> 0 | AO41: =SUM(AD41:AN45) -> 0
M46: =M41=N46 -> TRUE | N46: =SUM(N41:N45) -> 0 | O46: “Verdadero” indica que la cantidad por lote, coincide con el saldo que inicia al mes siguiente. "Falso" no coinicide. | T46: =SUM(T41:T45) -> 0
A47: =A41+1 -> 8 | B47: Vacuna de Difteria, Tétano y Tosferina (DPT)- Liquida | D47: =+Abril!M47 -> 21 | E47: 10 | F47: 10 | G47: 1 | J47: =+F47+G47 -> 11 | K47: =+AO47 -> 0 | L47: =+J47+K47 -> 11 | M47: =+(D47+E47)-(L47)+H47-I47 -> 20 | N47: 20 | O47: 2825Q005A | P47: SERUM | Q47: 46446 | R47: =IF(Q47=0," ",IFERROR(IF(DATEDIF(TODAY(),Q47,"M")<=5,"ROJO",IF(DATEDIF(TODAY(),Q47,"M")>=12,"VERDE",IF(AND(DATEDIF(TODAY(),Q47,"M")>=6,DATEDIF(TODAY(),Q47,"M")<=11),"AMARILLO"))),S47)) -> ROJO | S47: =IF(Q47=0," ",IF(Q47<=$N$4,"VENCIDO","NO VENCIDO")) -> NO VENCIDO | Y47: =+AT47 -> 0 | AD47: =+AB47+AC47 -> 0 | AO47: =SUM(AD47:AN51) -> 0
R48: =IF(Q48=0," ",IFERROR(IF(DATEDIF(TODAY(),Q48,"M")<=5,"ROJO",IF(DATEDIF(TODAY(),Q48,"M")>=12,"VERDE",IF(AND(DATEDIF(TODAY(),Q48,"M")>=6,DATEDIF(TODAY(),Q48,"M")<=11),"AMARILLO"))),S48)) | S48: =IF(Q48=0," ",IF(Q48<=$N$4,"VENCIDO","NO VENCIDO"))
R49: =IF(Q49=0," ",IFERROR(IF(DATEDIF(TODAY(),Q49,"M")<=5,"ROJO",IF(DATEDIF(TODAY(),Q49,"M")>=12,"VERDE",IF(AND(DATEDIF(TODAY(),Q49,"M")>=6,DATEDIF(TODAY(),Q49,"M")<=11),"AMARILLO"))),S49)) | S49: =IF(Q49=0," ",IF(Q49<=$N$4,"VENCIDO","NO VENCIDO"))
R50: =IF(Q50=0," ",IFERROR(IF(DATEDIF(TODAY(),Q50,"M")<=5,"ROJO",IF(DATEDIF(TODAY(),Q50,"M")>=12,"VERDE",IF(AND(DATEDIF(TODAY(),Q50,"M")>=6,DATEDIF(TODAY(),Q50,"M")<=11),"AMARILLO"))),S50)) | S50: =IF(Q50=0," ",IF(Q50<=$N$4,"VENCIDO","NO VENCIDO"))
R51: =IF(Q51=0," ",IFERROR(IF(DATEDIF(TODAY(),Q51,"M")<=5,"ROJO",IF(DATEDIF(TODAY(),Q51,"M")>=12,"VERDE",IF(AND(DATEDIF(TODAY(),Q51,"M")>=6,DATEDIF(TODAY(),Q51,"M")<=11),"AMARILLO"))),S51)) | S51: =IF(Q51=0," ",IF(Q51<=$N$4,"VENCIDO","NO VENCIDO"))
M52: =M47=N52 -> TRUE | N52: =SUM(N47:N51) -> 20 | O52: “Verdadero” indica que la cantidad por lote, coincide con el saldo que inicia al mes siguiente. "Falso" no coinicide. | T52: =SUM(T47:T51) -> 0
A53: =A47+1 -> 9 | B53: Vacuna de Difteria-Tétanos-Tos ferina acelular Pertussis (DTaP) Pediátrica - Liquida | D53: =+Abril!M53 -> 10 | G53: 0 | J53: =+F53+G53 -> 0 | K53: =+AO53 -> 0 | L53: =+J53+K53 -> 0 | M53: =+(D53+E53)-(L53)+H53-I53 -> 10 | N53: 10 | O53: 221100624A | P53: BIOLOGYCAL | Q53: 46356 | R53: =IF(Q53=0," ",IFERROR(IF(DATEDIF(TODAY(),Q53,"M")<=5,"ROJO",IF(DATEDIF(TODAY(),Q53,"M")>=12,"VERDE",IF(AND(DATEDIF(TODAY(),Q53,"M")>=6,DATEDIF(TODAY(),Q53,"M")<=11),"AMARILLO"))),S53)) -> ROJO | S53: =IF(Q53=0," ",IF(Q53<=$N$4,"VENCIDO","NO VENCIDO")) -> NO VENCIDO | Y53: =+AT53 -> 0 | AD53: =+AB53+AC53 -> 0 | AO53: =SUM(AD53:AN57) -> 0
R54: =IF(Q54=0," ",IFERROR(IF(DATEDIF(TODAY(),Q54,"M")<=5,"ROJO",IF(DATEDIF(TODAY(),Q54,"M")>=12,"VERDE",IF(AND(DATEDIF(TODAY(),Q54,"M")>=6,DATEDIF(TODAY(),Q54,"M")<=11),"AMARILLO"))),S54)) | S54: =IF(Q54=0," ",IF(Q54<=$N$4,"VENCIDO","NO VENCIDO"))
R55: =IF(Q55=0," ",IFERROR(IF(DATEDIF(TODAY(),Q55,"M")<=5,"ROJO",IF(DATEDIF(TODAY(),Q55,"M")>=12,"VERDE",IF(AND(DATEDIF(TODAY(),Q55,"M")>=6,DATEDIF(TODAY(),Q55,"M")<=11),"AMARILLO"))),S55)) | S55: =IF(Q55=0," ",IF(Q55<=$N$4,"VENCIDO","NO VENCIDO"))
R56: =IF(Q56=0," ",IFERROR(IF(DATEDIF(TODAY(),Q56,"M")<=5,"ROJO",IF(DATEDIF(TODAY(),Q56,"M")>=12,"VERDE",IF(AND(DATEDIF(TODAY(),Q56,"M")>=6,DATEDIF(TODAY(),Q56,"M")<=11),"AMARILLO"))),S56)) | S56: =IF(Q56=0," ",IF(Q56<=$N$4,"VENCIDO","NO VENCIDO"))
R57: =IF(Q57=0," ",IFERROR(IF(DATEDIF(TODAY(),Q57,"M")<=5,"ROJO",IF(DATEDIF(TODAY(),Q57,"M")>=12,"VERDE",IF(AND(DATEDIF(TODAY(),Q57,"M")>=6,DATEDIF(TODAY(),Q57,"M")<=11),"AMARILLO"))),S57)) | S57: =IF(Q57=0," ",IF(Q57<=$N$4,"VENCIDO","NO VENCIDO"))
M58: =M53=N58 -> TRUE | N58: =SUM(N53:N57) -> 10 | O58: “Verdadero” indica que la cantidad por lote, coincide con el saldo que inicia al mes siguiente. "Falso" no coinicide. | T58: =SUM(T53:T57) -> 0
A59: =A53+1 -> 10 | B59: Vacuna de Rotavirus Liquida (administración oral) | D59: =+Abril!M59 -> 13 | E59: 20 | F59: 8 | G59: 0 | J59: =+F59+G59 -> 8 | K59: =+AO59 -> 0 | L59: =+J59+K59 -> 8 | M59: =+(D59+E59)-(L59)+H59-I59 -> 25 | N59: 5 | O59: AROLE197AB | P59: GLAXO | Q59: 46418 | R59: =IF(Q59=0," ",IFERROR(IF(DATEDIF(TODAY(),Q59,"M")<=5,"ROJO",IF(DATEDIF(TODAY(),Q59,"M")>=12,"VERDE",IF(AND(DATEDIF(TODAY(),Q59,"M")>=6,DATEDIF(TODAY(),Q59,"M")<=11),"AMARILLO"))),S59)) -> ROJO | S59: =IF(Q59=0," ",IF(Q59<=$N$4,"VENCIDO","NO VENCIDO")) -> NO VENCIDO | Y59: =+AT59 -> 0 | AD59: =+AB59+AC59 -> 0 | AO59: =SUM(AD59:AN63) -> 0
N60: 20 | O60: AROLE419AA | P60: GLAXO | Q60: 46660 | R60: =IF(Q60=0," ",IFERROR(IF(DATEDIF(TODAY(),Q60,"M")<=5,"ROJO",IF(DATEDIF(TODAY(),Q60,"M")>=12,"VERDE",IF(AND(DATEDIF(TODAY(),Q60,"M")>=6,DATEDIF(TODAY(),Q60,"M")<=11),"AMARILLO"))),S60)) -> AMARILLO | S60: =IF(Q60=0," ",IF(Q60<=$N$4,"VENCIDO","NO VENCIDO")) -> NO VENCIDO
R61: =IF(Q61=0," ",IFERROR(IF(DATEDIF(TODAY(),Q61,"M")<=5,"ROJO",IF(DATEDIF(TODAY(),Q61,"M")>=12,"VERDE",IF(AND(DATEDIF(TODAY(),Q61,"M")>=6,DATEDIF(TODAY(),Q61,"M")<=11),"AMARILLO"))),S61)) | S61: =IF(Q61=0," ",IF(Q61<=$N$4,"VENCIDO","NO VENCIDO"))
R62: =IF(Q62=0," ",IFERROR(IF(DATEDIF(TODAY(),Q62,"M")<=5,"ROJO",IF(DATEDIF(TODAY(),Q62,"M")>=12,"VERDE",IF(AND(DATEDIF(TODAY(),Q62,"M")>=6,DATEDIF(TODAY(),Q62,"M")<=11),"AMARILLO"))),S62)) | S62: =IF(Q62=0," ",IF(Q62<=$N$4,"VENCIDO","NO VENCIDO"))
R63: =IF(Q63=0," ",IFERROR(IF(DATEDIF(TODAY(),Q63,"M")<=5,"ROJO",IF(DATEDIF(TODAY(),Q63,"M")>=12,"VERDE",IF(AND(DATEDIF(TODAY(),Q63,"M")>=6,DATEDIF(TODAY(),Q63,"M")<=11),"AMARILLO"))),S63)) | S63: =IF(Q63=0," ",IF(Q63<=$N$4,"VENCIDO","NO VENCIDO"))
M64: =M59=N64 -> TRUE | N64: =SUM(N59:N63) -> 25 | O64: “Verdadero” indica que la cantidad por lote, coincide con el saldo que inicia al mes siguiente. "Falso" no coinicide. | T64: =SUM(T59:T63) -> 0
A65: =A59+1 -> 11 | B65: Vacuna Antineumocócica Conjugada (13-valente) PCV13 - Liquida | D65: =+Abril!M65 -> 12 | E65: 30 | F65: 15 | G65: 2 | J65: =+F65+G65 -> 17 | K65: =+AO65 -> 0 | L65: =+J65+K65 -> 17 | M65: =+(D65+E65)-(L65)+H65-I65 -> 25 | N65: 25 | O65: LK3156 | P65: PFIER | Q65: 46538 | R65: =IF(Q65=0," ",IFERROR(IF(DATEDIF(TODAY(),Q65,"M")<=5,"ROJO",IF(DATEDIF(TODAY(),Q65,"M")>=12,"VERDE",IF(AND(DATEDIF(TODAY(),Q65,"M")>=6,DATEDIF(TODAY(),Q65,"M")<=11),"AMARILLO"))),S65)) -> AMARILLO | S65: =IF(Q65=0," ",IF(Q65<=$N$4,"VENCIDO","NO VENCIDO")) -> NO VENCIDO | Y65: =+AT65 -> 0 | AD65: =+AB65+AC65 -> 0 | AO65: =SUM(AD65:AN69) -> 0
R66: =IF(Q66=0," ",IFERROR(IF(DATEDIF(TODAY(),Q66,"M")<=5,"ROJO",IF(DATEDIF(TODAY(),Q66,"M")>=12,"VERDE",IF(AND(DATEDIF(TODAY(),Q66,"M")>=6,DATEDIF(TODAY(),Q66,"M")<=11),"AMARILLO"))),S66)) | S66: =IF(Q66=0," ",IF(Q66<=$N$4,"VENCIDO","NO VENCIDO"))
R67: =IF(Q67=0," ",IFERROR(IF(DATEDIF(TODAY(),Q67,"M")<=5,"ROJO",IF(DATEDIF(TODAY(),Q67,"M")>=12,"VERDE",IF(AND(DATEDIF(TODAY(),Q67,"M")>=6,DATEDIF(TODAY(),Q67,"M")<=11),"AMARILLO"))),S67)) | S67: =IF(Q67=0," ",IF(Q67<=$N$4,"VENCIDO","NO VENCIDO"))
R68: =IF(Q68=0," ",IFERROR(IF(DATEDIF(TODAY(),Q68,"M")<=5,"ROJO",IF(DATEDIF(TODAY(),Q68,"M")>=12,"VERDE",IF(AND(DATEDIF(TODAY(),Q68,"M")>=6,DATEDIF(TODAY(),Q68,"M")<=11),"AMARILLO"))),S68)) | S68: =IF(Q68=0," ",IF(Q68<=$N$4,"VENCIDO","NO VENCIDO"))
R69: =IF(Q69=0," ",IFERROR(IF(DATEDIF(TODAY(),Q69,"M")<=5,"ROJO",IF(DATEDIF(TODAY(),Q69,"M")>=12,"VERDE",IF(AND(DATEDIF(TODAY(),Q69,"M")>=6,DATEDIF(TODAY(),Q69,"M")<=11),"AMARILLO"))),S69)) | S69: =IF(Q69=0," ",IF(Q69<=$N$4,"VENCIDO","NO VENCIDO"))
M70: =M65=N70 -> TRUE | N70: =SUM(N65:N69) -> 25 | O70: “Verdadero” indica que la cantidad por lote, coincide con el saldo que inicia al mes siguiente. "Falso" no coinicide. | T70: =SUM(T65:T69) -> 0
A71: =A65+1 -> 12 | B71: Vacuna Antineumocócica Conjugada (20-valente) PCV20 - Liquida | D71: =+Abril!M71 -> 0 | G71: 0 | J71: =+F71+G71 -> 0 | K71: =+AO71 -> 0 | L71: =+J71+K71 -> 0 | M71: =+(D71+E71)-(L71)+H71-I71 -> 0 | R71: =IF(Q71=0," ",IFERROR(IF(DATEDIF(TODAY(),Q71,"M")<=5,"ROJO",IF(DATEDIF(TODAY(),Q71,"M")>=12,"VERDE",IF(AND(DATEDIF(TODAY(),Q71,"M")>=6,DATEDIF(TODAY(),Q71,"M")<=11),"AMARILLO"))),S71)) | S71: =IF(Q71=0," ",IF(Q71<=$N$4,"VENCIDO","NO VENCIDO")) | Y71: =+AT71 -> 0 | AD71: =+AB71+AC71 -> 0 | AO71: =SUM(AD71:AN75) -> 0
R72: =IF(Q72=0," ",IFERROR(IF(DATEDIF(TODAY(),Q72,"M")<=5,"ROJO",IF(DATEDIF(TODAY(),Q72,"M")>=12,"VERDE",IF(AND(DATEDIF(TODAY(),Q72,"M")>=6,DATEDIF(TODAY(),Q72,"M")<=11),"AMARILLO"))),S72)) | S72: =IF(Q72=0," ",IF(Q72<=$N$4,"VENCIDO","NO VENCIDO"))
R73: =IF(Q73=0," ",IFERROR(IF(DATEDIF(TODAY(),Q73,"M")<=5,"ROJO",IF(DATEDIF(TODAY(),Q73,"M")>=12,"VERDE",IF(AND(DATEDIF(TODAY(),Q73,"M")>=6,DATEDIF(TODAY(),Q73,"M")<=11),"AMARILLO"))),S73)) | S73: =IF(Q73=0," ",IF(Q73<=$N$4,"VENCIDO","NO VENCIDO"))
R74: =IF(Q74=0," ",IFERROR(IF(DATEDIF(TODAY(),Q74,"M")<=5,"ROJO",IF(DATEDIF(TODAY(),Q74,"M")>=12,"VERDE",IF(AND(DATEDIF(TODAY(),Q74,"M")>=6,DATEDIF(TODAY(),Q74,"M")<=11),"AMARILLO"))),S74)) | S74: =IF(Q74=0," ",IF(Q74<=$N$4,"VENCIDO","NO VENCIDO"))
R75: =IF(Q75=0," ",IFERROR(IF(DATEDIF(TODAY(),Q75,"M")<=5,"ROJO",IF(DATEDIF(TODAY(),Q75,"M")>=12,"VERDE",IF(AND(DATEDIF(TODAY(),Q75,"M")>=6,DATEDIF(TODAY(),Q75,"M")<=11),"AMARILLO"))),S75)) | S75: =IF(Q75=0," ",IF(Q75<=$N$4,"VENCIDO","NO VENCIDO"))
M76: =M71=N76 -> TRUE | N76: =SUM(N71:N75) -> 0 | O76: “Verdadero” indica que la cantidad por lote, coincide con el saldo que inicia al mes siguiente. "Falso" no coinicide. | T76: =SUM(T71:T75) -> 0
A77: =A71+1 -> 13 | B77: Vacuna de Sarampión, Rubeola y Paperas (SRP) (Cepa Leningrado-Zagreb) Liofilizado - Vial x 01 dosis - TRIPLE VIRAL | D77: =+Abril!M77 -> 26 | E77: 20 | F77: 13 | G77: 3 | J77: =+F77+G77 -> 16 | K77: =+AO77 -> 0 | L77: =+J77+K77 -> 16 | M77: =+(D77+E77)-(L77)+H77-I77 -> 30 | N77: 30 | O77: 0134N096A | P77: SERUM | Q77: 46507 | R77: =IF(Q77=0," ",IFERROR(IF(DATEDIF(TODAY(),Q77,"M")<=5,"ROJO",IF(DATEDIF(TODAY(),Q77,"M")>=12,"VERDE",IF(AND(DATEDIF(TODAY(),Q77,"M")>=6,DATEDIF(TODAY(),Q77,"M")<=11),"AMARILLO"))),S77)) -> AMARILLO | S77: =IF(Q77=0," ",IF(Q77<=$N$4,"VENCIDO","NO VENCIDO")) -> NO VENCIDO | Y77: =+AT77 -> 0 | AD77: =+AB77+AC77 -> 0 | AO77: =SUM(AD77:AN81) -> 0
R78: =IF(Q78=0," ",IFERROR(IF(DATEDIF(TODAY(),Q78,"M")<=5,"ROJO",IF(DATEDIF(TODAY(),Q78,"M")>=12,"VERDE",IF(AND(DATEDIF(TODAY(),Q78,"M")>=6,DATEDIF(TODAY(),Q78,"M")<=11),"AMARILLO"))),S78)) | S78: =IF(Q78=0," ",IF(Q78<=$N$4,"VENCIDO","NO VENCIDO"))
R79: =IF(Q79=0," ",IFERROR(IF(DATEDIF(TODAY(),Q79,"M")<=5,"ROJO",IF(DATEDIF(TODAY(),Q79,"M")>=12,"VERDE",IF(AND(DATEDIF(TODAY(),Q79,"M")>=6,DATEDIF(TODAY(),Q79,"M")<=11),"AMARILLO"))),S79)) | S79: =IF(Q79=0," ",IF(Q79<=$N$4,"VENCIDO","NO VENCIDO"))
R80: =IF(Q80=0," ",IFERROR(IF(DATEDIF(TODAY(),Q80,"M")<=5,"ROJO",IF(DATEDIF(TODAY(),Q80,"M")>=12,"VERDE",IF(AND(DATEDIF(TODAY(),Q80,"M")>=6,DATEDIF(TODAY(),Q80,"M")<=11),"AMARILLO"))),S80)) | S80: =IF(Q80=0," ",IF(Q80<=$N$4,"VENCIDO","NO VENCIDO"))
R81: =IF(Q81=0," ",IFERROR(IF(DATEDIF(TODAY(),Q81,"M")<=5,"ROJO",IF(DATEDIF(TODAY(),Q81,"M")>=12,"VERDE",IF(AND(DATEDIF(TODAY(),Q81,"M")>=6,DATEDIF(TODAY(),Q81,"M")<=11),"AMARILLO"))),S81)) | S81: =IF(Q81=0," ",IF(Q81<=$N$4,"VENCIDO","NO VENCIDO"))
M82: =M77=N82 -> TRUE | N82: =SUM(N77:N81) -> 30 | O82: “Verdadero” indica que la cantidad por lote, coincide con el saldo que inicia al mes siguiente. "Falso" no coinicide. | T82: =SUM(T77:T81) -> 0
A83: =A77+1 -> 14 | B83: Vacuna de Sarampión, Rubeola y Paperas (SRP) (Cepa Leningrado-Zagreb) Liofilizado - Vial x 05 dosis - TRIPLE VIRAL | D83: =+Abril!M83 -> 0 | G83: 0 | J83: =+F83+G83 -> 0 | K83: =+AO83 -> 0 | L83: =+J83+K83 -> 0 | M83: =+(D83+E83)-(L83)+H83-I83 -> 0 | R83: =IF(Q83=0," ",IFERROR(IF(DATEDIF(TODAY(),Q83,"M")<=5,"ROJO",IF(DATEDIF(TODAY(),Q83,"M")>=12,"VERDE",IF(AND(DATEDIF(TODAY(),Q83,"M")>=6,DATEDIF(TODAY(),Q83,"M")<=11),"AMARILLO"))),S83)) | S83: =IF(Q83=0," ",IF(Q83<=$N$4,"VENCIDO","NO VENCIDO")) | Y83: =+AT83 -> 0 | AD83: =+AB83+AC83 -> 0 | AO83: =SUM(AD83:AN87) -> 0
R84: =IF(Q84=0," ",IFERROR(IF(DATEDIF(TODAY(),Q84,"M")<=5,"ROJO",IF(DATEDIF(TODAY(),Q84,"M")>=12,"VERDE",IF(AND(DATEDIF(TODAY(),Q84,"M")>=6,DATEDIF(TODAY(),Q84,"M")<=11),"AMARILLO"))),S84)) | S84: =IF(Q84=0," ",IF(Q84<=$N$4,"VENCIDO","NO VENCIDO"))
R85: =IF(Q85=0," ",IFERROR(IF(DATEDIF(TODAY(),Q85,"M")<=5,"ROJO",IF(DATEDIF(TODAY(),Q85,"M")>=12,"VERDE",IF(AND(DATEDIF(TODAY(),Q85,"M")>=6,DATEDIF(TODAY(),Q85,"M")<=11),"AMARILLO"))),S85)) | S85: =IF(Q85=0," ",IF(Q85<=$N$4,"VENCIDO","NO VENCIDO"))
R86: =IF(Q86=0," ",IFERROR(IF(DATEDIF(TODAY(),Q86,"M")<=5,"ROJO",IF(DATEDIF(TODAY(),Q86,"M")>=12,"VERDE",IF(AND(DATEDIF(TODAY(),Q86,"M")>=6,DATEDIF(TODAY(),Q86,"M")<=11),"AMARILLO"))),S86)) | S86: =IF(Q86=0," ",IF(Q86<=$N$4,"VENCIDO","NO VENCIDO"))
R87: =IF(Q87=0," ",IFERROR(IF(DATEDIF(TODAY(),Q87,"M")<=5,"ROJO",IF(DATEDIF(TODAY(),Q87,"M")>=12,"VERDE",IF(AND(DATEDIF(TODAY(),Q87,"M")>=6,DATEDIF(TODAY(),Q87,"M")<=11),"AMARILLO"))),S87)) | S87: =IF(Q87=0," ",IF(Q87<=$N$4,"VENCIDO","NO VENCIDO"))
M88: =M83=N88 -> TRUE | N88: =SUM(N83:N87) -> 0 | O88: “Verdadero” indica que la cantidad por lote, coincide con el saldo que inicia al mes siguiente. "Falso" no coinicide. | T88: =SUM(T83:T87) -> 0
A89: =A83+1 -> 15 | B89: Vacuna de Sarampión, Rubeola y Paperas (SRP) (Cepa Leningrado-Zagreb) Liofilizado - Vial x 10 dosis - TRIPLE VIRAL | D89: =+Abril!M89 -> 0 | G89: 0 | J89: =+F89+G89 -> 0 | K89: =+AO89 -> 0 | L89: =+J89+K89 -> 0 | M89: =+(D89+E89)-(L89)+H89-I89 -> 0 | R89: =IF(Q89=0," ",IFERROR(IF(DATEDIF(TODAY(),Q89,"M")<=5,"ROJO",IF(DATEDIF(TODAY(),Q89,"M")>=12,"VERDE",IF(AND(DATEDIF(TODAY(),Q89,"M")>=6,DATEDIF(TODAY(),Q89,"M")<=11),"AMARILLO"))),S89)) | S89: =IF(Q89=0," ",IF(Q89<=$N$4,"VENCIDO","NO VENCIDO")) | Y89: =+AT89 -> 0 | AD89: =+AB89+AC89 -> 0 | AO89: =SUM(AD89:AN93) -> 0
R90: =IF(Q90=0," ",IFERROR(IF(DATEDIF(TODAY(),Q90,"M")<=5,"ROJO",IF(DATEDIF(TODAY(),Q90,"M")>=12,"VERDE",IF(AND(DATEDIF(TODAY(),Q90,"M")>=6,DATEDIF(TODAY(),Q90,"M")<=11),"AMARILLO"))),S90)) | S90: =IF(Q90=0," ",IF(Q90<=$N$4,"VENCIDO","NO VENCIDO"))
R91: =IF(Q91=0," ",IFERROR(IF(DATEDIF(TODAY(),Q91,"M")<=5,"ROJO",IF(DATEDIF(TODAY(),Q91,"M")>=12,"VERDE",IF(AND(DATEDIF(TODAY(),Q91,"M")>=6,DATEDIF(TODAY(),Q91,"M")<=11),"AMARILLO"))),S91)) | S91: =IF(Q91=0," ",IF(Q91<=$N$4,"VENCIDO","NO VENCIDO"))
R92: =IF(Q92=0," ",IFERROR(IF(DATEDIF(TODAY(),Q92,"M")<=5,"ROJO",IF(DATEDIF(TODAY(),Q92,"M")>=12,"VERDE",IF(AND(DATEDIF(TODAY(),Q92,"M")>=6,DATEDIF(TODAY(),Q92,"M")<=11),"AMARILLO"))),S92)) | S92: =IF(Q92=0," ",IF(Q92<=$N$4,"VENCIDO","NO VENCIDO"))
R93: =IF(Q93=0," ",IFERROR(IF(DATEDIF(TODAY(),Q93,"M")<=5,"ROJO",IF(DATEDIF(TODAY(),Q93,"M")>=12,"VERDE",IF(AND(DATEDIF(TODAY(),Q93,"M")>=6,DATEDIF(TODAY(),Q93,"M")<=11),"AMARILLO"))),S93)) | S93: =IF(Q93=0," ",IF(Q93<=$N$4,"VENCIDO","NO VENCIDO"))
M94: =M89=N94 -> TRUE | N94: =SUM(N89:N93) -> 0 | O94: “Verdadero” indica que la cantidad por lote, coincide con el saldo que inicia al mes siguiente. "Falso" no coinicide. | T94: =SUM(T89:T93) -> 0
A95: =A89+1 -> 16 | B95: Vacuna de Sarampión Rubeola (SR) Liofilizada - Vial x 01 dosis -DOBLE VIRAL | D95: =+Abril!M95 -> 35 | F95: 3 | G95: 0 | J95: =+F95+G95 -> 3 | K95: =+AO95 -> 0 | L95: =+J95+K95 -> 3 | M95: =+(D95+E95)-(L95)+H95-I95 -> 32 | N95: 32 | O95: 0094W002 | P95: SERUM | Q95: 46356 | R95: =IF(Q95=0," ",IFERROR(IF(DATEDIF(TODAY(),Q95,"M")<=5,"ROJO",IF(DATEDIF(TODAY(),Q95,"M")>=12,"VERDE",IF(AND(DATEDIF(TODAY(),Q95,"M")>=6,DATEDIF(TODAY(),Q95,"M")<=11),"AMARILLO"))),S95)) -> ROJO | S95: =IF(Q95=0," ",IF(Q95<=$N$4,"VENCIDO","NO VENCIDO")) -> NO VENCIDO | Y95: =+AT95 -> 0 | AD95: =+AB95+AC95 -> 0 | AO95: =SUM(AD95:AN99) -> 0
R96: =IF(Q96=0," ",IFERROR(IF(DATEDIF(TODAY(),Q96,"M")<=5,"ROJO",IF(DATEDIF(TODAY(),Q96,"M")>=12,"VERDE",IF(AND(DATEDIF(TODAY(),Q96,"M")>=6,DATEDIF(TODAY(),Q96,"M")<=11),"AMARILLO"))),S96)) | S96: =IF(Q96=0," ",IF(Q96<=$N$4,"VENCIDO","NO VENCIDO"))
R97: =IF(Q97=0," ",IFERROR(IF(DATEDIF(TODAY(),Q97,"M")<=5,"ROJO",IF(DATEDIF(TODAY(),Q97,"M")>=12,"VERDE",IF(AND(DATEDIF(TODAY(),Q97,"M")>=6,DATEDIF(TODAY(),Q97,"M")<=11),"AMARILLO"))),S97)) | S97: =IF(Q97=0," ",IF(Q97<=$N$4,"VENCIDO","NO VENCIDO"))
R98: =IF(Q98=0," ",IFERROR(IF(DATEDIF(TODAY(),Q98,"M")<=5,"ROJO",IF(DATEDIF(TODAY(),Q98,"M")>=12,"VERDE",IF(AND(DATEDIF(TODAY(),Q98,"M")>=6,DATEDIF(TODAY(),Q98,"M")<=11),"AMARILLO"))),S98)) | S98: =IF(Q98=0," ",IF(Q98<=$N$4,"VENCIDO","NO VENCIDO"))
R99: =IF(Q99=0," ",IFERROR(IF(DATEDIF(TODAY(),Q99,"M")<=5,"ROJO",IF(DATEDIF(TODAY(),Q99,"M")>=12,"VERDE",IF(AND(DATEDIF(TODAY(),Q99,"M")>=6,DATEDIF(TODAY(),Q99,"M")<=11),"AMARILLO"))),S99)) | S99: =IF(Q99=0," ",IF(Q99<=$N$4,"VENCIDO","NO VENCIDO"))
M100: =M95=N100 -> TRUE | N100: =SUM(N95:N99) -> 32 | O100: “Verdadero” indica que la cantidad por lote, coincide con el saldo que inicia al mes siguiente. "Falso" no coinicide. | T100: =SUM(T95:T99) -> 0
A101: =A95+1 -> 17 | B101: Vacuna de Sarampión Rubeola (SR) Liofilizada - Vial x 10 dosis - DOBLE VIRAL | D101: =+Abril!M101 -> 0 | G101: 0 | J101: =+F101+G101 -> 0 | K101: =+AO101 -> 0 | L101: =+J101+K101 -> 0 | M101: =+(D101+E101)-(L101)+H101-I101 -> 0 | R101: =IF(Q101=0," ",IFERROR(IF(DATEDIF(TODAY(),Q101,"M")<=5,"ROJO",IF(DATEDIF(TODAY(),Q101,"M")>=12,"VERDE",IF(AND(DATEDIF(TODAY(),Q101,"M")>=6,DATEDIF(TODAY(),Q101,"M")<=11),"AMARILLO"))),S101)) | S101: =IF(Q101=0," ",IF(Q101<=$N$4,"VENCIDO","NO VENCIDO")) | Y101: =+AT101 -> 0 | AD101: =+AB101+AC101 -> 0 | AO101: =SUM(AD101:AN105) -> 0
R102: =IF(Q102=0," ",IFERROR(IF(DATEDIF(TODAY(),Q102,"M")<=5,"ROJO",IF(DATEDIF(TODAY(),Q102,"M")>=12,"VERDE",IF(AND(DATEDIF(TODAY(),Q102,"M")>=6,DATEDIF(TODAY(),Q102,"M")<=11),"AMARILLO"))),S102)) | S102: =IF(Q102=0," ",IF(Q102<=$N$4,"VENCIDO","NO VENCIDO"))
R103: =IF(Q103=0," ",IFERROR(IF(DATEDIF(TODAY(),Q103,"M")<=5,"ROJO",IF(DATEDIF(TODAY(),Q103,"M")>=12,"VERDE",IF(AND(DATEDIF(TODAY(),Q103,"M")>=6,DATEDIF(TODAY(),Q103,"M")<=11),"AMARILLO"))),S103)) | S103: =IF(Q103=0," ",IF(Q103<=$N$4,"VENCIDO","NO VENCIDO"))
R104: =IF(Q104=0," ",IFERROR(IF(DATEDIF(TODAY(),Q104,"M")<=5,"ROJO",IF(DATEDIF(TODAY(),Q104,"M")>=12,"VERDE",IF(AND(DATEDIF(TODAY(),Q104,"M")>=6,DATEDIF(TODAY(),Q104,"M")<=11),"AMARILLO"))),S104)) | S104: =IF(Q104=0," ",IF(Q104<=$N$4,"VENCIDO","NO VENCIDO"))
...

Sheet Junio
A1: ÍTEM | B1: INSUMOS | D1: SALDO MES ANTERIOR | E1: BIOLÓGICO RECIBIDO DEL CENTRO DE ACOPIO DEPARTAMENTAL / DISTRITAL | F1: DOSIS APLICADAS | H1: Entradas | I1: Salidas | J1: TOTAL DOSIS APLICADAS | K1: DOSIS PERDIDAS | L1: TOTAL DOSIS ÚTILIZADAS EN EL MES | M1: SALDO QUE INICIA EL MES SIGUIENTE (SOLO MUNICIPIOS) | N1: DOSIS POR LOTES | O1: No. LOTE | P1: LABORATORIO | Q1: FECHA DE VENCIMIENTO | R1: SEMAFORIZACION VIDA ÚTIL DEL BIOLÓGICO | S1: CONDICIÓN FINAL DEL BIOLÓGICO, DILUYENTE Y CARNET | T1: DOSIS EN CUARENTENA | U1: LABORATORIO | V1: No. LOTE | W1: FECHA DE VENCIMEINTO | X1: FECHA DE INICIO CUARENTENA | Y1: PORCENTAJE DE PERDIDA DEL MES | Z1: OBSERVACIONES | AB1: CAUSAS PERDIDA DE BIOLÓGICOS (Remítase a la primera hoja donde se especifica la clasificación de las perdidas) | AO1: TOTAL DOSIS PERDIDAS
F2: DOSIS APLICADAS COLOMBIANOS | G2: DOSIS APLICADAS EXTRANJEROS | H2: DOSIS INGRESADAS POR TRASLADOS DE MUNICIPIOS O IPS | I2: DOSIS TRASLADADAS A OTROS MUNICIPIOS O IPS | AB2: 1 | AE2: 2 | AF2: 3 | AG2: 4 | AH2: 5 | AI2: 6 | AJ2: 7 | AK2: 8 | AL2: 9 | AM2: 10 | AN2: 11
AB3: POLÍTICA DE FRASCOS ABIERTO | AE3: INTERRUPCIÓN DE CADENA DE FRÍO | AF3: CONTAMINACION DEL BIOLÓGICO/DISPOSITIVO MÉDICO | AG3: VIAL ROTO | AH3: ERRORES EN LA MANIPULACIÓN | AI3: VENCIMIENTO DEL BIOLÓGICO O JERINGA | AJ3: FARMACOVIGILANCIA / TECNOVIGILANCIA | AK3: VOMITO FRANCO | AL3: APLICACIÓN FUERA DE LA EDAD | AM3: POR DECISIÓN FINAL DEL PACIENTE DE NO VACUNACIÓN | AN3: SINIESTRO O ROBO
AB4: INSTITUCIONAL | AC4: EXTRAMURAL | AD4: TOTAL
A5: 1 | B5: Vacuna de BCG (Bacilo de Calmette y Guérin) Liofilizada | D5: =+Mayo!M5 -> 20 | J5: =+F5+G5 -> 0 | K5: =+AO5 -> 10 | L5: =+J5+K5 -> 10 | M5: =+(D5+E5)-(L5)+H5-I5 -> 10 | N5: 10 | O5: 0374MA071 | P5: SERUM | Q5: 46387 | R5: =IF(Q5=0," ",IFERROR(IF(DATEDIF(TODAY(),Q5,"M")<=5,"ROJO",IF(DATEDIF(TODAY(),Q5,"M")>=12,"VERDE",IF(AND(DATEDIF(TODAY(),Q5,"M")>=6,DATEDIF(TODAY(),Q5,"M")<=11),"AMARILLO"))),S5)) -> ROJO | S5: =IF(Q5=0," ",IF(Q5<=$N$4,"VENCIDO","NO VENCIDO")) -> NO VENCIDO | Y5: =+AT5 -> 0 | AD5: =+AB5+AC5 -> 0 | AI5: 10 | AO5: =SUM(AD5:AN9) -> 10
R6: =IF(Q6=0," ",IFERROR(IF(DATEDIF(TODAY(),Q6,"M")<=5,"ROJO",IF(DATEDIF(TODAY(),Q6,"M")>=12,"VERDE",IF(AND(DATEDIF(TODAY(),Q6,"M")>=6,DATEDIF(TODAY(),Q6,"M")<=11),"AMARILLO"))),S6)) | S6: =IF(Q6=0," ",IF(Q6<=$N$4,"VENCIDO","NO VENCIDO"))
R7: =IF(Q7=0," ",IFERROR(IF(DATEDIF(TODAY(),Q7,"M")<=5,"ROJO",IF(DATEDIF(TODAY(),Q7,"M")>=12,"VERDE",IF(AND(DATEDIF(TODAY(),Q7,"M")>=6,DATEDIF(TODAY(),Q7,"M")<=11),"AMARILLO"))),S7)) | S7: =IF(Q7=0," ",IF(Q7<=$N$4,"VENCIDO","NO VENCIDO"))
R8: =IF(Q8=0," ",IFERROR(IF(DATEDIF(TODAY(),Q8,"M")<=5,"ROJO",IF(DATEDIF(TODAY(),Q8,"M")>=12,"VERDE",IF(AND(DATEDIF(TODAY(),Q8,"M")>=6,DATEDIF(TODAY(),Q8,"M")<=11),"AMARILLO"))),S8)) | S8: =IF(Q8=0," ",IF(Q8<=$N$4,"VENCIDO","NO VENCIDO"))
R9: =IF(Q9=0," ",IFERROR(IF(DATEDIF(TODAY(),Q9,"M")<=5,"ROJO",IF(DATEDIF(TODAY(),Q9,"M")>=12,"VERDE",IF(AND(DATEDIF(TODAY(),Q9,"M")>=6,DATEDIF(TODAY(),Q9,"M")<=11),"AMARILLO"))),S9)) | S9: =IF(Q9=0," ",IF(Q9<=$N$4,"VENCIDO","NO VENCIDO"))
M10: =M5=N10 -> TRUE | N10: =SUM(N5:N9) -> 10 | O10: “Verdadero” indica que la cantidad por lote, coincide con el saldo que inicia al mes siguiente. "Falso" no coinicide. | T10: =SUM(T5:T9) -> 0
A11: =A5+1 -> 2 | B11: Vacuna de Hepatitis B Recombinante Pediátrica - Liquida | D11: =+Mayo!M11 -> 10 | G11: 1 | J11: =+F11+G11 -> 1 | K11: =+AO11 -> 0 | L11: =+J11+K11 -> 1 | M11: =+(D11+E11)-(L11)+H11-I11 -> 9 | N11: 9 | O11: 0324L013A | P11: SERUM | Q11: 46721 | R11: =IF(Q11=0," ",IFERROR(IF(DATEDIF(TODAY(),Q11,"M")<=5,"ROJO",IF(DATEDIF(TODAY(),Q11,"M")>=12,"VERDE",IF(AND(DATEDIF(TODAY(),Q11,"M")>=6,DATEDIF(TODAY(),Q11,"M")<=11),"AMARILLO"))),S11)) -> VERDE | S11: =IF(Q11=0," ",IF(Q11<=$N$4,"VENCIDO","NO VENCIDO")) -> NO VENCIDO | Y11: =+AT11 -> 0 | AD11: =+AB11+AC11 -> 0 | AO11: =SUM(AD11:AN15) -> 0
R12: =IF(Q12=0," ",IFERROR(IF(DATEDIF(TODAY(),Q12,"M")<=5,"ROJO",IF(DATEDIF(TODAY(),Q12,"M")>=12,"VERDE",IF(AND(DATEDIF(TODAY(),Q12,"M")>=6,DATEDIF(TODAY(),Q12,"M")<=11),"AMARILLO"))),S12)) | S12: =IF(Q12=0," ",IF(Q12<=$N$4,"VENCIDO","NO VENCIDO"))
R13: =IF(Q13=0," ",IFERROR(IF(DATEDIF(TODAY(),Q13,"M")<=5,"ROJO",IF(DATEDIF(TODAY(),Q13,"M")>=12,"VERDE",IF(AND(DATEDIF(TODAY(),Q13,"M")>=6,DATEDIF(TODAY(),Q13,"M")<=11),"AMARILLO"))),S13)) | S13: =IF(Q13=0," ",IF(Q13<=$N$4,"VENCIDO","NO VENCIDO"))
R14: =IF(Q14=0," ",IFERROR(IF(DATEDIF(TODAY(),Q14,"M")<=5,"ROJO",IF(DATEDIF(TODAY(),Q14,"M")>=12,"VERDE",IF(AND(DATEDIF(TODAY(),Q14,"M")>=6,DATEDIF(TODAY(),Q14,"M")<=11),"AMARILLO"))),S14)) | S14: =IF(Q14=0," ",IF(Q14<=$N$4,"VENCIDO","NO VENCIDO"))
R15: =IF(Q15=0," ",IFERROR(IF(DATEDIF(TODAY(),Q15,"M")<=5,"ROJO",IF(DATEDIF(TODAY(),Q15,"M")>=12,"VERDE",IF(AND(DATEDIF(TODAY(),Q15,"M")>=6,DATEDIF(TODAY(),Q15,"M")<=11),"AMARILLO"))),S15)) | S15: =IF(Q15=0," ",IF(Q15<=$N$4,"VENCIDO","NO VENCIDO"))
M16: =M11=N16 -> TRUE | N16: =SUM(N11:N15) -> 9 | O16: “Verdadero” indica que la cantidad por lote, coincide con el saldo que inicia al mes siguiente. "Falso" no coinicide. | T16: =SUM(T11:T15) -> 0
A17: =A11+1 -> 3 | B17: Vacuna de Hepatitis B Recombinante Adultos - Liquida | D17: =+Mayo!M17 -> 0 | E17: 10 | F17: 4 | J17: =+F17+G17 -> 4 | K17: =+AO17 -> 0 | L17: =+J17+K17 -> 4 | M17: =+(D17+E17)-(L17)+H17-I17 -> 6 | N17: 6 | O17: 0345L003B | P17: SERUM | Q17: 46752 | R17: =IF(Q17=0," ",IFERROR(IF(DATEDIF(TODAY(),Q17,"M")<=5,"ROJO",IF(DATEDIF(TODAY(),Q17,"M")>=12,"VERDE",IF(AND(DATEDIF(TODAY(),Q17,"M")>=6,DATEDIF(TODAY(),Q17,"M")<=11),"AMARILLO"))),S17)) -> VERDE | S17: =IF(Q17=0," ",IF(Q17<=$N$4,"VENCIDO","NO VENCIDO")) -> NO VENCIDO | Y17: =+AT17 -> 0 | AD17: =+AB17+AC17 -> 0 | AO17: =SUM(AD17:AN21) -> 0
R18: =IF(Q18=0," ",IFERROR(IF(DATEDIF(TODAY(),Q18,"M")<=5,"ROJO",IF(DATEDIF(TODAY(),Q18,"M")>=12,"VERDE",IF(AND(DATEDIF(TODAY(),Q18,"M")>=6,DATEDIF(TODAY(),Q18,"M")<=11),"AMARILLO"))),S18)) | S18: =IF(Q18=0," ",IF(Q18<=$N$4,"VENCIDO","NO VENCIDO"))
R19: =IF(Q19=0," ",IFERROR(IF(DATEDIF(TODAY(),Q19,"M")<=5,"ROJO",IF(DATEDIF(TODAY(),Q19,"M")>=12,"VERDE",IF(AND(DATEDIF(TODAY(),Q19,"M")>=6,DATEDIF(TODAY(),Q19,"M")<=11),"AMARILLO"))),S19)) | S19: =IF(Q19=0," ",IF(Q19<=$N$4,"VENCIDO","NO VENCIDO"))
R20: =IF(Q20=0," ",IFERROR(IF(DATEDIF(TODAY(),Q20,"M")<=5,"ROJO",IF(DATEDIF(TODAY(),Q20,"M")>=12,"VERDE",IF(AND(DATEDIF(TODAY(),Q20,"M")>=6,DATEDIF(TODAY(),Q20,"M")<=11),"AMARILLO"))),S20)) | S20: =IF(Q20=0," ",IF(Q20<=$N$4,"VENCIDO","NO VENCIDO"))
R21: =IF(Q21=0," ",IFERROR(IF(DATEDIF(TODAY(),Q21,"M")<=5,"ROJO",IF(DATEDIF(TODAY(),Q21,"M")>=12,"VERDE",IF(AND(DATEDIF(TODAY(),Q21,"M")>=6,DATEDIF(TODAY(),Q21,"M")<=11),"AMARILLO"))),S21)) | S21: =IF(Q21=0," ",IF(Q21<=$N$4,"VENCIDO","NO VENCIDO"))
M22: =M17=N22 -> TRUE | N22: =SUM(N17:N21) -> 6 | O22: “Verdadero” indica que la cantidad por lote, coincide con el saldo que inicia al mes siguiente. "Falso" no coinicide. | T22: =SUM(T17:T21) -> 0
A23: =A17+1 -> 4 | B23: Vacuna de Poliovirus Inactiva IPV - Liquida | D23: =+Mayo!M23 -> 16 | E23: 30 | F23: 25 | G23: 1 | J23: =+F23+G23 -> 26 | K23: =+AO23 -> 0 | L23: =+J23+K23 -> 26 | M23: =+(D23+E23)-(L23)+H23-I23 -> 20 | N23: 20 | O23: 2526003A | P23: BILTHOVEN | Q23: 46808 | R23: =IF(Q23=0," ",IFERROR(IF(DATEDIF(TODAY(),Q23,"M")<=5,"ROJO",IF(DATEDIF(TODAY(),Q23,"M")>=12,"VERDE",IF(AND(DATEDIF(TODAY(),Q23,"M")>=6,DATEDIF(TODAY(),Q23,"M")<=11),"AMARILLO"))),S23)) -> VERDE | S23: =IF(Q23=0," ",IF(Q23<=$N$4,"VENCIDO","NO VENCIDO")) -> NO VENCIDO | Y23: =+AT23 -> 0 | AD23: =+AB23+AC23 -> 0 | AO23: =SUM(AD23:AN27) -> 0
R24: =IF(Q24=0," ",IFERROR(IF(DATEDIF(TODAY(),Q24,"M")<=5,"ROJO",IF(DATEDIF(TODAY(),Q24,"M")>=12,"VERDE",IF(AND(DATEDIF(TODAY(),Q24,"M")>=6,DATEDIF(TODAY(),Q24,"M")<=11),"AMARILLO"))),S24)) | S24: =IF(Q24=0," ",IF(Q24<=$N$4,"VENCIDO","NO VENCIDO"))
R25: =IF(Q25=0," ",IFERROR(IF(DATEDIF(TODAY(),Q25,"M")<=5,"ROJO",IF(DATEDIF(TODAY(),Q25,"M")>=12,"VERDE",IF(AND(DATEDIF(TODAY(),Q25,"M")>=6,DATEDIF(TODAY(),Q25,"M")<=11),"AMARILLO"))),S25)) | S25: =IF(Q25=0," ",IF(Q25<=$N$4,"VENCIDO","NO VENCIDO"))
R26: =IF(Q26=0," ",IFERROR(IF(DATEDIF(TODAY(),Q26,"M")<=5,"ROJO",IF(DATEDIF(TODAY(),Q26,"M")>=12,"VERDE",IF(AND(DATEDIF(TODAY(),Q26,"M")>=6,DATEDIF(TODAY(),Q26,"M")<=11),"AMARILLO"))),S26)) | S26: =IF(Q26=0," ",IF(Q26<=$N$4,"VENCIDO","NO VENCIDO"))
R27: =IF(Q27=0," ",IFERROR(IF(DATEDIF(TODAY(),Q27,"M")<=5,"ROJO",IF(DATEDIF(TODAY(),Q27,"M")>=12,"VERDE",IF(AND(DATEDIF(TODAY(),Q27,"M")>=6,DATEDIF(TODAY(),Q27,"M")<=11),"AMARILLO"))),S27)) | S27: =IF(Q27=0," ",IF(Q27<=$N$4,"VENCIDO","NO VENCIDO"))
M28: =M23=N28 -> TRUE | N28: =SUM(N23:N27) -> 20 | O28: “Verdadero” indica que la cantidad por lote, coincide con el saldo que inicia al mes siguiente. "Falso" no coinicide. | T28: =SUM(T23:T27) -> 0
A29: =A23+1 -> 5 | B29: Vacuna de Difteria - Tos ferina (Celula completa) - Tétanos - Hepatitis B - Haemophilus influenzae tipo B (DTwP-HepB-Hib) PENTAVALENTE PEDIÁTRICA - Liquida | D29: =+Mayo!M29 -> 33 | E29: 20 | F29: 19 | J29: =+F29+G29 -> 19 | K29: =+AO29 -> 0 | L29: =+J29+K29 -> 19 | M29: =+(D29+E29)-(L29)+H29-I29 -> 34 | N29: 34 | O29: 2855X001A | P29: SERUM | Q29: 46418 | R29: =IF(Q29=0," ",IFERROR(IF(DATEDIF(TODAY(),Q29,"M")<=5,"ROJO",IF(DATEDIF(TODAY(),Q29,"M")>=12,"VERDE",IF(AND(DATEDIF(TODAY(),Q29,"M")>=6,DATEDIF(TODAY(),Q29,"M")<=11),"AMARILLO"))),S29)) -> ROJO | S29: =IF(Q29=0," ",IF(Q29<=$N$4,"VENCIDO","NO VENCIDO")) -> NO VENCIDO | Y29: =+AT29 -> 0 | AD29: =+AB29+AC29 -> 0 | AO29: =SUM(AD29:AN33) -> 0
R30: =IF(Q30=0," ",IFERROR(IF(DATEDIF(TODAY(),Q30,"M")<=5,"ROJO",IF(DATEDIF(TODAY(),Q30,"M")>=12,"VERDE",IF(AND(DATEDIF(TODAY(),Q30,"M")>=6,DATEDIF(TODAY(),Q30,"M")<=11),"AMARILLO"))),S30)) | S30: =IF(Q30=0," ",IF(Q30<=$N$4,"VENCIDO","NO VENCIDO"))
R31: =IF(Q31=0," ",IFERROR(IF(DATEDIF(TODAY(),Q31,"M")<=5,"ROJO",IF(DATEDIF(TODAY(),Q31,"M")>=12,"VERDE",IF(AND(DATEDIF(TODAY(),Q31,"M")>=6,DATEDIF(TODAY(),Q31,"M")<=11),"AMARILLO"))),S31)) | S31: =IF(Q31=0," ",IF(Q31<=$N$4,"VENCIDO","NO VENCIDO"))
R32: =IF(Q32=0," ",IFERROR(IF(DATEDIF(TODAY(),Q32,"M")<=5,"ROJO",IF(DATEDIF(TODAY(),Q32,"M")>=12,"VERDE",IF(AND(DATEDIF(TODAY(),Q32,"M")>=6,DATEDIF(TODAY(),Q32,"M")<=11),"AMARILLO"))),S32)) | S32: =IF(Q32=0," ",IF(Q32<=$N$4,"VENCIDO","NO VENCIDO"))
R33: =IF(Q33=0," ",IFERROR(IF(DATEDIF(TODAY(),Q33,"M")<=5,"ROJO",IF(DATEDIF(TODAY(),Q33,"M")>=12,"VERDE",IF(AND(DATEDIF(TODAY(),Q33,"M")>=6,DATEDIF(TODAY(),Q33,"M")<=11),"AMARILLO"))),S33)) | S33: =IF(Q33=0," ",IF(Q33<=$N$4,"VENCIDO","NO VENCIDO"))
M34: =M29=N34 -> TRUE | N34: =SUM(N29:N33) -> 34 | O34: “Verdadero” indica que la cantidad por lote, coincide con el saldo que inicia al mes siguiente. "Falso" no coinicide. | T34: =SUM(T29:T33) -> 0
A35: =A29+1 -> 6 | B35: Vacuna de Difteria - Tétanos - Tos ferina acelular - Poliovirus inactivado - Hepatitis B - Haemophilus influenzae tipo B (DTaP-IPV-HepB-Hib (HEXAVALENTE ACELULAR) - Liquida | D35: =+Mayo!M35 -> 3 | J35: =+F35+G35 -> 0 | K35: =+AO35 -> 0 | L35: =+J35+K35 -> 0 | M35: =+(D35+E35)-(L35)+H35-I35 -> 3 | N35: 3 | O35: 4CA03C1 | P35: SANOFI | Q35: 46325 | R35: =IF(Q35=0," ",IFERROR(IF(DATEDIF(TODAY(),Q35,"M")<=5,"ROJO",IF(DATEDIF(TODAY(),Q35,"M")>=12,"VERDE",IF(AND(DATEDIF(TODAY(),Q35,"M")>=6,DATEDIF(TODAY(),Q35,"M")<=11),"AMARILLO"))),S35)) -> ROJO | S35: =IF(Q35=0," ",IF(Q35<=$N$4,"VENCIDO","NO VENCIDO")) -> NO VENCIDO | Y35: =+AT35 -> 0 | AD35: =+AB35+AC35 -> 0 | AO35: =SUM(AD35:AN39) -> 0
R36: =IF(Q36=0," ",IFERROR(IF(DATEDIF(TODAY(),Q36,"M")<=5,"ROJO",IF(DATEDIF(TODAY(),Q36,"M")>=12,"VERDE",IF(AND(DATEDIF(TODAY(),Q36,"M")>=6,DATEDIF(TODAY(),Q36,"M")<=11),"AMARILLO"))),S36)) | S36: =IF(Q36=0," ",IF(Q36<=$N$4,"VENCIDO","NO VENCIDO"))
R37: =IF(Q37=0," ",IFERROR(IF(DATEDIF(TODAY(),Q37,"M")<=5,"ROJO",IF(DATEDIF(TODAY(),Q37,"M")>=12,"VERDE",IF(AND(DATEDIF(TODAY(),Q37,"M")>=6,DATEDIF(TODAY(),Q37,"M")<=11),"AMARILLO"))),S37)) | S37: =IF(Q37=0," ",IF(Q37<=$N$4,"VENCIDO","NO VENCIDO"))
R38: =IF(Q38=0," ",IFERROR(IF(DATEDIF(TODAY(),Q38,"M")<=5,"ROJO",IF(DATEDIF(TODAY(),Q38,"M")>=12,"VERDE",IF(AND(DATEDIF(TODAY(),Q38,"M")>=6,DATEDIF(TODAY(),Q38,"M")<=11),"AMARILLO"))),S38)) | S38: =IF(Q38=0," ",IF(Q38<=$N$4,"VENCIDO","NO VENCIDO"))
R39: =IF(Q39=0," ",IFERROR(IF(DATEDIF(TODAY(),Q39,"M")<=5,"ROJO",IF(DATEDIF(TODAY(),Q39,"M")>=12,"VERDE",IF(AND(DATEDIF(TODAY(),Q39,"M")>=6,DATEDIF(TODAY(),Q39,"M")<=11),"AMARILLO"))),S39)) | S39: =IF(Q39=0," ",IF(Q39<=$N$4,"VENCIDO","NO VENCIDO"))
M40: =M35=N40 -> TRUE | N40: =SUM(N35:N39) -> 3 | O40: “Verdadero” indica que la cantidad por lote, coincide con el saldo que inicia al mes siguiente. "Falso" no coinicide. | T40: =SUM(T35:T39) -> 0
A41: =A35+1 -> 7 | B41: Vacuna de Difteria - Tos ferina (celula completa)- Tétanos - Hepatitis B - Haemophilus influenzae tipo B - Poliovirus inactivado (DTwP-HepB-Hib-IPV) - HEXAVALENTE DE CÉLULAS COMPLETAS - Liquida | D41: =+Mayo!M41 -> 0 | J41: =+F41+G41 -> 0 | K41: =+AO41 -> 0 | L41: =+J41+K41 -> 0 | M41: =+(D41+E41)-(L41)+H41-I41 -> 0 | Y41: =+AT41 -> 0 | AD41: =+AB41+AC41 -> 0 | AO41: =SUM(AD41:AN45) -> 0
M46: =M41=N46 -> TRUE | N46: =SUM(N41:N45) -> 0 | O46: “Verdadero” indica que la cantidad por lote, coincide con el saldo que inicia al mes siguiente. "Falso" no coinicide. | T46: =SUM(T41:T45) -> 0
A47: =A41+1 -> 8 | B47: Vacuna de Difteria, Tétano y Tosferina (DPT)- Liquida | D47: =+Mayo!M47 -> 20 | E47: 10 | F47: 6 | G47: 1 | J47: =+F47+G47 -> 7 | K47: =+AO47 -> 3 | L47: =+J47+K47 -> 10 | M47: =+(D47+E47)-(L47)+H47-I47 -> 20 | N47: 20 | O47: 2825Q005A | P47: SERUM | Q47: 46446 | R47: =IF(Q47=0," ",IFERROR(IF(DATEDIF(TODAY(),Q47,"M")<=5,"ROJO",IF(DATEDIF(TODAY(),Q47,"M")>=12,"VERDE",IF(AND(DATEDIF(TODAY(),Q47,"M")>=6,DATEDIF(TODAY(),Q47,"M")<=11),"AMARILLO"))),S47)) -> ROJO | S47: =IF(Q47=0," ",IF(Q47<=$N$4,"VENCIDO","NO VENCIDO")) -> NO VENCIDO | Y47: =+AT47 -> 0 | AB47: 3 | AD47: =+AB47+AC47 -> 3 | AO47: =SUM(AD47:AN51) -> 3
R48: =IF(Q48=0," ",IFERROR(IF(DATEDIF(TODAY(),Q48,"M")<=5,"ROJO",IF(DATEDIF(TODAY(),Q48,"M")>=12,"VERDE",IF(AND(DATEDIF(TODAY(),Q48,"M")>=6,DATEDIF(TODAY(),Q48,"M")<=11),"AMARILLO"))),S48)) | S48: =IF(Q48=0," ",IF(Q48<=$N$4,"VENCIDO","NO VENCIDO"))
R49: =IF(Q49=0," ",IFERROR(IF(DATEDIF(TODAY(),Q49,"M")<=5,"ROJO",IF(DATEDIF(TODAY(),Q49,"M")>=12,"VERDE",IF(AND(DATEDIF(TODAY(),Q49,"M")>=6,DATEDIF(TODAY(),Q49,"M")<=11),"AMARILLO"))),S49)) | S49: =IF(Q49=0," ",IF(Q49<=$N$4,"VENCIDO","NO VENCIDO"))
R50: =IF(Q50=0," ",IFERROR(IF(DATEDIF(TODAY(),Q50,"M")<=5,"ROJO",IF(DATEDIF(TODAY(),Q50,"M")>=12,"VERDE",IF(AND(DATEDIF(TODAY(),Q50,"M")>=6,DATEDIF(TODAY(),Q50,"M")<=11),"AMARILLO"))),S50)) | S50: =IF(Q50=0," ",IF(Q50<=$N$4,"VENCIDO","NO VENCIDO"))
R51: =IF(Q51=0," ",IFERROR(IF(DATEDIF(TODAY(),Q51,"M")<=5,"ROJO",IF(DATEDIF(TODAY(),Q51,"M")>=12,"VERDE",IF(AND(DATEDIF(TODAY(),Q51,"M")>=6,DATEDIF(TODAY(),Q51,"M")<=11),"AMARILLO"))),S51)) | S51: =IF(Q51=0," ",IF(Q51<=$N$4,"VENCIDO","NO VENCIDO"))
M52: =M47=N52 -> TRUE | N52: =SUM(N47:N51) -> 20 | O52: “Verdadero” indica que la cantidad por lote, coincide con el saldo que inicia al mes siguiente. "Falso" no coinicide. | T52: =SUM(T47:T51) -> 0
A53: =A47+1 -> 9 | B53: Vacuna de Difteria-Tétanos-Tos ferina acelular Pertussis (DTaP) Pediátrica - Liquida | D53: =+Mayo!M53 -> 10 | J53: =+F53+G53 -> 0 | K53: =+AO53 -> 0 | L53: =+J53+K53 -> 0 | M53: =+(D53+E53)-(L53)+H53-I53 -> 10 | N53: 10 | O53: 221100624A | P53: BIOLOGYCAL | Q53: 46356 | R53: =IF(Q53=0," ",IFERROR(IF(DATEDIF(TODAY(),Q53,"M")<=5,"ROJO",IF(DATEDIF(TODAY(),Q53,"M")>=12,"VERDE",IF(AND(DATEDIF(TODAY(),Q53,"M")>=6,DATEDIF(TODAY(),Q53,"M")<=11),"AMARILLO"))),S53)) -> ROJO | S53: =IF(Q53=0," ",IF(Q53<=$N$4,"VENCIDO","NO VENCIDO")) -> NO VENCIDO | Y53: =+AT53 -> 0 | AD53: =+AB53+AC53 -> 0 | AO53: =SUM(AD53:AN57) -> 0
R54: =IF(Q54=0," ",IFERROR(IF(DATEDIF(TODAY(),Q54,"M")<=5,"ROJO",IF(DATEDIF(TODAY(),Q54,"M")>=12,"VERDE",IF(AND(DATEDIF(TODAY(),Q54,"M")>=6,DATEDIF(TODAY(),Q54,"M")<=11),"AMARILLO"))),S54)) | S54: =IF(Q54=0," ",IF(Q54<=$N$4,"VENCIDO","NO VENCIDO"))
R55: =IF(Q55=0," ",IFERROR(IF(DATEDIF(TODAY(),Q55,"M")<=5,"ROJO",IF(DATEDIF(TODAY(),Q55,"M")>=12,"VERDE",IF(AND(DATEDIF(TODAY(),Q55,"M")>=6,DATEDIF(TODAY(),Q55,"M")<=11),"AMARILLO"))),S55)) | S55: =IF(Q55=0," ",IF(Q55<=$N$4,"VENCIDO","NO VENCIDO"))
R56: =IF(Q56=0," ",IFERROR(IF(DATEDIF(TODAY(),Q56,"M")<=5,"ROJO",IF(DATEDIF(TODAY(),Q56,"M")>=12,"VERDE",IF(AND(DATEDIF(TODAY(),Q56,"M")>=6,DATEDIF(TODAY(),Q56,"M")<=11),"AMARILLO"))),S56)) | S56: =IF(Q56=0," ",IF(Q56<=$N$4,"VENCIDO","NO VENCIDO"))
R57: =IF(Q57=0," ",IFERROR(IF(DATEDIF(TODAY(),Q57,"M")<=5,"ROJO",IF(DATEDIF(TODAY(),Q57,"M")>=12,"VERDE",IF(AND(DATEDIF(TODAY(),Q57,"M")>=6,DATEDIF(TODAY(),Q57,"M")<=11),"AMARILLO"))),S57)) | S57: =IF(Q57=0," ",IF(Q57<=$N$4,"VENCIDO","NO VENCIDO"))
M58: =M53=N58 -> TRUE | N58: =SUM(N53:N57) -> 10 | O58: “Verdadero” indica que la cantidad por lote, coincide con el saldo que inicia al mes siguiente. "Falso" no coinicide. | T58: =SUM(T53:T57) -> 0
A59: =A53+1 -> 10 | B59: Vacuna de Rotavirus Liquida (administración oral) | D59: =+Mayo!M59 -> 25 | E59: 10 | F59: 9 | J59: =+F59+G59 -> 9 | K59: =+AO59 -> 0 | L59: =+J59+K59 -> 9 | M59: =+(D59+E59)-(L59)+H59-I59 -> 26 | N59: 16 | O59: AROLE419AA | P59: GLAXO | Q59: 46660 | R59: =IF(Q59=0," ",IFERROR(IF(DATEDIF(TODAY(),Q59,"M")<=5,"ROJO",IF(DATEDIF(TODAY(),Q59,"M")>=12,"VERDE",IF(AND(DATEDIF(TODAY(),Q59,"M")>=6,DATEDIF(TODAY(),Q59,"M")<=11),"AMARILLO"))),S59)) -> AMARILLO | S59: =IF(Q59=0," ",IF(Q59<=$N$4,"VENCIDO","NO VENCIDO")) -> NO VENCIDO | Y59: =+AT59 -> 0 | AD59: =+AB59+AC59 -> 0 | AO59: =SUM(AD59:AN63) -> 0
N60: 10 | O60: AROLE487AA | P60: GLAXO | Q60: 46783 | R60: =IF(Q60=0," ",IFERROR(IF(DATEDIF(TODAY(),Q60,"M")<=5,"ROJO",IF(DATEDIF(TODAY(),Q60,"M")>=12,"VERDE",IF(AND(DATEDIF(TODAY(),Q60,"M")>=6,DATEDIF(TODAY(),Q60,"M")<=11),"AMARILLO"))),S60)) -> VERDE | S60: =IF(Q60=0," ",IF(Q60<=$N$4,"VENCIDO","NO VENCIDO")) -> NO VENCIDO
R61: =IF(Q61=0," ",IFERROR(IF(DATEDIF(TODAY(),Q61,"M")<=5,"ROJO",IF(DATEDIF(TODAY(),Q61,"M")>=12,"VERDE",IF(AND(DATEDIF(TODAY(),Q61,"M")>=6,DATEDIF(TODAY(),Q61,"M")<=11),"AMARILLO"))),S61)) | S61: =IF(Q61=0," ",IF(Q61<=$N$4,"VENCIDO","NO VENCIDO"))
R62: =IF(Q62=0," ",IFERROR(IF(DATEDIF(TODAY(),Q62,"M")<=5,"ROJO",IF(DATEDIF(TODAY(),Q62,"M")>=12,"VERDE",IF(AND(DATEDIF(TODAY(),Q62,"M")>=6,DATEDIF(TODAY(),Q62,"M")<=11),"AMARILLO"))),S62)) | S62: =IF(Q62=0," ",IF(Q62<=$N$4,"VENCIDO","NO VENCIDO"))
R63: =IF(Q63=0," ",IFERROR(IF(DATEDIF(TODAY(),Q63,"M")<=5,"ROJO",IF(DATEDIF(TODAY(),Q63,"M")>=12,"VERDE",IF(AND(DATEDIF(TODAY(),Q63,"M")>=6,DATEDIF(TODAY(),Q63,"M")<=11),"AMARILLO"))),S63)) | S63: =IF(Q63=0," ",IF(Q63<=$N$4,"VENCIDO","NO VENCIDO"))
M64: =M59=N64 -> TRUE | N64: =SUM(N59:N63) -> 26 | O64: “Verdadero” indica que la cantidad por lote, coincide con el saldo que inicia al mes siguiente. "Falso" no coinicide. | T64: =SUM(T59:T63) -> 0
A65: =A59+1 -> 11 | B65: Vacuna Antineumocócica Conjugada (13-valente) PCV13 - Liquida | D65: =+Mayo!M65 -> 25 | E65: 10 | F65: 13 | J65: =+F65+G65 -> 13 | K65: =+AO65 -> 0 | L65: =+J65+K65 -> 13 | M65: =+(D65+E65)-(L65)+H65-I65 -> 22 | N65: 22 | O65: LK3156 | P65: PFIER | Q65: 46538 | R65: =IF(Q65=0," ",IFERROR(IF(DATEDIF(TODAY(),Q65,"M")<=5,"ROJO",IF(DATEDIF(TODAY(),Q65,"M")>=12,"VERDE",IF(AND(DATEDIF(TODAY(),Q65,"M")>=6,DATEDIF(TODAY(),Q65,"M")<=11),"AMARILLO"))),S65)) -> AMARILLO | S65: =IF(Q65=0," ",IF(Q65<=$N$4,"VENCIDO","NO VENCIDO")) -> NO VENCIDO | Y65: =+AT65 -> 0 | AD65: =+AB65+AC65 -> 0 | AO65: =SUM(AD65:AN69) -> 0
R66: =IF(Q66=0," ",IFERROR(IF(DATEDIF(TODAY(),Q66,"M")<=5,"ROJO",IF(DATEDIF(TODAY(),Q66,"M")>=12,"VERDE",IF(AND(DATEDIF(TODAY(),Q66,"M")>=6,DATEDIF(TODAY(),Q66,"M")<=11),"AMARILLO"))),S66)) | S66: =IF(Q66=0," ",IF(Q66<=$N$4,"VENCIDO","NO VENCIDO"))
R67: =IF(Q67=0," ",IFERROR(IF(DATEDIF(TODAY(),Q67,"M")<=5,"ROJO",IF(DATEDIF(TODAY(),Q67,"M")>=12,"VERDE",IF(AND(DATEDIF(TODAY(),Q67,"M")>=6,DATEDIF(TODAY(),Q67,"M")<=11),"AMARILLO"))),S67)) | S67: =IF(Q67=0," ",IF(Q67<=$N$4,"VENCIDO","NO VENCIDO"))
R68: =IF(Q68=0," ",IFERROR(IF(DATEDIF(TODAY(),Q68,"M")<=5,"ROJO",IF(DATEDIF(TODAY(),Q68,"M")>=12,"VERDE",IF(AND(DATEDIF(TODAY(),Q68,"M")>=6,DATEDIF(TODAY(),Q68,"M")<=11),"AMARILLO"))),S68)) | S68: =IF(Q68=0," ",IF(Q68<=$N$4,"VENCIDO","NO VENCIDO"))
R69: =IF(Q69=0," ",IFERROR(IF(DATEDIF(TODAY(),Q69,"M")<=5,"ROJO",IF(DATEDIF(TODAY(),Q69,"M")>=12,"VERDE",IF(AND(DATEDIF(TODAY(),Q69,"M")>=6,DATEDIF(TODAY(),Q69,"M")<=11),"AMARILLO"))),S69)) | S69: =IF(Q69=0," ",IF(Q69<=$N$4,"VENCIDO","NO VENCIDO"))
M70: =M65=N70 -> TRUE | N70: =SUM(N65:N69) -> 22 | O70: “Verdadero” indica que la cantidad por lote, coincide con el saldo que inicia al mes siguiente. "Falso" no coinicide. | T70: =SUM(T65:T69) -> 0
A71: =A65+1 -> 12 | B71: Vacuna Antineumocócica Conjugada (20-valente) PCV20 - Liquida | D71: =+Mayo!M71 -> 0 | J71: =+F71+G71 -> 0 | K71: =+AO71 -> 0 | L71: =+J71+K71 -> 0 | M71: =+(D71+E71)-(L71)+H71-I71 -> 0 | R71: =IF(Q71=0," ",IFERROR(IF(DATEDIF(TODAY(),Q71,"M")<=5,"ROJO",IF(DATEDIF(TODAY(),Q71,"M")>=12,"VERDE",IF(AND(DATEDIF(TODAY(),Q71,"M")>=6,DATEDIF(TODAY(),Q71,"M")<=11),"AMARILLO"))),S71)) | S71: =IF(Q71=0," ",IF(Q71<=$N$4,"VENCIDO","NO VENCIDO")) | Y71: =+AT71 -> 0 | AD71: =+AB71+AC71 -> 0 | AO71: =SUM(AD71:AN75) -> 0
R72: =IF(Q72=0," ",IFERROR(IF(DATEDIF(TODAY(),Q72,"M")<=5,"ROJO",IF(DATEDIF(TODAY(),Q72,"M")>=12,"VERDE",IF(AND(DATEDIF(TODAY(),Q72,"M")>=6,DATEDIF(TODAY(),Q72,"M")<=11),"AMARILLO"))),S72)) | S72: =IF(Q72=0," ",IF(Q72<=$N$4,"VENCIDO","NO VENCIDO"))
R73: =IF(Q73=0," ",IFERROR(IF(DATEDIF(TODAY(),Q73,"M")<=5,"ROJO",IF(DATEDIF(TODAY(),Q73,"M")>=12,"VERDE",IF(AND(DATEDIF(TODAY(),Q73,"M")>=6,DATEDIF(TODAY(),Q73,"M")<=11),"AMARILLO"))),S73)) | S73: =IF(Q73=0," ",IF(Q73<=$N$4,"VENCIDO","NO VENCIDO"))
R74: =IF(Q74=0," ",IFERROR(IF(DATEDIF(TODAY(),Q74,"M")<=5,"ROJO",IF(DATEDIF(TODAY(),Q74,"M")>=12,"VERDE",IF(AND(DATEDIF(TODAY(),Q74,"M")>=6,DATEDIF(TODAY(),Q74,"M")<=11),"AMARILLO"))),S74)) | S74: =IF(Q74=0," ",IF(Q74<=$N$4,"VENCIDO","NO VENCIDO"))
R75: =IF(Q75=0," ",IFERROR(IF(DATEDIF(TODAY(),Q75,"M")<=5,"ROJO",IF(DATEDIF(TODAY(),Q75,"M")>=12,"VERDE",IF(AND(DATEDIF(TODAY(),Q75,"M")>=6,DATEDIF(TODAY(),Q75,"M")<=11),"AMARILLO"))),S75)) | S75: =IF(Q75=0," ",IF(Q75<=$N$4,"VENCIDO","NO VENCIDO"))
M76: =M71=N76 -> TRUE | N76: =SUM(N71:N75) -> 0 | O76: “Verdadero” indica que la cantidad por lote, coincide con el saldo que inicia al mes siguiente. "Falso" no coinicide. | T76: =SUM(T71:T75) -> 0
A77: =A71+1 -> 13 | B77: Vacuna de Sarampión, Rubeola y Paperas (SRP) (Cepa Leningrado-Zagreb) Liofilizado - Vial x 01 dosis - TRIPLE VIRAL | D77: =+Mayo!M77 -> 30 | F77: 6 | G77: 1 | J77: =+F77+G77 -> 7 | K77: =+AO77 -> 0 | L77: =+J77+K77 -> 7 | M77: =+(D77+E77)-(L77)+H77-I77 -> 23 | N77: 23 | O77: 0134N096A | P77: SERUM | Q77: 46507 | R77: =IF(Q77=0," ",IFERROR(IF(DATEDIF(TODAY(),Q77,"M")<=5,"ROJO",IF(DATEDIF(TODAY(),Q77,"M")>=12,"VERDE",IF(AND(DATEDIF(TODAY(),Q77,"M")>=6,DATEDIF(TODAY(),Q77,"M")<=11),"AMARILLO"))),S77)) -> AMARILLO | S77: =IF(Q77=0," ",IF(Q77<=$N$4,"VENCIDO","NO VENCIDO")) -> NO VENCIDO | Y77: =+AT77 -> 0 | AD77: =+AB77+AC77 -> 0 | AO77: =SUM(AD77:AN81) -> 0
R78: =IF(Q78=0," ",IFERROR(IF(DATEDIF(TODAY(),Q78,"M")<=5,"ROJO",IF(DATEDIF(TODAY(),Q78,"M")>=12,"VERDE",IF(AND(DATEDIF(TODAY(),Q78,"M")>=6,DATEDIF(TODAY(),Q78,"M")<=11),"AMARILLO"))),S78)) | S78: =IF(Q78=0," ",IF(Q78<=$N$4,"VENCIDO","NO VENCIDO"))
R79: =IF(Q79=0," ",IFERROR(IF(DATEDIF(TODAY(),Q79,"M")<=5,"ROJO",IF(DATEDIF(TODAY(),Q79,"M")>=12,"VERDE",IF(AND(DATEDIF(TODAY(),Q79,"M")>=6,DATEDIF(TODAY(),Q79,"M")<=11),"AMARILLO"))),S79)) | S79: =IF(Q79=0," ",IF(Q79<=$N$4,"VENCIDO","NO VENCIDO"))
R80: =IF(Q80=0," ",IFERROR(IF(DATEDIF(TODAY(),Q80,"M")<=5,"ROJO",IF(DATEDIF(TODAY(),Q80,"M")>=12,"VERDE",IF(AND(DATEDIF(TODAY(),Q80,"M")>=6,DATEDIF(TODAY(),Q80,"M")<=11),"AMARILLO"))),S80)) | S80: =IF(Q80=0," ",IF(Q80<=$N$4,"VENCIDO","NO VENCIDO"))
R81: =IF(Q81=0," ",IFERROR(IF(DATEDIF(TODAY(),Q81,"M")<=5,"ROJO",IF(DATEDIF(TODAY(),Q81,"M")>=12,"VERDE",IF(AND(DATEDIF(TODAY(),Q81,"M")>=6,DATEDIF(TODAY(),Q81,"M")<=11),"AMARILLO"))),S81)) | S81: =IF(Q81=0," ",IF(Q81<=$N$4,"VENCIDO","NO VENCIDO"))
M82: =M77=N82 -> TRUE | N82: =SUM(N77:N81) -> 23 | O82: “Verdadero” indica que la cantidad por lote, coincide con el saldo que inicia al mes siguiente. "Falso" no coinicide. | T82: =SUM(T77:T81) -> 0
A83: =A77+1 -> 14 | B83: Vacuna de Sarampión, Rubeola y Paperas (SRP) (Cepa Leningrado-Zagreb) Liofilizado - Vial x 05 dosis - TRIPLE VIRAL | D83: =+Mayo!M83 -> 0 | J83: =+F83+G83 -> 0 | K83: =+AO83 -> 0 | L83: =+J83+K83 -> 0 | M83: =+(D83+E83)-(L83)+H83-I83 -> 0 | R83: =IF(Q83=0," ",IFERROR(IF(DATEDIF(TODAY(),Q83,"M")<=5,"ROJO",IF(DATEDIF(TODAY(),Q83,"M")>=12,"VERDE",IF(AND(DATEDIF(TODAY(),Q83,"M")>=6,DATEDIF(TODAY(),Q83,"M")<=11),"AMARILLO"))),S83)) | S83: =IF(Q83=0," ",IF(Q83<=$N$4,"VENCIDO","NO VENCIDO")) | Y83: =+AT83 -> 0 | AD83: =+AB83+AC83 -> 0 | AO83: =SUM(AD83:AN87) -> 0
R84: =IF(Q84=0," ",IFERROR(IF(DATEDIF(TODAY(),Q84,"M")<=5,"ROJO",IF(DATEDIF(TODAY(),Q84,"M")>=12,"VERDE",IF(AND(DATEDIF(TODAY(),Q84,"M")>=6,DATEDIF(TODAY(),Q84,"M")<=11),"AMARILLO"))),S84)) | S84: =IF(Q84=0," ",IF(Q84<=$N$4,"VENCIDO","NO VENCIDO"))
R85: =IF(Q85=0," ",IFERROR(IF(DATEDIF(TODAY(),Q85,"M")<=5,"ROJO",IF(DATEDIF(TODAY(),Q85,"M")>=12,"VERDE",IF(AND(DATEDIF(TODAY(),Q85,"M")>=6,DATEDIF(TODAY(),Q85,"M")<=11),"AMARILLO"))),S85)) | S85: =IF(Q85=0," ",IF(Q85<=$N$4,"VENCIDO","NO VENCIDO"))
R86: =IF(Q86=0," ",IFERROR(IF(DATEDIF(TODAY(),Q86,"M")<=5,"ROJO",IF(DATEDIF(TODAY(),Q86,"M")>=12,"VERDE",IF(AND(DATEDIF(TODAY(),Q86,"M")>=6,DATEDIF(TODAY(),Q86,"M")<=11),"AMARILLO"))),S86)) | S86: =IF(Q86=0," ",IF(Q86<=$N$4,"VENCIDO","NO VENCIDO"))
R87: =IF(Q87=0," ",IFERROR(IF(DATEDIF(TODAY(),Q87,"M")<=5,"ROJO",IF(DATEDIF(TODAY(),Q87,"M")>=12,"VERDE",IF(AND(DATEDIF(TODAY(),Q87,"M")>=6,DATEDIF(TODAY(),Q87,"M")<=11),"AMARILLO"))),S87)) | S87: =IF(Q87=0," ",IF(Q87<=$N$4,"VENCIDO","NO VENCIDO"))
M88: =M83=N88 -> TRUE | N88: =SUM(N83:N87) -> 0 | O88: “Verdadero” indica que la cantidad por lote, coincide con el saldo que inicia al mes siguiente. "Falso" no coinicide. | T88: =SUM(T83:T87) -> 0
A89: =A83+1 -> 15 | B89: Vacuna de Sarampión, Rubeola y Paperas (SRP) (Cepa Leningrado-Zagreb) Liofilizado - Vial x 10 dosis - TRIPLE VIRAL | D89: =+Mayo!M89 -> 0 | J89: =+F89+G89 -> 0 | K89: =+AO89 -> 0 | L89: =+J89+K89 -> 0 | M89: =+(D89+E89)-(L89)+H89-I89 -> 0 | R89: =IF(Q89=0," ",IFERROR(IF(DATEDIF(TODAY(),Q89,"M")<=5,"ROJO",IF(DATEDIF(TODAY(),Q89,"M")>=12,"VERDE",IF(AND(DATEDIF(TODAY(),Q89,"M")>=6,DATEDIF(TODAY(),Q89,"M")<=11),"AMARILLO"))),S89)) | S89: =IF(Q89=0," ",IF(Q89<=$N$4,"VENCIDO","NO VENCIDO")) | Y89: =+AT89 -> 0 | AD89: =+AB89+AC89 -> 0 | AO89: =SUM(AD89:AN93) -> 0
R90: =IF(Q90=0," ",IFERROR(IF(DATEDIF(TODAY(),Q90,"M")<=5,"ROJO",IF(DATEDIF(TODAY(),Q90,"M")>=12,"VERDE",IF(AND(DATEDIF(TODAY(),Q90,"M")>=6,DATEDIF(TODAY(),Q90,"M")<=11),"AMARILLO"))),S90)) | S90: =IF(Q90=0," ",IF(Q90<=$N$4,"VENCIDO","NO VENCIDO"))
R91: =IF(Q91=0," ",IFERROR(IF(DATEDIF(TODAY(),Q91,"M")<=5,"ROJO",IF(DATEDIF(TODAY(),Q91,"M")>=12,"VERDE",IF(AND(DATEDIF(TODAY(),Q91,"M")>=6,DATEDIF(TODAY(),Q91,"M")<=11),"AMARILLO"))),S91)) | S91: =IF(Q91=0," ",IF(Q91<=$N$4,"VENCIDO","NO VENCIDO"))
R92: =IF(Q92=0," ",IFERROR(IF(DATEDIF(TODAY(),Q92,"M")<=5,"ROJO",IF(DATEDIF(TODAY(),Q92,"M")>=12,"VERDE",IF(AND(DATEDIF(TODAY(),Q92,"M")>=6,DATEDIF(TODAY(),Q92,"M")<=11),"AMARILLO"))),S92)) | S92: =IF(Q92=0," ",IF(Q92<=$N$4,"VENCIDO","NO VENCIDO"))
R93: =IF(Q93=0," ",IFERROR(IF(DATEDIF(TODAY(),Q93,"M")<=5,"ROJO",IF(DATEDIF(TODAY(),Q93,"M")>=12,"VERDE",IF(AND(DATEDIF(TODAY(),Q93,"M")>=6,DATEDIF(TODAY(),Q93,"M")<=11),"AMARILLO"))),S93)) | S93: =IF(Q93=0," ",IF(Q93<=$N$4,"VENCIDO","NO VENCIDO"))
M94: =M89=N94 -> TRUE | N94: =SUM(N89:N93) -> 0 | O94: “Verdadero” indica que la cantidad por lote, coincide con el saldo que inicia al mes siguiente. "Falso" no coinicide. | T94: =SUM(T89:T93) -> 0
A95: =A89+1 -> 16 | B95: Vacuna de Sarampión Rubeola (SR) Liofilizada - Vial x 01 dosis -DOBLE VIRAL | D95: =+Mayo!M95 -> 32 | F95: 19 | J95: =+F95+G95 -> 19 | K95: =+AO95 -> 0 | L95: =+J95+K95 -> 19 | M95: =+(D95+E95)-(L95)+H95-I95 -> 13 | N95: 13 | O95: 0094W002 | P95: SERUM | Q95: 46356 | R95: =IF(Q95=0," ",IFERROR(IF(DATEDIF(TODAY(),Q95,"M")<=5,"ROJO",IF(DATEDIF(TODAY(),Q95,"M")>=12,"VERDE",IF(AND(DATEDIF(TODAY(),Q95,"M")>=6,DATEDIF(TODAY(),Q95,"M")<=11),"AMARILLO"))),S95)) -> ROJO | S95: =IF(Q95=0," ",IF(Q95<=$N$4,"VENCIDO","NO VENCIDO")) -> NO VENCIDO | Y95: =+AT95 -> 0 | AD95: =+AB95+AC95 -> 0 | AO95: =SUM(AD95:AN99) -> 0
R96: =IF(Q96=0," ",IFERROR(IF(DATEDIF(TODAY(),Q96,"M")<=5,"ROJO",IF(DATEDIF(TODAY(),Q96,"M")>=12,"VERDE",IF(AND(DATEDIF(TODAY(),Q96,"M")>=6,DATEDIF(TODAY(),Q96,"M")<=11),"AMARILLO"))),S96)) | S96: =IF(Q96=0," ",IF(Q96<=$N$4,"VENCIDO","NO VENCIDO"))
R97: =IF(Q97=0," ",IFERROR(IF(DATEDIF(TODAY(),Q97,"M")<=5,"ROJO",IF(DATEDIF(TODAY(),Q97,"M")>=12,"VERDE",IF(AND(DATEDIF(TODAY(),Q97,"M")>=6,DATEDIF(TODAY(),Q97,"M")<=11),"AMARILLO"))),S97)) | S97: =IF(Q97=0," ",IF(Q97<=$N$4,"VENCIDO","NO VENCIDO"))
R98: =IF(Q98=0," ",IFERROR(IF(DATEDIF(TODAY(),Q98,"M")<=5,"ROJO",IF(DATEDIF(TODAY(),Q98,"M")>=12,"VERDE",IF(AND(DATEDIF(TODAY(),Q98,"M")>=6,DATEDIF(TODAY(),Q98,"M")<=11),"AMARILLO"))),S98)) | S98: =IF(Q98=0," ",IF(Q98<=$N$4,"VENCIDO","NO VENCIDO"))
R99: =IF(Q99=0," ",IFERROR(IF(DATEDIF(TODAY(),Q99,"M")<=5,"ROJO",IF(DATEDIF(TODAY(),Q99,"M")>=12,"VERDE",IF(AND(DATEDIF(TODAY(),Q99,"M")>=6,DATEDIF(TODAY(),Q99,"M")<=11),"AMARILLO"))),S99)) | S99: =IF(Q99=0," ",IF(Q99<=$N$4,"VENCIDO","NO VENCIDO"))
M100: =M95=N100 -> TRUE | N100: =SUM(N95:N99) -> 13 | O100: “Verdadero” indica que la cantidad por lote, coincide con el saldo que inicia al mes siguiente. "Falso" no coinicide. | T100: =SUM(T95:T99) -> 0
A101: =A95+1 -> 17 | B101: Vacuna de Sarampión Rubeola (SR) Liofilizada - Vial x 10 dosis - DOBLE VIRAL | D101: =+Mayo!M101 -> 0 | J101: =+F101+G101 -> 0 | K101: =+AO101 -> 0 | L101: =+J101+K101 -> 0 | M101: =+(D101+E101)-(L101)+H101-I101 -> 0 | R101: =IF(Q101=0," ",IFERROR(IF(DATEDIF(TODAY(),Q101,"M")<=5,"ROJO",IF(DATEDIF(TODAY(),Q101,"M")>=12,"VERDE",IF(AND(DATEDIF(TODAY(),Q101,"M")>=6,DATEDIF(TODAY(),Q101,"M")<=11),"AMARILLO"))),S101)) | S101: =IF(Q101=0," ",IF(Q101<=$N$4,"VENCIDO","NO VENCIDO")) | Y101: =+AT101 -> 0 | AD101: =+AB101+AC101 -> 0 | AO101: =SUM(AD101:AN105) -> 0
R102: =IF(Q102=0," ",IFERROR(IF(DATEDIF(TODAY(),Q102,"M")<=5,"ROJO",IF(DATEDIF(TODAY(),Q102,"M")>=12,"VERDE",IF(AND(DATEDIF(TODAY(),Q102,"M")>=6,DATEDIF(TODAY(),Q102,"M")<=11),"AMARILLO"))),S102)) | S102: =IF(Q102=0," ",IF(Q102<=$N$4,"VENCIDO","NO VENCIDO"))
R103: =IF(Q103=0," ",IFERROR(IF(DATEDIF(TODAY(),Q103,"M")<=5,"ROJO",IF(DATEDIF(TODAY(),Q103,"M")>=12,"VERDE",IF(AND(DATEDIF(TODAY(),Q103,"M")>=6,DATEDIF(TODAY(),Q103,"M")<=11),"AMARILLO"))),S103)) | S103: =IF(Q103=0," ",IF(Q103<=$N$4,"VENCIDO","NO VENCIDO"))
R104: =IF(Q104=0," ",IFERROR(IF(DATEDIF(TODAY(),Q104,"M")<=5,"ROJO",IF(DATEDIF(TODAY(),Q104,"M")>=12,"VERDE",IF(AND(DATEDIF(TODAY(),Q104,"M")>=6,DATEDIF(TODAY(),Q104,"M")<=11),"AMARILLO"))),S104)) | S104: =IF(Q104=0," ",IF(Q104<=$N$4,"VENCIDO","NO VENCIDO"))
...

Sheet Julio
A1: ÍTEM | B1: INSUMOS | D1: SALDO MES ANTERIOR | E1: BIOLÓGICO RECIBIDO DEL CENTRO DE ACOPIO DEPARTAMENTAL / DISTRITAL | F1: DOSIS APLICADAS | H1: Entradas | I1: Salidas | J1: TOTAL DOSIS APLICADAS | K1: DOSIS PERDIDAS | L1: TOTAL DOSIS ÚTILIZADAS EN EL MES | M1: SALDO QUE INICIA EL MES SIGUIENTE (SOLO MUNICIPIOS) | N1: DOSIS POR LOTES | O1: No. LOTE | P1: LABORATORIO | Q1: FECHA DE VENCIMIENTO | R1: SEMAFORIZACION VIDA ÚTIL DEL BIOLÓGICO | S1: CONDICIÓN FINAL DEL BIOLÓGICO, DILUYENTE Y CARNET | T1: DOSIS EN CUARENTENA | U1: LABORATORIO | V1: No. LOTE | W1: FECHA DE VENCIMEINTO | X1: FECHA DE INICIO CUARENTENA | Y1: PORCENTAJE DE PERDIDA DEL MES | Z1: OBSERVACIONES | AB1: CAUSAS PERDIDA DE BIOLÓGICOS (Remítase a la primera hoja donde se especifica la clasificación de las perdidas) | AO1: TOTAL DOSIS PERDIDAS
F2: DOSIS APLICADAS COLOMBIANOS | G2: DOSIS APLICADAS EXTRANJEROS | H2: DOSIS INGRESADAS POR TRASLADOS DE MUNICIPIOS O IPS | I2: DOSIS TRASLADADAS A OTROS MUNICIPIOS O IPS | AB2: 1 | AE2: 2 | AF2: 3 | AG2: 4 | AH2: 5 | AI2: 6 | AJ2: 7 | AK2: 8 | AL2: 9 | AM2: 10 | AN2: 11
AB3: POLÍTICA DE FRASCOS ABIERTO | AE3: INTERRUPCIÓN DE CADENA DE FRÍO | AF3: CONTAMINACION DEL BIOLÓGICO/DISPOSITIVO MÉDICO | AG3: VIAL ROTO | AH3: ERRORES EN LA MANIPULACIÓN | AI3: VENCIMIENTO DEL BIOLÓGICO O JERINGA | AJ3: FARMACOVIGILANCIA / TECNOVIGILANCIA | AK3: VOMITO FRANCO | AL3: APLICACIÓN FUERA DE LA EDAD | AM3: POR DECISIÓN FINAL DEL PACIENTE DE NO VACUNACIÓN | AN3: SINIESTRO O ROBO
AB4: INSTITUCIONAL | AC4: EXTRAMURAL | AD4: TOTAL
A5: 1 | B5: Vacuna de BCG (Bacilo de Calmette y Guérin) Liofilizada | D5: =+Junio!M5 -> 10 | J5: =+F5+G5 -> 0 | K5: =+AO5 -> 0 | L5: =+J5+K5 -> 0 | M5: =+(D5+E5)-(L5)+H5-I5 -> 10 | N5: 10 | O5: 0374MA071 | P5: SERUM | Q5: 46387 | R5: =IF(Q5=0," ",IFERROR(IF(DATEDIF(TODAY(),Q5,"M")<=5,"ROJO",IF(DATEDIF(TODAY(),Q5,"M")>=12,"VERDE",IF(AND(DATEDIF(TODAY(),Q5,"M")>=6,DATEDIF(TODAY(),Q5,"M")<=11),"AMARILLO"))),S5)) -> ROJO | S5: =IF(Q5=0," ",IF(Q5<=$N$4,"VENCIDO","NO VENCIDO")) -> NO VENCIDO | Y5: =+AT5 -> 0 | AD5: =+AB5+AC5 -> 0 | AO5: =SUM(AD5:AN9) -> 0
R6: =IF(Q6=0," ",IFERROR(IF(DATEDIF(TODAY(),Q6,"M")<=5,"ROJO",IF(DATEDIF(TODAY(),Q6,"M")>=12,"VERDE",IF(AND(DATEDIF(TODAY(),Q6,"M")>=6,DATEDIF(TODAY(),Q6,"M")<=11),"AMARILLO"))),S6)) | S6: =IF(Q6=0," ",IF(Q6<=$N$4,"VENCIDO","NO VENCIDO"))
R7: =IF(Q7=0," ",IFERROR(IF(DATEDIF(TODAY(),Q7,"M")<=5,"ROJO",IF(DATEDIF(TODAY(),Q7,"M")>=12,"VERDE",IF(AND(DATEDIF(TODAY(),Q7,"M")>=6,DATEDIF(TODAY(),Q7,"M")<=11),"AMARILLO"))),S7)) | S7: =IF(Q7=0," ",IF(Q7<=$N$4,"VENCIDO","NO VENCIDO"))
R8: =IF(Q8=0," ",IFERROR(IF(DATEDIF(TODAY(),Q8,"M")<=5,"ROJO",IF(DATEDIF(TODAY(),Q8,"M")>=12,"VERDE",IF(AND(DATEDIF(TODAY(),Q8,"M")>=6,DATEDIF(TODAY(),Q8,"M")<=11),"AMARILLO"))),S8)) | S8: =IF(Q8=0," ",IF(Q8<=$N$4,"VENCIDO","NO VENCIDO"))
R9: =IF(Q9=0," ",IFERROR(IF(DATEDIF(TODAY(),Q9,"M")<=5,"ROJO",IF(DATEDIF(TODAY(),Q9,"M")>=12,"VERDE",IF(AND(DATEDIF(TODAY(),Q9,"M")>=6,DATEDIF(TODAY(),Q9,"M")<=11),"AMARILLO"))),S9)) | S9: =IF(Q9=0," ",IF(Q9<=$N$4,"VENCIDO","NO VENCIDO"))
M10: =M5=N10 -> TRUE | N10: =SUM(N5:N9) -> 10 | O10: “Verdadero” indica que la cantidad por lote, coincide con el saldo que inicia al mes siguiente. "Falso" no coinicide. | T10: =SUM(T5:T9) -> 0
A11: =A5+1 -> 2 | B11: Vacuna de Hepatitis B Recombinante Pediátrica - Liquida | D11: =+Junio!M11 -> 9 | J11: =+F11+G11 -> 0 | K11: =+AO11 -> 0 | L11: =+J11+K11 -> 0 | M11: =+(D11+E11)-(L11)+H11-I11 -> 9 | N11: 9 | O11: 0324L013A | P11: SERUM | Q11: 46721 | R11: =IF(Q11=0," ",IFERROR(IF(DATEDIF(TODAY(),Q11,"M")<=5,"ROJO",IF(DATEDIF(TODAY(),Q11,"M")>=12,"VERDE",IF(AND(DATEDIF(TODAY(),Q11,"M")>=6,DATEDIF(TODAY(),Q11,"M")<=11),"AMARILLO"))),S11)) -> VERDE | S11: =IF(Q11=0," ",IF(Q11<=$N$4,"VENCIDO","NO VENCIDO")) -> NO VENCIDO | Y11: =+AT11 -> 0 | AD11: =+AB11+AC11 -> 0 | AO11: =SUM(AD11:AN15) -> 0
R12: =IF(Q12=0," ",IFERROR(IF(DATEDIF(TODAY(),Q12,"M")<=5,"ROJO",IF(DATEDIF(TODAY(),Q12,"M")>=12,"VERDE",IF(AND(DATEDIF(TODAY(),Q12,"M")>=6,DATEDIF(TODAY(),Q12,"M")<=11),"AMARILLO"))),S12)) | S12: =IF(Q12=0," ",IF(Q12<=$N$4,"VENCIDO","NO VENCIDO"))
R13: =IF(Q13=0," ",IFERROR(IF(DATEDIF(TODAY(),Q13,"M")<=5,"ROJO",IF(DATEDIF(TODAY(),Q13,"M")>=12,"VERDE",IF(AND(DATEDIF(TODAY(),Q13,"M")>=6,DATEDIF(TODAY(),Q13,"M")<=11),"AMARILLO"))),S13)) | S13: =IF(Q13=0," ",IF(Q13<=$N$4,"VENCIDO","NO VENCIDO"))
R14: =IF(Q14=0," ",IFERROR(IF(DATEDIF(TODAY(),Q14,"M")<=5,"ROJO",IF(DATEDIF(TODAY(),Q14,"M")>=12,"VERDE",IF(AND(DATEDIF(TODAY(),Q14,"M")>=6,DATEDIF(TODAY(),Q14,"M")<=11),"AMARILLO"))),S14)) | S14: =IF(Q14=0," ",IF(Q14<=$N$4,"VENCIDO","NO VENCIDO"))
R15: =IF(Q15=0," ",IFERROR(IF(DATEDIF(TODAY(),Q15,"M")<=5,"ROJO",IF(DATEDIF(TODAY(),Q15,"M")>=12,"VERDE",IF(AND(DATEDIF(TODAY(),Q15,"M")>=6,DATEDIF(TODAY(),Q15,"M")<=11),"AMARILLO"))),S15)) | S15: =IF(Q15=0," ",IF(Q15<=$N$4,"VENCIDO","NO VENCIDO"))
M16: =M11=N16 -> TRUE | N16: =SUM(N11:N15) -> 9 | O16: “Verdadero” indica que la cantidad por lote, coincide con el saldo que inicia al mes siguiente. "Falso" no coinicide. | T16: =SUM(T11:T15) -> 0
A17: =A11+1 -> 3 | B17: Vacuna de Hepatitis B Recombinante Adultos - Liquida | D17: =+Junio!M17 -> 6 | E17: 10 | F17: 1 | J17: =+F17+G17 -> 1 | K17: =+AO17 -> 0 | L17: =+J17+K17 -> 1 | M17: =+(D17+E17)-(L17)+H17-I17 -> 15 | N17: 15 | O17: 0345L003B | P17: SERUM | Q17: 46752 | R17: =IF(Q17=0," ",IFERROR(IF(DATEDIF(TODAY(),Q17,"M")<=5,"ROJO",IF(DATEDIF(TODAY(),Q17,"M")>=12,"VERDE",IF(AND(DATEDIF(TODAY(),Q17,"M")>=6,DATEDIF(TODAY(),Q17,"M")<=11),"AMARILLO"))),S17)) -> VERDE | S17: =IF(Q17=0," ",IF(Q17<=$N$4,"VENCIDO","NO VENCIDO")) -> NO VENCIDO | Y17: =+AT17 -> 0 | AD17: =+AB17+AC17 -> 0 | AO17: =SUM(AD17:AN21) -> 0
R18: =IF(Q18=0," ",IFERROR(IF(DATEDIF(TODAY(),Q18,"M")<=5,"ROJO",IF(DATEDIF(TODAY(),Q18,"M")>=12,"VERDE",IF(AND(DATEDIF(TODAY(),Q18,"M")>=6,DATEDIF(TODAY(),Q18,"M")<=11),"AMARILLO"))),S18)) | S18: =IF(Q18=0," ",IF(Q18<=$N$4,"VENCIDO","NO VENCIDO"))
R19: =IF(Q19=0," ",IFERROR(IF(DATEDIF(TODAY(),Q19,"M")<=5,"ROJO",IF(DATEDIF(TODAY(),Q19,"M")>=12,"VERDE",IF(AND(DATEDIF(TODAY(),Q19,"M")>=6,DATEDIF(TODAY(),Q19,"M")<=11),"AMARILLO"))),S19)) | S19: =IF(Q19=0," ",IF(Q19<=$N$4,"VENCIDO","NO VENCIDO"))
R20: =IF(Q20=0," ",IFERROR(IF(DATEDIF(TODAY(),Q20,"M")<=5,"ROJO",IF(DATEDIF(TODAY(),Q20,"M")>=12,"VERDE",IF(AND(DATEDIF(TODAY(),Q20,"M")>=6,DATEDIF(TODAY(),Q20,"M")<=11),"AMARILLO"))),S20)) | S20: =IF(Q20=0," ",IF(Q20<=$N$4,"VENCIDO","NO VENCIDO"))
R21: =IF(Q21=0," ",IFERROR(IF(DATEDIF(TODAY(),Q21,"M")<=5,"ROJO",IF(DATEDIF(TODAY(),Q21,"M")>=12,"VERDE",IF(AND(DATEDIF(TODAY(),Q21,"M")>=6,DATEDIF(TODAY(),Q21,"M")<=11),"AMARILLO"))),S21)) | S21: =IF(Q21=0," ",IF(Q21<=$N$4,"VENCIDO","NO VENCIDO"))
M22: =M17=N22 -> TRUE | N22: =SUM(N17:N21) -> 15 | O22: “Verdadero” indica que la cantidad por lote, coincide con el saldo que inicia al mes siguiente. "Falso" no coinicide. | T22: =SUM(T17:T21) -> 0
